[2026-09-03 23:15:34] [INFO] [cnx200_dashboard:main.py:22] - No specific arguments provided. Initializing database and running tests...
[2026-09-03 23:15:34] [INFO] [cnx200_dashboard:init_db.py:13] - Checking/Creating MySQL Database 'cnx200_rsi_dashboard'...
[2026-09-03 23:15:38] [ERROR] [cnx200_dashboard:init_db.py:38] - Error during database initialization: (pymysql.err.OperationalError) (2003, "Can't connect to MySQL server on 'localhost' ([WinError 10061] No connection could be made because the target machine actively refused it)")
(Background on this error at: https://sqlalche.me/e/20/e3q8)
[2026-09-03 23:17:29] [INFO] [cnx200_dashboard:main.py:22] - No specific arguments provided. Initializing database and running tests...
[2026-09-03 23:17:29] [INFO] [cnx200_dashboard:init_db.py:13] - Checking/Creating MySQL Database 'cnx200_rsi_dashboard'...
[2026-09-03 23:17:33] [ERROR] [cnx200_dashboard:init_db.py:38] - Error during database initialization: (pymysql.err.OperationalError) (2003, "Can't connect to MySQL server on 'localhost' ([WinError 10061] No connection could be made because the target machine actively refused it)")
(Background on this error at: https://sqlalche.me/e/20/e3q8)
[2026-09-03 23:19:52] [INFO] [cnx200_dashboard:main.py:22] - No specific arguments provided. Initializing database and running tests...
[2026-09-03 23:19:52] [INFO] [cnx200_dashboard:init_db.py:13] - Checking/Creating MySQL Database 'cnx200_rsi_dashboard'...
[2026-09-03 23:23:41] [INFO] [cnx200_dashboard:main.py:22] - No specific arguments provided. Initializing database and running tests...
[2026-09-03 23:23:41] [INFO] [cnx200_dashboard:init_db.py:13] - Checking/Creating MySQL Database 'cnx200_rsi_dashboard'...
[2026-09-03 23:23:42] [INFO] [cnx200_dashboard:init_db.py:25] - Database 'cnx200_rsi_dashboard' ensured.
[2026-09-03 23:23:42] [INFO] [cnx200_dashboard:connection.py:34] - SQLAlchemy Database Engine initialized successfully.
[2026-09-03 23:23:42] [INFO] [cnx200_dashboard:init_db.py:31] - Creating tables, foreign keys, and indexes if they do not exist...
[2026-09-03 23:23:42] [INFO] [cnx200_dashboard:init_db.py:34] - All database tables initialized successfully.
[2026-09-03 23:23:42] [INFO] [cnx200_dashboard:init_db.py:13] - Checking/Creating MySQL Database 'cnx200_rsi_dashboard'...
[2026-09-03 23:23:42] [INFO] [cnx200_dashboard:init_db.py:25] - Database 'cnx200_rsi_dashboard' ensured.
[2026-09-03 23:23:42] [INFO] [cnx200_dashboard:init_db.py:31] - Creating tables, foreign keys, and indexes if they do not exist...
[2026-09-03 23:23:42] [INFO] [cnx200_dashboard:init_db.py:34] - All database tables initialized successfully.
[2026-09-03 23:23:42] [INFO] [cnx200_dashboard:connection.py:79] - Database connection test successful on target 'cnx200_rsi_dashboard'.
[2026-09-03 23:23:42] [INFO] [cnx200_dashboard:repositories.py:41] - Added stock 'RELIANCE' to stock_master (ID: 1).
[2026-09-03 23:23:42] [INFO] [cnx200_dashboard:repositories.py:41] - Added stock 'TCS' to stock_master (ID: 2).
[2026-09-03 23:23:42] [INFO] [cnx200_dashboard:repositories.py:162] - Bulk upserted 1 price records into daily_prices.
[2026-09-03 23:23:42] [INFO] [cnx200_dashboard:repositories.py:162] - Bulk upserted 1 price records into daily_prices.
[2026-09-03 23:23:56] [INFO] [cnx200_dashboard:main.py:22] - No specific arguments provided. Initializing database and running tests...
[2026-09-03 23:23:56] [INFO] [cnx200_dashboard:init_db.py:13] - Checking/Creating MySQL Database 'cnx200_rsi_dashboard'...
[2026-09-03 23:23:56] [INFO] [cnx200_dashboard:init_db.py:25] - Database 'cnx200_rsi_dashboard' ensured.
[2026-09-03 23:23:56] [INFO] [cnx200_dashboard:connection.py:34] - SQLAlchemy Database Engine initialized successfully.
[2026-09-03 23:23:56] [INFO] [cnx200_dashboard:init_db.py:31] - Creating tables, foreign keys, and indexes if they do not exist...
[2026-09-03 23:23:56] [INFO] [cnx200_dashboard:init_db.py:34] - All database tables initialized successfully.
[2026-09-03 23:23:56] [INFO] [cnx200_dashboard:init_db.py:13] - Checking/Creating MySQL Database 'cnx200_rsi_dashboard'...
[2026-09-03 23:23:56] [INFO] [cnx200_dashboard:init_db.py:25] - Database 'cnx200_rsi_dashboard' ensured.
[2026-09-03 23:23:56] [INFO] [cnx200_dashboard:init_db.py:31] - Creating tables, foreign keys, and indexes if they do not exist...
[2026-09-03 23:23:56] [INFO] [cnx200_dashboard:init_db.py:34] - All database tables initialized successfully.
[2026-09-03 23:23:56] [INFO] [cnx200_dashboard:connection.py:79] - Database connection test successful on target 'cnx200_rsi_dashboard'.
[2026-09-03 23:23:56] [INFO] [cnx200_dashboard:repositories.py:41] - Added stock 'RELIANCE' to stock_master (ID: 3).
[2026-09-03 23:23:56] [INFO] [cnx200_dashboard:repositories.py:41] - Added stock 'TCS' to stock_master (ID: 4).
[2026-09-03 23:23:56] [INFO] [cnx200_dashboard:repositories.py:162] - Bulk upserted 1 price records into daily_prices.
[2026-09-03 23:23:56] [INFO] [cnx200_dashboard:repositories.py:162] - Bulk upserted 1 price records into daily_prices.
[2026-09-03 23:25:12] [INFO] [cnx200_dashboard:main.py:22] - No specific arguments provided. Initializing database and running tests...
[2026-09-03 23:25:12] [INFO] [cnx200_dashboard:init_db.py:13] - Checking/Creating MySQL Database 'cnx200_rsi_dashboard'...
[2026-09-03 23:25:13] [INFO] [cnx200_dashboard:init_db.py:25] - Database 'cnx200_rsi_dashboard' ensured.
[2026-09-03 23:25:13] [INFO] [cnx200_dashboard:connection.py:34] - SQLAlchemy Database Engine initialized successfully.
[2026-09-03 23:25:13] [INFO] [cnx200_dashboard:init_db.py:31] - Creating tables, foreign keys, and indexes if they do not exist...
[2026-09-03 23:25:13] [INFO] [cnx200_dashboard:init_db.py:34] - All database tables initialized successfully.
[2026-09-03 23:25:13] [INFO] [cnx200_dashboard:init_db.py:13] - Checking/Creating MySQL Database 'cnx200_rsi_dashboard'...
[2026-09-03 23:25:13] [INFO] [cnx200_dashboard:init_db.py:25] - Database 'cnx200_rsi_dashboard' ensured.
[2026-09-03 23:25:13] [INFO] [cnx200_dashboard:init_db.py:31] - Creating tables, foreign keys, and indexes if they do not exist...
[2026-09-03 23:25:13] [INFO] [cnx200_dashboard:init_db.py:34] - All database tables initialized successfully.
[2026-09-03 23:25:13] [INFO] [cnx200_dashboard:connection.py:79] - Database connection test successful on target 'cnx200_rsi_dashboard'.
[2026-09-03 23:25:13] [INFO] [cnx200_dashboard:repositories.py:41] - Added stock 'RELIANCE' to stock_master (ID: 5).
[2026-09-03 23:25:13] [INFO] [cnx200_dashboard:repositories.py:41] - Added stock 'TCS' to stock_master (ID: 6).
[2026-09-03 23:25:13] [INFO] [cnx200_dashboard:repositories.py:162] - Bulk upserted 1 price records into daily_prices.
[2026-09-03 23:25:13] [INFO] [cnx200_dashboard:repositories.py:162] - Bulk upserted 1 price records into daily_prices.
[2026-09-03 23:27:47] [INFO] [cnx200_dashboard:main.py:22] - No specific arguments provided. Initializing database and running tests...
[2026-09-03 23:27:47] [INFO] [cnx200_dashboard:init_db.py:13] - Checking/Creating MySQL Database 'cnx200_rsi_dashboard'...
[2026-09-03 23:27:47] [INFO] [cnx200_dashboard:init_db.py:25] - Database 'cnx200_rsi_dashboard' ensured.
[2026-09-03 23:27:47] [INFO] [cnx200_dashboard:connection.py:34] - SQLAlchemy Database Engine initialized successfully.
[2026-09-03 23:27:47] [INFO] [cnx200_dashboard:init_db.py:31] - Creating tables, foreign keys, and indexes if they do not exist...
[2026-09-03 23:27:47] [INFO] [cnx200_dashboard:init_db.py:34] - All database tables initialized successfully.
[2026-09-03 23:27:47] [INFO] [cnx200_dashboard:init_db.py:13] - Checking/Creating MySQL Database 'cnx200_rsi_dashboard'...
[2026-09-03 23:27:47] [INFO] [cnx200_dashboard:init_db.py:25] - Database 'cnx200_rsi_dashboard' ensured.
[2026-09-03 23:27:47] [INFO] [cnx200_dashboard:init_db.py:31] - Creating tables, foreign keys, and indexes if they do not exist...
[2026-09-03 23:27:47] [INFO] [cnx200_dashboard:init_db.py:34] - All database tables initialized successfully.
[2026-09-03 23:27:47] [INFO] [cnx200_dashboard:connection.py:79] - Database connection test successful on target 'cnx200_rsi_dashboard'.
[2026-09-03 23:29:03] [INFO] [cnx200_dashboard:main.py:22] - No specific arguments provided. Initializing database and running tests...
[2026-09-03 23:29:03] [INFO] [cnx200_dashboard:init_db.py:13] - Checking/Creating MySQL Database 'cnx200_rsi_dashboard'...
[2026-09-03 23:29:03] [INFO] [cnx200_dashboard:init_db.py:25] - Database 'cnx200_rsi_dashboard' ensured.
[2026-09-03 23:29:03] [INFO] [cnx200_dashboard:connection.py:34] - SQLAlchemy Database Engine initialized successfully.
[2026-09-03 23:29:03] [INFO] [cnx200_dashboard:init_db.py:31] - Creating tables, foreign keys, and indexes if they do not exist...
[2026-09-03 23:29:04] [INFO] [cnx200_dashboard:init_db.py:34] - All database tables initialized successfully.
[2026-09-03 23:29:04] [INFO] [cnx200_dashboard:init_db.py:13] - Checking/Creating MySQL Database 'cnx200_rsi_dashboard'...
[2026-09-03 23:29:04] [INFO] [cnx200_dashboard:init_db.py:25] - Database 'cnx200_rsi_dashboard' ensured.
[2026-09-03 23:29:04] [INFO] [cnx200_dashboard:init_db.py:31] - Creating tables, foreign keys, and indexes if they do not exist...
[2026-09-03 23:29:04] [INFO] [cnx200_dashboard:init_db.py:34] - All database tables initialized successfully.
[2026-09-03 23:29:04] [INFO] [cnx200_dashboard:connection.py:79] - Database connection test successful on target 'cnx200_rsi_dashboard'.
[2026-09-03 23:29:04] [INFO] [cnx200_dashboard:repositories.py:41] - Added stock 'RELIANCE' to stock_master (ID: 7).
[2026-09-03 23:29:04] [INFO] [cnx200_dashboard:repositories.py:41] - Added stock 'TCS' to stock_master (ID: 8).
[2026-09-03 23:29:04] [INFO] [cnx200_dashboard:repositories.py:164] - Bulk upserted 1 price records into daily_prices.
[2026-09-03 23:29:04] [INFO] [cnx200_dashboard:repositories.py:164] - Bulk upserted 1 price records into daily_prices.
[2026-09-03 23:29:04] [INFO] [cnx200_dashboard:repositories.py:247] - Created JobRun 'Daily Market Update' (ID: 1).
[2026-09-03 23:29:04] [WARNING] [cnx200_dashboard:repositories.py:317] - Logged JobError for JobRun ID 1 (Type: API_TIMEOUT).
[2026-09-03 23:29:04] [INFO] [cnx200_dashboard:repositories.py:291] - Completed JobRun ID 1 with status 'PARTIAL_SUCCESS'.
[2026-09-03 23:29:42] [INFO] [cnx200_dashboard:main.py:22] - No specific arguments provided. Initializing database and running tests...
[2026-09-03 23:29:42] [INFO] [cnx200_dashboard:init_db.py:13] - Checking/Creating MySQL Database 'cnx200_rsi_dashboard'...
[2026-09-03 23:29:43] [INFO] [cnx200_dashboard:init_db.py:25] - Database 'cnx200_rsi_dashboard' ensured.
[2026-09-03 23:29:43] [INFO] [cnx200_dashboard:connection.py:34] - SQLAlchemy Database Engine initialized successfully.
[2026-09-03 23:29:43] [INFO] [cnx200_dashboard:init_db.py:31] - Creating tables, foreign keys, and indexes if they do not exist...
[2026-09-03 23:29:43] [INFO] [cnx200_dashboard:init_db.py:34] - All database tables initialized successfully.
[2026-09-03 23:29:43] [INFO] [cnx200_dashboard:init_db.py:13] - Checking/Creating MySQL Database 'cnx200_rsi_dashboard'...
[2026-09-03 23:29:43] [INFO] [cnx200_dashboard:init_db.py:25] - Database 'cnx200_rsi_dashboard' ensured.
[2026-09-03 23:29:43] [INFO] [cnx200_dashboard:init_db.py:31] - Creating tables, foreign keys, and indexes if they do not exist...
[2026-09-03 23:29:43] [INFO] [cnx200_dashboard:init_db.py:34] - All database tables initialized successfully.
[2026-09-03 23:29:43] [INFO] [cnx200_dashboard:connection.py:79] - Database connection test successful on target 'cnx200_rsi_dashboard'.
[2026-09-03 23:29:43] [INFO] [cnx200_dashboard:repositories.py:28] - Stock 'RELIANCE' already exists in stock_master (ID: 7).
[2026-09-03 23:29:43] [INFO] [cnx200_dashboard:repositories.py:28] - Stock 'TCS' already exists in stock_master (ID: 8).
[2026-09-03 23:29:43] [INFO] [cnx200_dashboard:repositories.py:164] - Bulk upserted 1 price records into daily_prices.
[2026-09-03 23:29:43] [INFO] [cnx200_dashboard:repositories.py:164] - Bulk upserted 1 price records into daily_prices.
[2026-09-03 23:29:43] [INFO] [cnx200_dashboard:repositories.py:247] - Created JobRun 'Daily Market Update' (ID: 2).
[2026-09-03 23:29:43] [WARNING] [cnx200_dashboard:repositories.py:317] - Logged JobError for JobRun ID 2 (Type: API_TIMEOUT).
[2026-09-03 23:29:43] [INFO] [cnx200_dashboard:repositories.py:291] - Completed JobRun ID 2 with status 'PARTIAL_SUCCESS'.
[2026-09-03 23:42:21] [INFO] [cnx200_dashboard:nse_client.py:28] - Fetching official NIFTY 200 constituents from https://nsearchives.nseindia.com/content/indices/ind_nifty200list.csv...
[2026-09-03 23:42:29] [INFO] [cnx200_dashboard:nse_client.py:36] - Successfully retrieved 200 NIFTY 200 constituents.
[2026-09-03 23:42:29] [INFO] [cnx200_dashboard:nse_client.py:59] - Fetching historical market data for RELIANCE from 01-08-2026 to 15-08-2026...
[2026-09-03 23:42:30] [INFO] [cnx200_dashboard:nse_client.py:69] - Retrieved 10 price records for RELIANCE.
[2026-09-03 23:42:30] [INFO] [cnx200_dashboard:nse_client.py:83] - Fetching NSE Bhavcopy for date 01-09-2026...
[2026-09-03 23:42:31] [INFO] [cnx200_dashboard:nse_client.py:90] - Retrieved Bhavcopy with 3656 total market rows for date 01-09-2026.
[2026-09-03 23:43:15] [INFO] [cnx200_dashboard:init_db.py:13] - Checking/Creating MySQL Database 'cnx200_rsi_dashboard'...
[2026-09-03 23:43:15] [INFO] [cnx200_dashboard:init_db.py:25] - Database 'cnx200_rsi_dashboard' ensured.
[2026-09-03 23:43:15] [INFO] [cnx200_dashboard:connection.py:34] - SQLAlchemy Database Engine initialized successfully.
[2026-09-03 23:43:15] [INFO] [cnx200_dashboard:init_db.py:31] - Creating tables, foreign keys, and indexes if they do not exist...
[2026-09-03 23:43:15] [INFO] [cnx200_dashboard:init_db.py:34] - All database tables initialized successfully.
[2026-09-03 23:43:15] [INFO] [cnx200_dashboard:stock_universe_service.py:23] - Starting NIFTY 200 Stock Universe Synchronization...
[2026-09-03 23:43:15] [INFO] [cnx200_dashboard:nse_client.py:28] - Fetching official NIFTY 200 constituents from https://nsearchives.nseindia.com/content/indices/ind_nifty200list.csv...
[2026-09-03 23:43:16] [INFO] [cnx200_dashboard:nse_client.py:36] - Successfully retrieved 200 NIFTY 200 constituents.
[2026-09-03 23:43:16] [INFO] [cnx200_dashboard:stock_universe_service.py:81] - Added new stock '360ONE' to stock_master.
[2026-09-03 23:43:16] [INFO] [cnx200_dashboard:stock_universe_service.py:81] - Added new stock 'ABB' to stock_master.
[2026-09-03 23:43:16] [INFO] [cnx200_dashboard:stock_universe_service.py:81] - Added new stock 'APLAPOLLO' to stock_master.
[2026-09-03 23:43:16] [INFO] [cnx200_dashboard:stock_universe_service.py:81] - Added new stock 'AUBANK' to stock_master.
[2026-09-03 23:43:16] [INFO] [cnx200_dashboard:stock_universe_service.py:81] - Added new stock 'ADANIENSOL' to stock_master.
[2026-09-03 23:43:16] [INFO] [cnx200_dashboard:stock_universe_service.py:81] - Added new stock 'ADANIENT' to stock_master.
[2026-09-03 23:43:16] [INFO] [cnx200_dashboard:stock_universe_service.py:81] - Added new stock 'ADANIGREEN' to stock_master.
[2026-09-03 23:43:16] [INFO] [cnx200_dashboard:stock_universe_service.py:81] - Added new stock 'ADANIPORTS' to stock_master.
[2026-09-03 23:43:16] [INFO] [cnx200_dashboard:stock_universe_service.py:81] - Added new stock 'ADANIPOWER' to stock_master.
[2026-09-03 23:43:16] [INFO] [cnx200_dashboard:stock_universe_service.py:81] - Added new stock 'ATGL' to stock_master.
[2026-09-03 23:43:16] [INFO] [cnx200_dashboard:stock_universe_service.py:81] - Added new stock 'ABCAPITAL' to stock_master.
[2026-09-03 23:43:16] [INFO] [cnx200_dashboard:stock_universe_service.py:81] - Added new stock 'ALKEM' to stock_master.
[2026-09-03 23:43:16] [INFO] [cnx200_dashboard:stock_universe_service.py:81] - Added new stock 'AMBUJACEM' to stock_master.
[2026-09-03 23:43:16] [INFO] [cnx200_dashboard:stock_universe_service.py:81] - Added new stock 'APOLLOHOSP' to stock_master.
[2026-09-03 23:43:16] [INFO] [cnx200_dashboard:stock_universe_service.py:81] - Added new stock 'ASHOKLEY' to stock_master.
[2026-09-03 23:43:16] [INFO] [cnx200_dashboard:stock_universe_service.py:81] - Added new stock 'ASIANPAINT' to stock_master.
[2026-09-03 23:43:16] [INFO] [cnx200_dashboard:stock_universe_service.py:81] - Added new stock 'ASTRAL' to stock_master.
[2026-09-03 23:43:16] [INFO] [cnx200_dashboard:stock_universe_service.py:81] - Added new stock 'AUROPHARMA' to stock_master.
[2026-09-03 23:43:16] [INFO] [cnx200_dashboard:stock_universe_service.py:81] - Added new stock 'DMART' to stock_master.
[2026-09-03 23:43:16] [INFO] [cnx200_dashboard:stock_universe_service.py:81] - Added new stock 'AXISBANK' to stock_master.
[2026-09-03 23:43:16] [INFO] [cnx200_dashboard:stock_universe_service.py:81] - Added new stock 'BSE' to stock_master.
[2026-09-03 23:43:16] [INFO] [cnx200_dashboard:stock_universe_service.py:81] - Added new stock 'BAJAJ-AUTO' to stock_master.
[2026-09-03 23:43:16] [INFO] [cnx200_dashboard:stock_universe_service.py:81] - Added new stock 'BAJFINANCE' to stock_master.
[2026-09-03 23:43:16] [INFO] [cnx200_dashboard:stock_universe_service.py:81] - Added new stock 'BAJAJFINSV' to stock_master.
[2026-09-03 23:43:16] [INFO] [cnx200_dashboard:stock_universe_service.py:81] - Added new stock 'BAJAJHLDNG' to stock_master.
[2026-09-03 23:43:16] [INFO] [cnx200_dashboard:stock_universe_service.py:81] - Added new stock 'BANKBARODA' to stock_master.
[2026-09-03 23:43:16] [INFO] [cnx200_dashboard:stock_universe_service.py:81] - Added new stock 'BANKINDIA' to stock_master.
[2026-09-03 23:43:16] [INFO] [cnx200_dashboard:stock_universe_service.py:81] - Added new stock 'BDL' to stock_master.
[2026-09-03 23:43:16] [INFO] [cnx200_dashboard:stock_universe_service.py:81] - Added new stock 'BEL' to stock_master.
[2026-09-03 23:43:16] [INFO] [cnx200_dashboard:stock_universe_service.py:81] - Added new stock 'BHARATFORG' to stock_master.
[2026-09-03 23:43:16] [INFO] [cnx200_dashboard:stock_universe_service.py:81] - Added new stock 'BHEL' to stock_master.
[2026-09-03 23:43:16] [INFO] [cnx200_dashboard:stock_universe_service.py:81] - Added new stock 'BPCL' to stock_master.
[2026-09-03 23:43:16] [INFO] [cnx200_dashboard:stock_universe_service.py:81] - Added new stock 'BHARTIARTL' to stock_master.
[2026-09-03 23:43:16] [INFO] [cnx200_dashboard:stock_universe_service.py:81] - Added new stock 'GROWW' to stock_master.
[2026-09-03 23:43:16] [INFO] [cnx200_dashboard:stock_universe_service.py:81] - Added new stock 'BIOCON' to stock_master.
[2026-09-03 23:43:16] [INFO] [cnx200_dashboard:stock_universe_service.py:81] - Added new stock 'BLUESTARCO' to stock_master.
[2026-09-03 23:43:16] [INFO] [cnx200_dashboard:stock_universe_service.py:81] - Added new stock 'BOSCHLTD' to stock_master.
[2026-09-03 23:43:16] [INFO] [cnx200_dashboard:stock_universe_service.py:81] - Added new stock 'BRITANNIA' to stock_master.
[2026-09-03 23:43:16] [INFO] [cnx200_dashboard:stock_universe_service.py:81] - Added new stock 'CGPOWER' to stock_master.
[2026-09-03 23:43:16] [INFO] [cnx200_dashboard:stock_universe_service.py:81] - Added new stock 'CANBK' to stock_master.
[2026-09-03 23:43:16] [INFO] [cnx200_dashboard:stock_universe_service.py:81] - Added new stock 'CHOLAFIN' to stock_master.
[2026-09-03 23:43:16] [INFO] [cnx200_dashboard:stock_universe_service.py:81] - Added new stock 'CIPLA' to stock_master.
[2026-09-03 23:43:16] [INFO] [cnx200_dashboard:stock_universe_service.py:81] - Added new stock 'COALINDIA' to stock_master.
[2026-09-03 23:43:16] [INFO] [cnx200_dashboard:stock_universe_service.py:81] - Added new stock 'COCHINSHIP' to stock_master.
[2026-09-03 23:43:16] [INFO] [cnx200_dashboard:stock_universe_service.py:81] - Added new stock 'COFORGE' to stock_master.
[2026-09-03 23:43:16] [INFO] [cnx200_dashboard:stock_universe_service.py:81] - Added new stock 'COLPAL' to stock_master.
[2026-09-03 23:43:16] [INFO] [cnx200_dashboard:stock_universe_service.py:81] - Added new stock 'CONCOR' to stock_master.
[2026-09-03 23:43:16] [INFO] [cnx200_dashboard:stock_universe_service.py:81] - Added new stock 'COROMANDEL' to stock_master.
[2026-09-03 23:43:16] [INFO] [cnx200_dashboard:stock_universe_service.py:81] - Added new stock 'CUMMINSIND' to stock_master.
[2026-09-03 23:43:16] [INFO] [cnx200_dashboard:stock_universe_service.py:81] - Added new stock 'DLF' to stock_master.
[2026-09-03 23:43:16] [INFO] [cnx200_dashboard:stock_universe_service.py:81] - Added new stock 'DABUR' to stock_master.
[2026-09-03 23:43:16] [INFO] [cnx200_dashboard:stock_universe_service.py:81] - Added new stock 'DIVISLAB' to stock_master.
[2026-09-03 23:43:16] [INFO] [cnx200_dashboard:stock_universe_service.py:81] - Added new stock 'DIXON' to stock_master.
[2026-09-03 23:43:16] [INFO] [cnx200_dashboard:stock_universe_service.py:81] - Added new stock 'DRREDDY' to stock_master.
[2026-09-03 23:43:16] [INFO] [cnx200_dashboard:stock_universe_service.py:81] - Added new stock 'EICHERMOT' to stock_master.
[2026-09-03 23:43:16] [INFO] [cnx200_dashboard:stock_universe_service.py:81] - Added new stock 'ETERNAL' to stock_master.
[2026-09-03 23:43:16] [INFO] [cnx200_dashboard:stock_universe_service.py:81] - Added new stock 'EXIDEIND' to stock_master.
[2026-09-03 23:43:16] [INFO] [cnx200_dashboard:stock_universe_service.py:81] - Added new stock 'NYKAA' to stock_master.
[2026-09-03 23:43:16] [INFO] [cnx200_dashboard:stock_universe_service.py:81] - Added new stock 'FEDERALBNK' to stock_master.
[2026-09-03 23:43:16] [INFO] [cnx200_dashboard:stock_universe_service.py:81] - Added new stock 'FORTIS' to stock_master.
[2026-09-03 23:43:16] [INFO] [cnx200_dashboard:stock_universe_service.py:81] - Added new stock 'GAIL' to stock_master.
[2026-09-03 23:43:16] [INFO] [cnx200_dashboard:stock_universe_service.py:81] - Added new stock 'GVT&D' to stock_master.
[2026-09-03 23:43:16] [INFO] [cnx200_dashboard:stock_universe_service.py:81] - Added new stock 'GMRAIRPORT' to stock_master.
[2026-09-03 23:43:16] [INFO] [cnx200_dashboard:stock_universe_service.py:81] - Added new stock 'GLENMARK' to stock_master.
[2026-09-03 23:43:16] [INFO] [cnx200_dashboard:stock_universe_service.py:81] - Added new stock 'GODFRYPHLP' to stock_master.
[2026-09-03 23:43:16] [INFO] [cnx200_dashboard:stock_universe_service.py:81] - Added new stock 'GODREJCP' to stock_master.
[2026-09-03 23:43:16] [INFO] [cnx200_dashboard:stock_universe_service.py:81] - Added new stock 'GODREJPROP' to stock_master.
[2026-09-03 23:43:16] [INFO] [cnx200_dashboard:stock_universe_service.py:81] - Added new stock 'GRASIM' to stock_master.
[2026-09-03 23:43:16] [INFO] [cnx200_dashboard:stock_universe_service.py:81] - Added new stock 'HCLTECH' to stock_master.
[2026-09-03 23:43:16] [INFO] [cnx200_dashboard:stock_universe_service.py:81] - Added new stock 'HDFCAMC' to stock_master.
[2026-09-03 23:43:16] [INFO] [cnx200_dashboard:stock_universe_service.py:81] - Added new stock 'HDFCBANK' to stock_master.
[2026-09-03 23:43:16] [INFO] [cnx200_dashboard:stock_universe_service.py:81] - Added new stock 'HDFCLIFE' to stock_master.
[2026-09-03 23:43:16] [INFO] [cnx200_dashboard:stock_universe_service.py:81] - Added new stock 'HAVELLS' to stock_master.
[2026-09-03 23:43:16] [INFO] [cnx200_dashboard:stock_universe_service.py:81] - Added new stock 'HEROMOTOCO' to stock_master.
[2026-09-03 23:43:16] [INFO] [cnx200_dashboard:stock_universe_service.py:81] - Added new stock 'HINDALCO' to stock_master.
[2026-09-03 23:43:16] [INFO] [cnx200_dashboard:stock_universe_service.py:81] - Added new stock 'HAL' to stock_master.
[2026-09-03 23:43:16] [INFO] [cnx200_dashboard:stock_universe_service.py:81] - Added new stock 'HINDPETRO' to stock_master.
[2026-09-03 23:43:16] [INFO] [cnx200_dashboard:stock_universe_service.py:81] - Added new stock 'HINDUNILVR' to stock_master.
[2026-09-03 23:43:16] [INFO] [cnx200_dashboard:stock_universe_service.py:81] - Added new stock 'HINDZINC' to stock_master.
[2026-09-03 23:43:16] [INFO] [cnx200_dashboard:stock_universe_service.py:81] - Added new stock 'POWERINDIA' to stock_master.
[2026-09-03 23:43:16] [INFO] [cnx200_dashboard:stock_universe_service.py:81] - Added new stock 'HUDCO' to stock_master.
[2026-09-03 23:43:16] [INFO] [cnx200_dashboard:stock_universe_service.py:81] - Added new stock 'HYUNDAI' to stock_master.
[2026-09-03 23:43:16] [INFO] [cnx200_dashboard:stock_universe_service.py:81] - Added new stock 'ICICIBANK' to stock_master.
[2026-09-03 23:43:16] [INFO] [cnx200_dashboard:stock_universe_service.py:81] - Added new stock 'ICICIGI' to stock_master.
[2026-09-03 23:43:16] [INFO] [cnx200_dashboard:stock_universe_service.py:81] - Added new stock 'ICICIAMC' to stock_master.
[2026-09-03 23:43:16] [INFO] [cnx200_dashboard:stock_universe_service.py:81] - Added new stock 'IDFCFIRSTB' to stock_master.
[2026-09-03 23:43:16] [INFO] [cnx200_dashboard:stock_universe_service.py:81] - Added new stock 'ITC' to stock_master.
[2026-09-03 23:43:16] [INFO] [cnx200_dashboard:stock_universe_service.py:81] - Added new stock 'INDIANB' to stock_master.
[2026-09-03 23:43:16] [INFO] [cnx200_dashboard:stock_universe_service.py:81] - Added new stock 'INDHOTEL' to stock_master.
[2026-09-03 23:43:16] [INFO] [cnx200_dashboard:stock_universe_service.py:81] - Added new stock 'IOC' to stock_master.
[2026-09-03 23:43:16] [INFO] [cnx200_dashboard:stock_universe_service.py:81] - Added new stock 'IRCTC' to stock_master.
[2026-09-03 23:43:16] [INFO] [cnx200_dashboard:stock_universe_service.py:81] - Added new stock 'IRFC' to stock_master.
[2026-09-03 23:43:16] [INFO] [cnx200_dashboard:stock_universe_service.py:81] - Added new stock 'IREDA' to stock_master.
[2026-09-03 23:43:16] [INFO] [cnx200_dashboard:stock_universe_service.py:81] - Added new stock 'INDUSTOWER' to stock_master.
[2026-09-03 23:43:16] [INFO] [cnx200_dashboard:stock_universe_service.py:81] - Added new stock 'INDUSINDBK' to stock_master.
[2026-09-03 23:43:16] [INFO] [cnx200_dashboard:stock_universe_service.py:81] - Added new stock 'NAUKRI' to stock_master.
[2026-09-03 23:43:16] [INFO] [cnx200_dashboard:stock_universe_service.py:81] - Added new stock 'INFY' to stock_master.
[2026-09-03 23:43:16] [INFO] [cnx200_dashboard:stock_universe_service.py:81] - Added new stock 'INDIGO' to stock_master.
[2026-09-03 23:43:16] [INFO] [cnx200_dashboard:stock_universe_service.py:81] - Added new stock 'JSWENERGY' to stock_master.
[2026-09-03 23:43:16] [INFO] [cnx200_dashboard:stock_universe_service.py:81] - Added new stock 'JSWSTEEL' to stock_master.
[2026-09-03 23:43:16] [INFO] [cnx200_dashboard:stock_universe_service.py:81] - Added new stock 'JINDALSTEL' to stock_master.
[2026-09-03 23:43:16] [INFO] [cnx200_dashboard:stock_universe_service.py:81] - Added new stock 'JIOFIN' to stock_master.
[2026-09-03 23:43:16] [INFO] [cnx200_dashboard:stock_universe_service.py:81] - Added new stock 'JUBLFOOD' to stock_master.
[2026-09-03 23:43:16] [INFO] [cnx200_dashboard:stock_universe_service.py:81] - Added new stock 'KEI' to stock_master.
[2026-09-03 23:43:16] [INFO] [cnx200_dashboard:stock_universe_service.py:81] - Added new stock 'KPITTECH' to stock_master.
[2026-09-03 23:43:16] [INFO] [cnx200_dashboard:stock_universe_service.py:81] - Added new stock 'KALYANKJIL' to stock_master.
[2026-09-03 23:43:16] [INFO] [cnx200_dashboard:stock_universe_service.py:81] - Added new stock 'KOTAKBANK' to stock_master.
[2026-09-03 23:43:16] [INFO] [cnx200_dashboard:stock_universe_service.py:81] - Added new stock 'LTF' to stock_master.
[2026-09-03 23:43:16] [INFO] [cnx200_dashboard:stock_universe_service.py:81] - Added new stock 'LGEINDIA' to stock_master.
[2026-09-03 23:43:16] [INFO] [cnx200_dashboard:stock_universe_service.py:81] - Added new stock 'LICHSGFIN' to stock_master.
[2026-09-03 23:43:16] [INFO] [cnx200_dashboard:stock_universe_service.py:81] - Added new stock 'LTM' to stock_master.
[2026-09-03 23:43:16] [INFO] [cnx200_dashboard:stock_universe_service.py:81] - Added new stock 'LT' to stock_master.
[2026-09-03 23:43:16] [INFO] [cnx200_dashboard:stock_universe_service.py:81] - Added new stock 'LAURUSLABS' to stock_master.
[2026-09-03 23:43:16] [INFO] [cnx200_dashboard:stock_universe_service.py:81] - Added new stock 'LENSKART' to stock_master.
[2026-09-03 23:43:16] [INFO] [cnx200_dashboard:stock_universe_service.py:81] - Added new stock 'LODHA' to stock_master.
[2026-09-03 23:43:16] [INFO] [cnx200_dashboard:stock_universe_service.py:81] - Added new stock 'LUPIN' to stock_master.
[2026-09-03 23:43:16] [INFO] [cnx200_dashboard:stock_universe_service.py:81] - Added new stock 'MRF' to stock_master.
[2026-09-03 23:43:16] [INFO] [cnx200_dashboard:stock_universe_service.py:81] - Added new stock 'M&MFIN' to stock_master.
[2026-09-03 23:43:16] [INFO] [cnx200_dashboard:stock_universe_service.py:81] - Added new stock 'M&M' to stock_master.
[2026-09-03 23:43:16] [INFO] [cnx200_dashboard:stock_universe_service.py:81] - Added new stock 'MANKIND' to stock_master.
[2026-09-03 23:43:16] [INFO] [cnx200_dashboard:stock_universe_service.py:81] - Added new stock 'MARICO' to stock_master.
[2026-09-03 23:43:16] [INFO] [cnx200_dashboard:stock_universe_service.py:81] - Added new stock 'MARUTI' to stock_master.
[2026-09-03 23:43:16] [INFO] [cnx200_dashboard:stock_universe_service.py:81] - Added new stock 'MFSL' to stock_master.
[2026-09-03 23:43:16] [INFO] [cnx200_dashboard:stock_universe_service.py:81] - Added new stock 'MAXHEALTH' to stock_master.
[2026-09-03 23:43:16] [INFO] [cnx200_dashboard:stock_universe_service.py:81] - Added new stock 'MAZDOCK' to stock_master.
[2026-09-03 23:43:16] [INFO] [cnx200_dashboard:stock_universe_service.py:81] - Added new stock 'MOTILALOFS' to stock_master.
[2026-09-03 23:43:16] [INFO] [cnx200_dashboard:stock_universe_service.py:81] - Added new stock 'MPHASIS' to stock_master.
[2026-09-03 23:43:16] [INFO] [cnx200_dashboard:stock_universe_service.py:81] - Added new stock 'MCX' to stock_master.
[2026-09-03 23:43:16] [INFO] [cnx200_dashboard:stock_universe_service.py:81] - Added new stock 'MUTHOOTFIN' to stock_master.
[2026-09-03 23:43:16] [INFO] [cnx200_dashboard:stock_universe_service.py:81] - Added new stock 'NHPC' to stock_master.
[2026-09-03 23:43:16] [INFO] [cnx200_dashboard:stock_universe_service.py:81] - Added new stock 'NMDC' to stock_master.
[2026-09-03 23:43:16] [INFO] [cnx200_dashboard:stock_universe_service.py:81] - Added new stock 'NTPC' to stock_master.
[2026-09-03 23:43:16] [INFO] [cnx200_dashboard:stock_universe_service.py:81] - Added new stock 'NATIONALUM' to stock_master.
[2026-09-03 23:43:16] [INFO] [cnx200_dashboard:stock_universe_service.py:81] - Added new stock 'NESTLEIND' to stock_master.
[2026-09-03 23:43:16] [INFO] [cnx200_dashboard:stock_universe_service.py:81] - Added new stock 'OBEROIRLTY' to stock_master.
[2026-09-03 23:43:16] [INFO] [cnx200_dashboard:stock_universe_service.py:81] - Added new stock 'ONGC' to stock_master.
[2026-09-03 23:43:16] [INFO] [cnx200_dashboard:stock_universe_service.py:81] - Added new stock 'OIL' to stock_master.
[2026-09-03 23:43:16] [INFO] [cnx200_dashboard:stock_universe_service.py:81] - Added new stock 'PAYTM' to stock_master.
[2026-09-03 23:43:16] [INFO] [cnx200_dashboard:stock_universe_service.py:81] - Added new stock 'OFSS' to stock_master.
[2026-09-03 23:43:16] [INFO] [cnx200_dashboard:stock_universe_service.py:81] - Added new stock 'POLICYBZR' to stock_master.
[2026-09-03 23:43:16] [INFO] [cnx200_dashboard:stock_universe_service.py:81] - Added new stock 'PIIND' to stock_master.
[2026-09-03 23:43:16] [INFO] [cnx200_dashboard:stock_universe_service.py:81] - Added new stock 'PAGEIND' to stock_master.
[2026-09-03 23:43:16] [INFO] [cnx200_dashboard:stock_universe_service.py:81] - Added new stock 'PATANJALI' to stock_master.
[2026-09-03 23:43:16] [INFO] [cnx200_dashboard:stock_universe_service.py:81] - Added new stock 'PERSISTENT' to stock_master.
[2026-09-03 23:43:16] [INFO] [cnx200_dashboard:stock_universe_service.py:81] - Added new stock 'PHOENIXLTD' to stock_master.
[2026-09-03 23:43:16] [INFO] [cnx200_dashboard:stock_universe_service.py:81] - Added new stock 'PIDILITIND' to stock_master.
[2026-09-03 23:43:16] [INFO] [cnx200_dashboard:stock_universe_service.py:81] - Added new stock 'POLYCAB' to stock_master.
[2026-09-03 23:43:16] [INFO] [cnx200_dashboard:stock_universe_service.py:81] - Added new stock 'PFC' to stock_master.
[2026-09-03 23:43:16] [INFO] [cnx200_dashboard:stock_universe_service.py:81] - Added new stock 'POWERGRID' to stock_master.
[2026-09-03 23:43:16] [INFO] [cnx200_dashboard:stock_universe_service.py:81] - Added new stock 'PREMIERENE' to stock_master.
[2026-09-03 23:43:16] [INFO] [cnx200_dashboard:stock_universe_service.py:81] - Added new stock 'PRESTIGE' to stock_master.
[2026-09-03 23:43:16] [INFO] [cnx200_dashboard:stock_universe_service.py:81] - Added new stock 'PNB' to stock_master.
[2026-09-03 23:43:16] [INFO] [cnx200_dashboard:stock_universe_service.py:81] - Added new stock 'RECLTD' to stock_master.
[2026-09-03 23:43:16] [INFO] [cnx200_dashboard:stock_universe_service.py:81] - Added new stock 'RADICO' to stock_master.
[2026-09-03 23:43:16] [INFO] [cnx200_dashboard:stock_universe_service.py:81] - Added new stock 'RVNL' to stock_master.
[2026-09-03 23:43:16] [INFO] [cnx200_dashboard:stock_universe_service.py:81] - Added new stock 'SBICARD' to stock_master.
[2026-09-03 23:43:16] [INFO] [cnx200_dashboard:stock_universe_service.py:81] - Added new stock 'SBILIFE' to stock_master.
[2026-09-03 23:43:16] [INFO] [cnx200_dashboard:stock_universe_service.py:81] - Added new stock 'SRF' to stock_master.
[2026-09-03 23:43:16] [INFO] [cnx200_dashboard:stock_universe_service.py:81] - Added new stock 'MOTHERSON' to stock_master.
[2026-09-03 23:43:16] [INFO] [cnx200_dashboard:stock_universe_service.py:81] - Added new stock 'SHREECEM' to stock_master.
[2026-09-03 23:43:16] [INFO] [cnx200_dashboard:stock_universe_service.py:81] - Added new stock 'SHRIRAMFIN' to stock_master.
[2026-09-03 23:43:16] [INFO] [cnx200_dashboard:stock_universe_service.py:81] - Added new stock 'ENRIN' to stock_master.
[2026-09-03 23:43:16] [INFO] [cnx200_dashboard:stock_universe_service.py:81] - Added new stock 'SIEMENS' to stock_master.
[2026-09-03 23:43:16] [INFO] [cnx200_dashboard:stock_universe_service.py:81] - Added new stock 'SOLARINDS' to stock_master.
[2026-09-03 23:43:16] [INFO] [cnx200_dashboard:stock_universe_service.py:81] - Added new stock 'SBIN' to stock_master.
[2026-09-03 23:43:16] [INFO] [cnx200_dashboard:stock_universe_service.py:81] - Added new stock 'SAIL' to stock_master.
[2026-09-03 23:43:16] [INFO] [cnx200_dashboard:stock_universe_service.py:81] - Added new stock 'SUNPHARMA' to stock_master.
[2026-09-03 23:43:16] [INFO] [cnx200_dashboard:stock_universe_service.py:81] - Added new stock 'SUPREMEIND' to stock_master.
[2026-09-03 23:43:16] [INFO] [cnx200_dashboard:stock_universe_service.py:81] - Added new stock 'SUZLON' to stock_master.
[2026-09-03 23:43:16] [INFO] [cnx200_dashboard:stock_universe_service.py:81] - Added new stock 'SWIGGY' to stock_master.
[2026-09-03 23:43:16] [INFO] [cnx200_dashboard:stock_universe_service.py:81] - Added new stock 'TVSMOTOR' to stock_master.
[2026-09-03 23:43:16] [INFO] [cnx200_dashboard:stock_universe_service.py:81] - Added new stock 'TATACAP' to stock_master.
[2026-09-03 23:43:16] [INFO] [cnx200_dashboard:stock_universe_service.py:81] - Added new stock 'TATACOMM' to stock_master.
[2026-09-03 23:43:16] [INFO] [cnx200_dashboard:stock_universe_service.py:81] - Added new stock 'TATACONSUM' to stock_master.
[2026-09-03 23:43:16] [INFO] [cnx200_dashboard:stock_universe_service.py:81] - Added new stock 'TATAELXSI' to stock_master.
[2026-09-03 23:43:16] [INFO] [cnx200_dashboard:stock_universe_service.py:81] - Added new stock 'TATAINVEST' to stock_master.
[2026-09-03 23:43:16] [INFO] [cnx200_dashboard:stock_universe_service.py:81] - Added new stock 'TMCV' to stock_master.
[2026-09-03 23:43:16] [INFO] [cnx200_dashboard:stock_universe_service.py:81] - Added new stock 'TMPV' to stock_master.
[2026-09-03 23:43:16] [INFO] [cnx200_dashboard:stock_universe_service.py:81] - Added new stock 'TATAPOWER' to stock_master.
[2026-09-03 23:43:16] [INFO] [cnx200_dashboard:stock_universe_service.py:81] - Added new stock 'TATASTEEL' to stock_master.
[2026-09-03 23:43:16] [INFO] [cnx200_dashboard:stock_universe_service.py:81] - Added new stock 'TECHM' to stock_master.
[2026-09-03 23:43:16] [INFO] [cnx200_dashboard:stock_universe_service.py:81] - Added new stock 'TITAN' to stock_master.
[2026-09-03 23:43:16] [INFO] [cnx200_dashboard:stock_universe_service.py:81] - Added new stock 'TORNTPHARM' to stock_master.
[2026-09-03 23:43:16] [INFO] [cnx200_dashboard:stock_universe_service.py:81] - Added new stock 'TRENT' to stock_master.
[2026-09-03 23:43:16] [INFO] [cnx200_dashboard:stock_universe_service.py:81] - Added new stock 'TIINDIA' to stock_master.
[2026-09-03 23:43:16] [INFO] [cnx200_dashboard:stock_universe_service.py:81] - Added new stock 'UPL' to stock_master.
[2026-09-03 23:43:16] [INFO] [cnx200_dashboard:stock_universe_service.py:81] - Added new stock 'ULTRACEMCO' to stock_master.
[2026-09-03 23:43:16] [INFO] [cnx200_dashboard:stock_universe_service.py:81] - Added new stock 'UNIONBANK' to stock_master.
[2026-09-03 23:43:16] [INFO] [cnx200_dashboard:stock_universe_service.py:81] - Added new stock 'UNITDSPR' to stock_master.
[2026-09-03 23:43:16] [INFO] [cnx200_dashboard:stock_universe_service.py:81] - Added new stock 'VBL' to stock_master.
[2026-09-03 23:43:16] [INFO] [cnx200_dashboard:stock_universe_service.py:81] - Added new stock 'VEDL' to stock_master.
[2026-09-03 23:43:16] [INFO] [cnx200_dashboard:stock_universe_service.py:81] - Added new stock 'VMM' to stock_master.
[2026-09-03 23:43:16] [INFO] [cnx200_dashboard:stock_universe_service.py:81] - Added new stock 'IDEA' to stock_master.
[2026-09-03 23:43:16] [INFO] [cnx200_dashboard:stock_universe_service.py:81] - Added new stock 'VOLTAS' to stock_master.
[2026-09-03 23:43:16] [INFO] [cnx200_dashboard:stock_universe_service.py:81] - Added new stock 'WAAREEENER' to stock_master.
[2026-09-03 23:43:16] [INFO] [cnx200_dashboard:stock_universe_service.py:81] - Added new stock 'WIPRO' to stock_master.
[2026-09-03 23:43:16] [INFO] [cnx200_dashboard:stock_universe_service.py:81] - Added new stock 'YESBANK' to stock_master.
[2026-09-03 23:43:16] [INFO] [cnx200_dashboard:stock_universe_service.py:81] - Added new stock 'ZYDUSLIFE' to stock_master.
[2026-09-03 23:43:16] [INFO] [cnx200_dashboard:stock_universe_service.py:114] - Stock universe sync successfully flushed to database session.
[2026-09-03 23:43:16] [INFO] [cnx200_dashboard:stock_universe_service.py:122] - NIFTY 200 Universe Sync complete. Fetched: 200, New: 198, Updated/Retained: 2, Deactivated: 0.
[2026-09-03 23:44:02] [INFO] [cnx200_dashboard:nse_client.py:28] - Fetching official NIFTY 200 constituents from https://nsearchives.nseindia.com/content/indices/ind_nifty200list.csv...
[2026-09-03 23:44:03] [INFO] [cnx200_dashboard:nse_client.py:36] - Successfully retrieved 200 NIFTY 200 constituents.
[2026-09-03 23:44:03] [INFO] [cnx200_dashboard:nse_client.py:59] - Fetching historical market data for RELIANCE from 01-08-2026 to 15-08-2026...
[2026-09-03 23:44:03] [INFO] [cnx200_dashboard:nse_client.py:69] - Retrieved 10 price records for RELIANCE.
[2026-09-03 23:44:03] [INFO] [cnx200_dashboard:nse_client.py:83] - Fetching NSE Bhavcopy for date 01-09-2026...
[2026-09-03 23:44:04] [INFO] [cnx200_dashboard:nse_client.py:90] - Retrieved Bhavcopy with 3656 total market rows for date 01-09-2026.
[2026-09-03 23:44:12] [INFO] [cnx200_dashboard:init_db.py:13] - Checking/Creating MySQL Database 'cnx200_rsi_dashboard'...
[2026-09-03 23:44:12] [INFO] [cnx200_dashboard:init_db.py:25] - Database 'cnx200_rsi_dashboard' ensured.
[2026-09-03 23:44:12] [INFO] [cnx200_dashboard:connection.py:34] - SQLAlchemy Database Engine initialized successfully.
[2026-09-03 23:44:12] [INFO] [cnx200_dashboard:init_db.py:31] - Creating tables, foreign keys, and indexes if they do not exist...
[2026-09-03 23:44:12] [INFO] [cnx200_dashboard:init_db.py:34] - All database tables initialized successfully.
[2026-09-03 23:44:12] [INFO] [cnx200_dashboard:stock_universe_service.py:23] - Starting NIFTY 200 Stock Universe Synchronization...
[2026-09-03 23:44:12] [INFO] [cnx200_dashboard:nse_client.py:28] - Fetching official NIFTY 200 constituents from https://nsearchives.nseindia.com/content/indices/ind_nifty200list.csv...
[2026-09-03 23:44:13] [INFO] [cnx200_dashboard:nse_client.py:36] - Successfully retrieved 200 NIFTY 200 constituents.
[2026-09-03 23:44:13] [INFO] [cnx200_dashboard:stock_universe_service.py:114] - Stock universe sync successfully flushed to database session.
[2026-09-03 23:44:13] [INFO] [cnx200_dashboard:stock_universe_service.py:122] - NIFTY 200 Universe Sync complete. Fetched: 200, New: 0, Updated/Retained: 200, Deactivated: 0.
[2026-09-03 23:44:23] [INFO] [cnx200_dashboard:init_db.py:13] - Checking/Creating MySQL Database 'cnx200_rsi_dashboard'...
[2026-09-03 23:44:23] [INFO] [cnx200_dashboard:init_db.py:25] - Database 'cnx200_rsi_dashboard' ensured.
[2026-09-03 23:44:23] [INFO] [cnx200_dashboard:connection.py:34] - SQLAlchemy Database Engine initialized successfully.
[2026-09-03 23:44:23] [INFO] [cnx200_dashboard:init_db.py:31] - Creating tables, foreign keys, and indexes if they do not exist...
[2026-09-03 23:44:23] [INFO] [cnx200_dashboard:init_db.py:34] - All database tables initialized successfully.
[2026-09-03 23:44:23] [INFO] [cnx200_dashboard:repositories.py:247] - Created JobRun 'NIFTY200_HISTORICAL_BACKFILL' (ID: 3).
[2026-09-03 23:44:23] [INFO] [cnx200_dashboard:historical_data_service.py:37] - Starting Historical Market Data Backfill from 2026-08-01 to 2026-09-01...
[2026-09-03 23:44:23] [INFO] [cnx200_dashboard:historical_data_service.py:67] - Targeting 4 active stocks for historical backfill.
[2026-09-03 23:44:23] [INFO] [cnx200_dashboard:historical_data_service.py:71] - [1/4] Processing historical backfill for symbol 'HDFCBANK'...
[2026-09-03 23:44:23] [INFO] [cnx200_dashboard:nse_client.py:59] - Fetching historical market data for HDFCBANK from 01-08-2026 to 01-09-2026...
[2026-09-03 23:44:24] [INFO] [cnx200_dashboard:nse_client.py:69] - Retrieved 22 price records for HDFCBANK.
[2026-09-03 23:44:24] [WARNING] [cnx200_dashboard:historical_data_service.py:90] - No valid normalized records created for symbol 'HDFCBANK'.
[2026-09-03 23:44:24] [INFO] [cnx200_dashboard:historical_data_service.py:71] - [2/4] Processing historical backfill for symbol 'INFY'...
[2026-09-03 23:44:24] [INFO] [cnx200_dashboard:nse_client.py:59] - Fetching historical market data for INFY from 01-08-2026 to 01-09-2026...
[2026-09-03 23:44:25] [INFO] [cnx200_dashboard:nse_client.py:69] - Retrieved 22 price records for INFY.
[2026-09-03 23:44:25] [WARNING] [cnx200_dashboard:historical_data_service.py:90] - No valid normalized records created for symbol 'INFY'.
[2026-09-03 23:44:25] [INFO] [cnx200_dashboard:historical_data_service.py:71] - [3/4] Processing historical backfill for symbol 'RELIANCE'...
[2026-09-03 23:44:25] [INFO] [cnx200_dashboard:nse_client.py:59] - Fetching historical market data for RELIANCE from 01-08-2026 to 01-09-2026...
[2026-09-03 23:44:25] [INFO] [cnx200_dashboard:nse_client.py:69] - Retrieved 22 price records for RELIANCE.
[2026-09-03 23:44:25] [WARNING] [cnx200_dashboard:historical_data_service.py:90] - No valid normalized records created for symbol 'RELIANCE'.
[2026-09-03 23:44:25] [INFO] [cnx200_dashboard:historical_data_service.py:71] - [4/4] Processing historical backfill for symbol 'TCS'...
[2026-09-03 23:44:25] [INFO] [cnx200_dashboard:nse_client.py:59] - Fetching historical market data for TCS from 01-08-2026 to 01-09-2026...
[2026-09-03 23:44:26] [INFO] [cnx200_dashboard:nse_client.py:69] - Retrieved 22 price records for TCS.
[2026-09-03 23:44:26] [WARNING] [cnx200_dashboard:historical_data_service.py:90] - No valid normalized records created for symbol 'TCS'.
[2026-09-03 23:44:26] [INFO] [cnx200_dashboard:historical_data_service.py:144] - Historical Backfill Finished. Total Stocks: 4, Success: 0, Failed: 4, Total Records: 0.
[2026-09-03 23:44:26] [WARNING] [cnx200_dashboard:repositories.py:317] - Logged JobError for JobRun ID 3 (Type: HISTORICAL_BACKFILL_ERROR).
[2026-09-03 23:44:26] [WARNING] [cnx200_dashboard:repositories.py:317] - Logged JobError for JobRun ID 3 (Type: HISTORICAL_BACKFILL_ERROR).
[2026-09-03 23:44:26] [WARNING] [cnx200_dashboard:repositories.py:317] - Logged JobError for JobRun ID 3 (Type: HISTORICAL_BACKFILL_ERROR).
[2026-09-03 23:44:26] [WARNING] [cnx200_dashboard:repositories.py:317] - Logged JobError for JobRun ID 3 (Type: HISTORICAL_BACKFILL_ERROR).
[2026-09-03 23:44:26] [INFO] [cnx200_dashboard:repositories.py:291] - Completed JobRun ID 3 with status 'FAILED'.
[2026-09-03 23:44:37] [INFO] [cnx200_dashboard:nse_client.py:59] - Fetching historical market data for RELIANCE from 01-08-2026 to 15-08-2026...
[2026-09-03 23:44:37] [INFO] [cnx200_dashboard:nse_client.py:69] - Retrieved 10 price records for RELIANCE.
[2026-09-03 23:44:53] [INFO] [cnx200_dashboard:init_db.py:13] - Checking/Creating MySQL Database 'cnx200_rsi_dashboard'...
[2026-09-03 23:44:53] [INFO] [cnx200_dashboard:init_db.py:25] - Database 'cnx200_rsi_dashboard' ensured.
[2026-09-03 23:44:53] [INFO] [cnx200_dashboard:connection.py:34] - SQLAlchemy Database Engine initialized successfully.
[2026-09-03 23:44:53] [INFO] [cnx200_dashboard:init_db.py:31] - Creating tables, foreign keys, and indexes if they do not exist...
[2026-09-03 23:44:53] [INFO] [cnx200_dashboard:init_db.py:34] - All database tables initialized successfully.
[2026-09-03 23:44:53] [INFO] [cnx200_dashboard:repositories.py:247] - Created JobRun 'NIFTY200_HISTORICAL_BACKFILL' (ID: 4).
[2026-09-03 23:44:53] [INFO] [cnx200_dashboard:historical_data_service.py:37] - Starting Historical Market Data Backfill from 2026-08-01 to 2026-09-01...
[2026-09-03 23:44:53] [INFO] [cnx200_dashboard:historical_data_service.py:67] - Targeting 4 active stocks for historical backfill.
[2026-09-03 23:44:53] [INFO] [cnx200_dashboard:historical_data_service.py:71] - [1/4] Processing historical backfill for symbol 'HDFCBANK'...
[2026-09-03 23:44:53] [INFO] [cnx200_dashboard:nse_client.py:59] - Fetching historical market data for HDFCBANK from 01-08-2026 to 01-09-2026...
[2026-09-03 23:44:53] [INFO] [cnx200_dashboard:nse_client.py:69] - Retrieved 22 price records for HDFCBANK.
[2026-09-03 23:44:53] [WARNING] [cnx200_dashboard:historical_data_service.py:90] - No valid normalized records created for symbol 'HDFCBANK'.
[2026-09-03 23:44:53] [INFO] [cnx200_dashboard:historical_data_service.py:71] - [2/4] Processing historical backfill for symbol 'INFY'...
[2026-09-03 23:44:53] [INFO] [cnx200_dashboard:nse_client.py:59] - Fetching historical market data for INFY from 01-08-2026 to 01-09-2026...
[2026-09-03 23:44:54] [INFO] [cnx200_dashboard:nse_client.py:69] - Retrieved 22 price records for INFY.
[2026-09-03 23:44:54] [WARNING] [cnx200_dashboard:historical_data_service.py:90] - No valid normalized records created for symbol 'INFY'.
[2026-09-03 23:44:54] [INFO] [cnx200_dashboard:historical_data_service.py:71] - [3/4] Processing historical backfill for symbol 'RELIANCE'...
[2026-09-03 23:44:54] [INFO] [cnx200_dashboard:nse_client.py:59] - Fetching historical market data for RELIANCE from 01-08-2026 to 01-09-2026...
[2026-09-03 23:44:54] [INFO] [cnx200_dashboard:nse_client.py:69] - Retrieved 22 price records for RELIANCE.
[2026-09-03 23:44:54] [WARNING] [cnx200_dashboard:historical_data_service.py:90] - No valid normalized records created for symbol 'RELIANCE'.
[2026-09-03 23:44:54] [INFO] [cnx200_dashboard:historical_data_service.py:71] - [4/4] Processing historical backfill for symbol 'TCS'...
[2026-09-03 23:44:54] [INFO] [cnx200_dashboard:nse_client.py:59] - Fetching historical market data for TCS from 01-08-2026 to 01-09-2026...
[2026-09-03 23:44:55] [INFO] [cnx200_dashboard:nse_client.py:69] - Retrieved 22 price records for TCS.
[2026-09-03 23:44:55] [WARNING] [cnx200_dashboard:historical_data_service.py:90] - No valid normalized records created for symbol 'TCS'.
[2026-09-03 23:44:55] [INFO] [cnx200_dashboard:historical_data_service.py:144] - Historical Backfill Finished. Total Stocks: 4, Success: 0, Failed: 4, Total Records: 0.
[2026-09-03 23:44:55] [WARNING] [cnx200_dashboard:repositories.py:317] - Logged JobError for JobRun ID 4 (Type: HISTORICAL_BACKFILL_ERROR).
[2026-09-03 23:44:55] [WARNING] [cnx200_dashboard:repositories.py:317] - Logged JobError for JobRun ID 4 (Type: HISTORICAL_BACKFILL_ERROR).
[2026-09-03 23:44:55] [WARNING] [cnx200_dashboard:repositories.py:317] - Logged JobError for JobRun ID 4 (Type: HISTORICAL_BACKFILL_ERROR).
[2026-09-03 23:44:55] [WARNING] [cnx200_dashboard:repositories.py:317] - Logged JobError for JobRun ID 4 (Type: HISTORICAL_BACKFILL_ERROR).
[2026-09-03 23:44:55] [INFO] [cnx200_dashboard:repositories.py:291] - Completed JobRun ID 4 with status 'FAILED'.
[2026-09-03 23:45:06] [INFO] [cnx200_dashboard:nse_client.py:59] - Fetching historical market data for RELIANCE from 01-08-2026 to 15-08-2026...
[2026-09-03 23:45:07] [INFO] [cnx200_dashboard:nse_client.py:69] - Retrieved 10 price records for RELIANCE.
[2026-09-03 23:46:02] [INFO] [cnx200_dashboard:nse_client.py:59] - Fetching historical market data for RELIANCE from 01-08-2026 to 15-08-2026...
[2026-09-03 23:46:03] [INFO] [cnx200_dashboard:nse_client.py:69] - Retrieved 10 price records for RELIANCE.
[2026-09-03 23:46:12] [INFO] [cnx200_dashboard:nse_client.py:59] - Fetching historical market data for RELIANCE from 01-08-2026 to 15-08-2026...
[2026-09-03 23:46:13] [INFO] [cnx200_dashboard:nse_client.py:69] - Retrieved 10 price records for RELIANCE.
[2026-09-03 23:46:48] [INFO] [cnx200_dashboard:init_db.py:13] - Checking/Creating MySQL Database 'cnx200_rsi_dashboard'...
[2026-09-03 23:46:48] [INFO] [cnx200_dashboard:init_db.py:25] - Database 'cnx200_rsi_dashboard' ensured.
[2026-09-03 23:46:48] [INFO] [cnx200_dashboard:connection.py:34] - SQLAlchemy Database Engine initialized successfully.
[2026-09-03 23:46:48] [INFO] [cnx200_dashboard:init_db.py:31] - Creating tables, foreign keys, and indexes if they do not exist...
[2026-09-03 23:46:48] [INFO] [cnx200_dashboard:init_db.py:34] - All database tables initialized successfully.
[2026-09-03 23:46:48] [INFO] [cnx200_dashboard:repositories.py:247] - Created JobRun 'NIFTY200_HISTORICAL_BACKFILL' (ID: 5).
[2026-09-03 23:46:48] [INFO] [cnx200_dashboard:historical_data_service.py:37] - Starting Historical Market Data Backfill from 2026-08-01 to 2026-09-01...
[2026-09-03 23:46:48] [INFO] [cnx200_dashboard:historical_data_service.py:67] - Targeting 4 active stocks for historical backfill.
[2026-09-03 23:46:48] [INFO] [cnx200_dashboard:historical_data_service.py:71] - [1/4] Processing historical backfill for symbol 'HDFCBANK'...
[2026-09-03 23:46:48] [INFO] [cnx200_dashboard:nse_client.py:59] - Fetching historical market data for HDFCBANK from 01-08-2026 to 01-09-2026...
[2026-09-03 23:46:49] [INFO] [cnx200_dashboard:nse_client.py:69] - Retrieved 22 price records for HDFCBANK.
[2026-09-03 23:46:49] [WARNING] [cnx200_dashboard:historical_data_service.py:90] - No valid normalized records created for symbol 'HDFCBANK'.
[2026-09-03 23:46:49] [INFO] [cnx200_dashboard:historical_data_service.py:71] - [2/4] Processing historical backfill for symbol 'INFY'...
[2026-09-03 23:46:49] [INFO] [cnx200_dashboard:nse_client.py:59] - Fetching historical market data for INFY from 01-08-2026 to 01-09-2026...
[2026-09-03 23:46:49] [INFO] [cnx200_dashboard:nse_client.py:69] - Retrieved 22 price records for INFY.
[2026-09-03 23:46:49] [WARNING] [cnx200_dashboard:historical_data_service.py:90] - No valid normalized records created for symbol 'INFY'.
[2026-09-03 23:46:49] [INFO] [cnx200_dashboard:historical_data_service.py:71] - [3/4] Processing historical backfill for symbol 'RELIANCE'...
[2026-09-03 23:46:49] [INFO] [cnx200_dashboard:nse_client.py:59] - Fetching historical market data for RELIANCE from 01-08-2026 to 01-09-2026...
[2026-09-03 23:46:50] [INFO] [cnx200_dashboard:nse_client.py:69] - Retrieved 22 price records for RELIANCE.
[2026-09-03 23:46:50] [WARNING] [cnx200_dashboard:historical_data_service.py:90] - No valid normalized records created for symbol 'RELIANCE'.
[2026-09-03 23:46:50] [INFO] [cnx200_dashboard:historical_data_service.py:71] - [4/4] Processing historical backfill for symbol 'TCS'...
[2026-09-03 23:46:50] [INFO] [cnx200_dashboard:nse_client.py:59] - Fetching historical market data for TCS from 01-08-2026 to 01-09-2026...
[2026-09-03 23:46:51] [INFO] [cnx200_dashboard:nse_client.py:69] - Retrieved 22 price records for TCS.
[2026-09-03 23:46:51] [WARNING] [cnx200_dashboard:historical_data_service.py:90] - No valid normalized records created for symbol 'TCS'.
[2026-09-03 23:46:51] [INFO] [cnx200_dashboard:historical_data_service.py:144] - Historical Backfill Finished. Total Stocks: 4, Success: 0, Failed: 4, Total Records: 0.
[2026-09-03 23:46:51] [WARNING] [cnx200_dashboard:repositories.py:317] - Logged JobError for JobRun ID 5 (Type: HISTORICAL_BACKFILL_ERROR).
[2026-09-03 23:46:51] [WARNING] [cnx200_dashboard:repositories.py:317] - Logged JobError for JobRun ID 5 (Type: HISTORICAL_BACKFILL_ERROR).
[2026-09-03 23:46:51] [WARNING] [cnx200_dashboard:repositories.py:317] - Logged JobError for JobRun ID 5 (Type: HISTORICAL_BACKFILL_ERROR).
[2026-09-03 23:46:51] [WARNING] [cnx200_dashboard:repositories.py:317] - Logged JobError for JobRun ID 5 (Type: HISTORICAL_BACKFILL_ERROR).
[2026-09-03 23:46:51] [INFO] [cnx200_dashboard:repositories.py:291] - Completed JobRun ID 5 with status 'FAILED'.
[2026-09-03 23:46:59] [INFO] [cnx200_dashboard:nse_client.py:59] - Fetching historical market data for HDFCBANK from 01-08-2026 to 15-08-2026...
[2026-09-03 23:47:00] [INFO] [cnx200_dashboard:nse_client.py:69] - Retrieved 10 price records for HDFCBANK.
[2026-09-03 23:47:32] [INFO] [cnx200_dashboard:nse_client.py:59] - Fetching historical market data for HDFCBANK from 01-08-2026 to 15-08-2026...
[2026-09-03 23:47:33] [INFO] [cnx200_dashboard:nse_client.py:69] - Retrieved 10 price records for HDFCBANK.
[2026-09-03 23:47:49] [INFO] [cnx200_dashboard:nse_client.py:59] - Fetching historical market data for HDFCBANK from 01-08-2026 to 15-08-2026...
[2026-09-03 23:47:49] [INFO] [cnx200_dashboard:nse_client.py:69] - Retrieved 10 price records for HDFCBANK.
[2026-09-03 23:47:57] [INFO] [cnx200_dashboard:init_db.py:13] - Checking/Creating MySQL Database 'cnx200_rsi_dashboard'...
[2026-09-03 23:47:57] [INFO] [cnx200_dashboard:init_db.py:25] - Database 'cnx200_rsi_dashboard' ensured.
[2026-09-03 23:47:57] [INFO] [cnx200_dashboard:connection.py:34] - SQLAlchemy Database Engine initialized successfully.
[2026-09-03 23:47:57] [INFO] [cnx200_dashboard:init_db.py:31] - Creating tables, foreign keys, and indexes if they do not exist...
[2026-09-03 23:47:57] [INFO] [cnx200_dashboard:init_db.py:34] - All database tables initialized successfully.
[2026-09-03 23:47:57] [INFO] [cnx200_dashboard:repositories.py:247] - Created JobRun 'NIFTY200_HISTORICAL_BACKFILL' (ID: 6).
[2026-09-03 23:47:57] [INFO] [cnx200_dashboard:historical_data_service.py:37] - Starting Historical Market Data Backfill from 2026-08-01 to 2026-09-01...
[2026-09-03 23:47:57] [INFO] [cnx200_dashboard:historical_data_service.py:67] - Targeting 4 active stocks for historical backfill.
[2026-09-03 23:47:57] [INFO] [cnx200_dashboard:historical_data_service.py:71] - [1/4] Processing historical backfill for symbol 'HDFCBANK'...
[2026-09-03 23:47:57] [INFO] [cnx200_dashboard:nse_client.py:59] - Fetching historical market data for HDFCBANK from 01-08-2026 to 01-09-2026...
[2026-09-03 23:47:58] [INFO] [cnx200_dashboard:nse_client.py:69] - Retrieved 22 price records for HDFCBANK.
[2026-09-03 23:47:58] [ERROR] [cnx200_dashboard:historical_data_service.py:125] - ❌ Failed to backfill historical data for symbol 'HDFCBANK': Unconsumed column names: symbol
[2026-09-03 23:47:58] [INFO] [cnx200_dashboard:historical_data_service.py:71] - [2/4] Processing historical backfill for symbol 'INFY'...
[2026-09-03 23:47:58] [INFO] [cnx200_dashboard:nse_client.py:59] - Fetching historical market data for INFY from 01-08-2026 to 01-09-2026...
[2026-09-03 23:47:59] [INFO] [cnx200_dashboard:nse_client.py:69] - Retrieved 22 price records for INFY.
[2026-09-03 23:47:59] [ERROR] [cnx200_dashboard:historical_data_service.py:125] - ❌ Failed to backfill historical data for symbol 'INFY': Unconsumed column names: symbol
[2026-09-03 23:47:59] [INFO] [cnx200_dashboard:historical_data_service.py:71] - [3/4] Processing historical backfill for symbol 'RELIANCE'...
[2026-09-03 23:47:59] [INFO] [cnx200_dashboard:nse_client.py:59] - Fetching historical market data for RELIANCE from 01-08-2026 to 01-09-2026...
[2026-09-03 23:47:59] [INFO] [cnx200_dashboard:nse_client.py:69] - Retrieved 22 price records for RELIANCE.
[2026-09-03 23:47:59] [ERROR] [cnx200_dashboard:historical_data_service.py:125] - ❌ Failed to backfill historical data for symbol 'RELIANCE': Unconsumed column names: symbol
[2026-09-03 23:47:59] [INFO] [cnx200_dashboard:historical_data_service.py:71] - [4/4] Processing historical backfill for symbol 'TCS'...
[2026-09-03 23:47:59] [INFO] [cnx200_dashboard:nse_client.py:59] - Fetching historical market data for TCS from 01-08-2026 to 01-09-2026...
[2026-09-03 23:48:00] [INFO] [cnx200_dashboard:nse_client.py:69] - Retrieved 22 price records for TCS.
[2026-09-03 23:48:00] [ERROR] [cnx200_dashboard:historical_data_service.py:125] - ❌ Failed to backfill historical data for symbol 'TCS': Unconsumed column names: symbol
[2026-09-03 23:48:00] [INFO] [cnx200_dashboard:historical_data_service.py:144] - Historical Backfill Finished. Total Stocks: 4, Success: 0, Failed: 4, Total Records: 0.
[2026-09-03 23:48:00] [WARNING] [cnx200_dashboard:repositories.py:317] - Logged JobError for JobRun ID 6 (Type: HISTORICAL_BACKFILL_ERROR).
[2026-09-03 23:48:00] [WARNING] [cnx200_dashboard:repositories.py:317] - Logged JobError for JobRun ID 6 (Type: HISTORICAL_BACKFILL_ERROR).
[2026-09-03 23:48:00] [WARNING] [cnx200_dashboard:repositories.py:317] - Logged JobError for JobRun ID 6 (Type: HISTORICAL_BACKFILL_ERROR).
[2026-09-03 23:48:00] [WARNING] [cnx200_dashboard:repositories.py:317] - Logged JobError for JobRun ID 6 (Type: HISTORICAL_BACKFILL_ERROR).
[2026-09-03 23:48:00] [INFO] [cnx200_dashboard:repositories.py:291] - Completed JobRun ID 6 with status 'FAILED'.
[2026-09-03 23:48:17] [INFO] [cnx200_dashboard:init_db.py:13] - Checking/Creating MySQL Database 'cnx200_rsi_dashboard'...
[2026-09-03 23:48:17] [INFO] [cnx200_dashboard:init_db.py:25] - Database 'cnx200_rsi_dashboard' ensured.
[2026-09-03 23:48:17] [INFO] [cnx200_dashboard:connection.py:34] - SQLAlchemy Database Engine initialized successfully.
[2026-09-03 23:48:17] [INFO] [cnx200_dashboard:init_db.py:31] - Creating tables, foreign keys, and indexes if they do not exist...
[2026-09-03 23:48:17] [INFO] [cnx200_dashboard:init_db.py:34] - All database tables initialized successfully.
[2026-09-03 23:48:17] [INFO] [cnx200_dashboard:repositories.py:247] - Created JobRun 'NIFTY200_HISTORICAL_BACKFILL' (ID: 7).
[2026-09-03 23:48:17] [INFO] [cnx200_dashboard:historical_data_service.py:37] - Starting Historical Market Data Backfill from 2026-08-01 to 2026-09-01...
[2026-09-03 23:48:17] [INFO] [cnx200_dashboard:historical_data_service.py:67] - Targeting 4 active stocks for historical backfill.
[2026-09-03 23:48:17] [INFO] [cnx200_dashboard:historical_data_service.py:71] - [1/4] Processing historical backfill for symbol 'HDFCBANK'...
[2026-09-03 23:48:17] [INFO] [cnx200_dashboard:nse_client.py:59] - Fetching historical market data for HDFCBANK from 01-08-2026 to 01-09-2026...
[2026-09-03 23:48:18] [INFO] [cnx200_dashboard:nse_client.py:69] - Retrieved 22 price records for HDFCBANK.
[2026-09-03 23:48:18] [INFO] [cnx200_dashboard:repositories.py:164] - Bulk upserted 22 price records into daily_prices.
[2026-09-03 23:48:18] [INFO] [cnx200_dashboard:historical_data_service.py:122] - [OK] [1/4] 'HDFCBANK' backfill complete: 22 records upserted.
[2026-09-03 23:48:18] [INFO] [cnx200_dashboard:historical_data_service.py:71] - [2/4] Processing historical backfill for symbol 'INFY'...
[2026-09-03 23:48:18] [INFO] [cnx200_dashboard:nse_client.py:59] - Fetching historical market data for INFY from 01-08-2026 to 01-09-2026...
[2026-09-03 23:48:19] [INFO] [cnx200_dashboard:nse_client.py:69] - Retrieved 22 price records for INFY.
[2026-09-03 23:48:19] [INFO] [cnx200_dashboard:repositories.py:164] - Bulk upserted 22 price records into daily_prices.
[2026-09-03 23:48:19] [INFO] [cnx200_dashboard:historical_data_service.py:122] - [OK] [2/4] 'INFY' backfill complete: 22 records upserted.
[2026-09-03 23:48:19] [INFO] [cnx200_dashboard:historical_data_service.py:71] - [3/4] Processing historical backfill for symbol 'RELIANCE'...
[2026-09-03 23:48:19] [INFO] [cnx200_dashboard:nse_client.py:59] - Fetching historical market data for RELIANCE from 01-08-2026 to 01-09-2026...
[2026-09-03 23:48:19] [INFO] [cnx200_dashboard:nse_client.py:69] - Retrieved 22 price records for RELIANCE.
[2026-09-03 23:48:19] [INFO] [cnx200_dashboard:repositories.py:164] - Bulk upserted 22 price records into daily_prices.
[2026-09-03 23:48:19] [INFO] [cnx200_dashboard:historical_data_service.py:122] - [OK] [3/4] 'RELIANCE' backfill complete: 22 records upserted.
[2026-09-03 23:48:19] [INFO] [cnx200_dashboard:historical_data_service.py:71] - [4/4] Processing historical backfill for symbol 'TCS'...
[2026-09-03 23:48:19] [INFO] [cnx200_dashboard:nse_client.py:59] - Fetching historical market data for TCS from 01-08-2026 to 01-09-2026...
[2026-09-03 23:48:20] [INFO] [cnx200_dashboard:nse_client.py:69] - Retrieved 22 price records for TCS.
[2026-09-03 23:48:20] [INFO] [cnx200_dashboard:repositories.py:164] - Bulk upserted 22 price records into daily_prices.
[2026-09-03 23:48:20] [INFO] [cnx200_dashboard:historical_data_service.py:122] - [OK] [4/4] 'TCS' backfill complete: 22 records upserted.
[2026-09-03 23:48:20] [INFO] [cnx200_dashboard:historical_data_service.py:144] - Historical Backfill Finished. Total Stocks: 4, Success: 4, Failed: 0, Total Records: 88.
[2026-09-03 23:48:20] [INFO] [cnx200_dashboard:repositories.py:291] - Completed JobRun ID 7 with status 'SUCCESS'.
[2026-09-03 23:48:53] [INFO] [cnx200_dashboard:init_db.py:13] - Checking/Creating MySQL Database 'cnx200_rsi_dashboard'...
[2026-09-03 23:48:53] [INFO] [cnx200_dashboard:init_db.py:25] - Database 'cnx200_rsi_dashboard' ensured.
[2026-09-03 23:48:53] [INFO] [cnx200_dashboard:connection.py:34] - SQLAlchemy Database Engine initialized successfully.
[2026-09-03 23:48:53] [INFO] [cnx200_dashboard:init_db.py:31] - Creating tables, foreign keys, and indexes if they do not exist...
[2026-09-03 23:48:53] [INFO] [cnx200_dashboard:init_db.py:34] - All database tables initialized successfully.
[2026-09-03 23:48:53] [INFO] [cnx200_dashboard:main.py:81] - Starting Missing Market Data Recovery...
[2026-09-03 23:48:53] [INFO] [cnx200_dashboard:repositories.py:247] - Created JobRun 'NIFTY200_MISSING_DATA_RECOVERY' (ID: 8).
[2026-09-03 23:48:53] [INFO] [cnx200_dashboard:ingestion_service.py:197] - Detected 196 stocks with missing trading dates. Executing targeted recovery...
[2026-09-03 23:48:53] [INFO] [cnx200_dashboard:historical_data_service.py:37] - Starting Historical Market Data Backfill from 2025-09-03 to 2026-09-03...
[2026-09-03 23:48:53] [INFO] [cnx200_dashboard:historical_data_service.py:67] - Targeting 196 active stocks for historical backfill.
[2026-09-03 23:48:53] [INFO] [cnx200_dashboard:historical_data_service.py:71] - [1/196] Processing historical backfill for symbol '360ONE'...
[2026-09-03 23:48:53] [INFO] [cnx200_dashboard:nse_client.py:59] - Fetching historical market data for 360ONE from 03-09-2025 to 03-09-2026...
[2026-09-03 23:48:54] [INFO] [cnx200_dashboard:nse_client.py:69] - Retrieved 250 price records for 360ONE.
[2026-09-03 23:48:54] [INFO] [cnx200_dashboard:repositories.py:164] - Bulk upserted 250 price records into daily_prices.
[2026-09-03 23:48:54] [INFO] [cnx200_dashboard:historical_data_service.py:122] - [OK] [1/196] '360ONE' backfill complete: 250 records upserted.
[2026-09-03 23:48:54] [INFO] [cnx200_dashboard:historical_data_service.py:71] - [2/196] Processing historical backfill for symbol 'ABB'...
[2026-09-03 23:48:54] [INFO] [cnx200_dashboard:nse_client.py:59] - Fetching historical market data for ABB from 03-09-2025 to 03-09-2026...
[2026-09-03 23:48:55] [INFO] [cnx200_dashboard:nse_client.py:69] - Retrieved 249 price records for ABB.
[2026-09-03 23:48:55] [INFO] [cnx200_dashboard:repositories.py:164] - Bulk upserted 249 price records into daily_prices.
[2026-09-03 23:48:55] [INFO] [cnx200_dashboard:historical_data_service.py:122] - [OK] [2/196] 'ABB' backfill complete: 249 records upserted.
[2026-09-03 23:48:55] [INFO] [cnx200_dashboard:historical_data_service.py:71] - [3/196] Processing historical backfill for symbol 'ABCAPITAL'...
[2026-09-03 23:48:55] [INFO] [cnx200_dashboard:nse_client.py:59] - Fetching historical market data for ABCAPITAL from 03-09-2025 to 03-09-2026...
[2026-09-03 23:48:58] [INFO] [cnx200_dashboard:nse_client.py:69] - Retrieved 250 price records for ABCAPITAL.
[2026-09-03 23:48:58] [INFO] [cnx200_dashboard:repositories.py:164] - Bulk upserted 250 price records into daily_prices.
[2026-09-03 23:48:58] [INFO] [cnx200_dashboard:historical_data_service.py:122] - [OK] [3/196] 'ABCAPITAL' backfill complete: 250 records upserted.
[2026-09-03 23:48:58] [INFO] [cnx200_dashboard:historical_data_service.py:71] - [4/196] Processing historical backfill for symbol 'ADANIENSOL'...
[2026-09-03 23:48:58] [INFO] [cnx200_dashboard:nse_client.py:59] - Fetching historical market data for ADANIENSOL from 03-09-2025 to 03-09-2026...
[2026-09-03 23:48:59] [INFO] [cnx200_dashboard:nse_client.py:69] - Retrieved 251 price records for ADANIENSOL.
[2026-09-03 23:48:59] [INFO] [cnx200_dashboard:repositories.py:164] - Bulk upserted 251 price records into daily_prices.
[2026-09-03 23:48:59] [INFO] [cnx200_dashboard:historical_data_service.py:122] - [OK] [4/196] 'ADANIENSOL' backfill complete: 251 records upserted.
[2026-09-03 23:48:59] [INFO] [cnx200_dashboard:historical_data_service.py:71] - [5/196] Processing historical backfill for symbol 'ADANIENT'...
[2026-09-03 23:48:59] [INFO] [cnx200_dashboard:nse_client.py:59] - Fetching historical market data for ADANIENT from 03-09-2025 to 03-09-2026...
[2026-09-03 23:48:59] [INFO] [cnx200_dashboard:nse_client.py:69] - Retrieved 252 price records for ADANIENT.
[2026-09-03 23:49:00] [INFO] [cnx200_dashboard:repositories.py:164] - Bulk upserted 252 price records into daily_prices.
[2026-09-03 23:49:00] [INFO] [cnx200_dashboard:historical_data_service.py:122] - [OK] [5/196] 'ADANIENT' backfill complete: 252 records upserted.
[2026-09-03 23:49:00] [INFO] [cnx200_dashboard:historical_data_service.py:71] - [6/196] Processing historical backfill for symbol 'ADANIGREEN'...
[2026-09-03 23:49:00] [INFO] [cnx200_dashboard:nse_client.py:59] - Fetching historical market data for ADANIGREEN from 03-09-2025 to 03-09-2026...
[2026-09-03 23:49:00] [INFO] [cnx200_dashboard:nse_client.py:69] - Retrieved 253 price records for ADANIGREEN.
[2026-09-03 23:49:00] [INFO] [cnx200_dashboard:repositories.py:164] - Bulk upserted 253 price records into daily_prices.
[2026-09-03 23:49:00] [INFO] [cnx200_dashboard:historical_data_service.py:122] - [OK] [6/196] 'ADANIGREEN' backfill complete: 253 records upserted.
[2026-09-03 23:49:00] [INFO] [cnx200_dashboard:historical_data_service.py:71] - [7/196] Processing historical backfill for symbol 'ADANIPORTS'...
[2026-09-03 23:49:00] [INFO] [cnx200_dashboard:nse_client.py:59] - Fetching historical market data for ADANIPORTS from 03-09-2025 to 03-09-2026...
[2026-09-03 23:49:01] [INFO] [cnx200_dashboard:nse_client.py:69] - Retrieved 250 price records for ADANIPORTS.
[2026-09-03 23:49:01] [INFO] [cnx200_dashboard:repositories.py:164] - Bulk upserted 250 price records into daily_prices.
[2026-09-03 23:49:01] [INFO] [cnx200_dashboard:historical_data_service.py:122] - [OK] [7/196] 'ADANIPORTS' backfill complete: 250 records upserted.
[2026-09-03 23:49:01] [INFO] [cnx200_dashboard:historical_data_service.py:71] - [8/196] Processing historical backfill for symbol 'ADANIPOWER'...
[2026-09-03 23:49:01] [INFO] [cnx200_dashboard:nse_client.py:59] - Fetching historical market data for ADANIPOWER from 03-09-2025 to 03-09-2026...
[2026-09-03 23:49:02] [INFO] [cnx200_dashboard:nse_client.py:69] - Retrieved 253 price records for ADANIPOWER.
[2026-09-03 23:49:02] [INFO] [cnx200_dashboard:repositories.py:164] - Bulk upserted 253 price records into daily_prices.
[2026-09-03 23:49:02] [INFO] [cnx200_dashboard:historical_data_service.py:122] - [OK] [8/196] 'ADANIPOWER' backfill complete: 253 records upserted.
[2026-09-03 23:49:02] [INFO] [cnx200_dashboard:historical_data_service.py:71] - [9/196] Processing historical backfill for symbol 'ALKEM'...
[2026-09-03 23:49:02] [INFO] [cnx200_dashboard:nse_client.py:59] - Fetching historical market data for ALKEM from 03-09-2025 to 03-09-2026...
[2026-09-03 23:49:03] [INFO] [cnx200_dashboard:nse_client.py:69] - Retrieved 250 price records for ALKEM.
[2026-09-03 23:49:03] [INFO] [cnx200_dashboard:repositories.py:164] - Bulk upserted 250 price records into daily_prices.
[2026-09-03 23:49:03] [INFO] [cnx200_dashboard:historical_data_service.py:122] - [OK] [9/196] 'ALKEM' backfill complete: 250 records upserted.
[2026-09-03 23:49:03] [INFO] [cnx200_dashboard:historical_data_service.py:71] - [10/196] Processing historical backfill for symbol 'AMBUJACEM'...
[2026-09-03 23:49:03] [INFO] [cnx200_dashboard:nse_client.py:59] - Fetching historical market data for AMBUJACEM from 03-09-2025 to 03-09-2026...
[2026-09-03 23:49:06] [INFO] [cnx200_dashboard:nse_client.py:69] - Retrieved 249 price records for AMBUJACEM.
[2026-09-03 23:49:06] [INFO] [cnx200_dashboard:repositories.py:164] - Bulk upserted 249 price records into daily_prices.
[2026-09-03 23:49:06] [INFO] [cnx200_dashboard:historical_data_service.py:122] - [OK] [10/196] 'AMBUJACEM' backfill complete: 249 records upserted.
[2026-09-03 23:49:06] [INFO] [cnx200_dashboard:historical_data_service.py:71] - [11/196] Processing historical backfill for symbol 'APLAPOLLO'...
[2026-09-03 23:49:06] [INFO] [cnx200_dashboard:nse_client.py:59] - Fetching historical market data for APLAPOLLO from 03-09-2025 to 03-09-2026...
[2026-09-03 23:49:07] [INFO] [cnx200_dashboard:nse_client.py:69] - Retrieved 249 price records for APLAPOLLO.
[2026-09-03 23:49:07] [INFO] [cnx200_dashboard:repositories.py:164] - Bulk upserted 249 price records into daily_prices.
[2026-09-03 23:49:07] [INFO] [cnx200_dashboard:historical_data_service.py:122] - [OK] [11/196] 'APLAPOLLO' backfill complete: 249 records upserted.
[2026-09-03 23:49:07] [INFO] [cnx200_dashboard:historical_data_service.py:71] - [12/196] Processing historical backfill for symbol 'APOLLOHOSP'...
[2026-09-03 23:49:07] [INFO] [cnx200_dashboard:nse_client.py:59] - Fetching historical market data for APOLLOHOSP from 03-09-2025 to 03-09-2026...
[2026-09-03 23:49:07] [INFO] [cnx200_dashboard:nse_client.py:69] - Retrieved 254 price records for APOLLOHOSP.
[2026-09-03 23:49:07] [INFO] [cnx200_dashboard:repositories.py:164] - Bulk upserted 254 price records into daily_prices.
[2026-09-03 23:49:07] [INFO] [cnx200_dashboard:historical_data_service.py:122] - [OK] [12/196] 'APOLLOHOSP' backfill complete: 254 records upserted.
[2026-09-03 23:49:07] [INFO] [cnx200_dashboard:historical_data_service.py:71] - [13/196] Processing historical backfill for symbol 'ASHOKLEY'...
[2026-09-03 23:49:07] [INFO] [cnx200_dashboard:nse_client.py:59] - Fetching historical market data for ASHOKLEY from 03-09-2025 to 03-09-2026...
[2026-09-03 23:49:08] [INFO] [cnx200_dashboard:nse_client.py:69] - Retrieved 252 price records for ASHOKLEY.
[2026-09-03 23:49:08] [INFO] [cnx200_dashboard:repositories.py:164] - Bulk upserted 252 price records into daily_prices.
[2026-09-03 23:49:08] [INFO] [cnx200_dashboard:historical_data_service.py:122] - [OK] [13/196] 'ASHOKLEY' backfill complete: 252 records upserted.
[2026-09-03 23:49:08] [INFO] [cnx200_dashboard:historical_data_service.py:71] - [14/196] Processing historical backfill for symbol 'ASIANPAINT'...
[2026-09-03 23:49:08] [INFO] [cnx200_dashboard:nse_client.py:59] - Fetching historical market data for ASIANPAINT from 03-09-2025 to 03-09-2026...
[2026-09-03 23:49:11] [INFO] [cnx200_dashboard:nse_client.py:69] - Retrieved 252 price records for ASIANPAINT.
[2026-09-03 23:49:11] [INFO] [cnx200_dashboard:repositories.py:164] - Bulk upserted 252 price records into daily_prices.
[2026-09-03 23:49:11] [INFO] [cnx200_dashboard:historical_data_service.py:122] - [OK] [14/196] 'ASIANPAINT' backfill complete: 252 records upserted.
[2026-09-03 23:49:11] [INFO] [cnx200_dashboard:historical_data_service.py:71] - [15/196] Processing historical backfill for symbol 'ASTRAL'...
[2026-09-03 23:49:11] [INFO] [cnx200_dashboard:nse_client.py:59] - Fetching historical market data for ASTRAL from 03-09-2025 to 03-09-2026...
[2026-09-03 23:49:12] [INFO] [cnx200_dashboard:nse_client.py:69] - Retrieved 249 price records for ASTRAL.
[2026-09-03 23:49:12] [INFO] [cnx200_dashboard:repositories.py:164] - Bulk upserted 249 price records into daily_prices.
[2026-09-03 23:49:12] [INFO] [cnx200_dashboard:historical_data_service.py:122] - [OK] [15/196] 'ASTRAL' backfill complete: 249 records upserted.
[2026-09-03 23:49:12] [INFO] [cnx200_dashboard:historical_data_service.py:71] - [16/196] Processing historical backfill for symbol 'ATGL'...
[2026-09-03 23:49:12] [INFO] [cnx200_dashboard:nse_client.py:59] - Fetching historical market data for ATGL from 03-09-2025 to 03-09-2026...
[2026-09-03 23:49:13] [INFO] [cnx200_dashboard:nse_client.py:69] - Retrieved 249 price records for ATGL.
[2026-09-03 23:49:13] [INFO] [cnx200_dashboard:repositories.py:164] - Bulk upserted 249 price records into daily_prices.
[2026-09-03 23:49:13] [INFO] [cnx200_dashboard:historical_data_service.py:122] - [OK] [16/196] 'ATGL' backfill complete: 249 records upserted.
[2026-09-03 23:49:13] [INFO] [cnx200_dashboard:historical_data_service.py:71] - [17/196] Processing historical backfill for symbol 'AUBANK'...
[2026-09-03 23:49:13] [INFO] [cnx200_dashboard:nse_client.py:59] - Fetching historical market data for AUBANK from 03-09-2025 to 03-09-2026...
[2026-09-03 23:49:14] [INFO] [cnx200_dashboard:nse_client.py:69] - Retrieved 250 price records for AUBANK.
[2026-09-03 23:49:14] [INFO] [cnx200_dashboard:repositories.py:164] - Bulk upserted 250 price records into daily_prices.
[2026-09-03 23:49:14] [INFO] [cnx200_dashboard:historical_data_service.py:122] - [OK] [17/196] 'AUBANK' backfill complete: 250 records upserted.
[2026-09-03 23:49:14] [INFO] [cnx200_dashboard:historical_data_service.py:71] - [18/196] Processing historical backfill for symbol 'AUROPHARMA'...
[2026-09-03 23:49:14] [INFO] [cnx200_dashboard:nse_client.py:59] - Fetching historical market data for AUROPHARMA from 03-09-2025 to 03-09-2026...
[2026-09-03 23:49:15] [INFO] [cnx200_dashboard:nse_client.py:69] - Retrieved 250 price records for AUROPHARMA.
[2026-09-03 23:49:15] [INFO] [cnx200_dashboard:repositories.py:164] - Bulk upserted 250 price records into daily_prices.
[2026-09-03 23:49:15] [INFO] [cnx200_dashboard:historical_data_service.py:122] - [OK] [18/196] 'AUROPHARMA' backfill complete: 250 records upserted.
[2026-09-03 23:49:15] [INFO] [cnx200_dashboard:historical_data_service.py:71] - [19/196] Processing historical backfill for symbol 'AXISBANK'...
[2026-09-03 23:49:15] [INFO] [cnx200_dashboard:nse_client.py:59] - Fetching historical market data for AXISBANK from 03-09-2025 to 03-09-2026...
[2026-09-03 23:49:16] [INFO] [cnx200_dashboard:nse_client.py:69] - Retrieved 254 price records for AXISBANK.
[2026-09-03 23:49:16] [INFO] [cnx200_dashboard:repositories.py:164] - Bulk upserted 254 price records into daily_prices.
[2026-09-03 23:49:16] [INFO] [cnx200_dashboard:historical_data_service.py:122] - [OK] [19/196] 'AXISBANK' backfill complete: 254 records upserted.
[2026-09-03 23:49:16] [INFO] [cnx200_dashboard:historical_data_service.py:71] - [20/196] Processing historical backfill for symbol 'BAJAJ-AUTO'...
[2026-09-03 23:49:16] [INFO] [cnx200_dashboard:nse_client.py:59] - Fetching historical market data for BAJAJ-AUTO from 03-09-2025 to 03-09-2026...
[2026-09-03 23:49:17] [INFO] [cnx200_dashboard:nse_client.py:69] - Retrieved 251 price records for BAJAJ-AUTO.
[2026-09-03 23:49:17] [INFO] [cnx200_dashboard:repositories.py:164] - Bulk upserted 251 price records into daily_prices.
[2026-09-03 23:49:17] [INFO] [cnx200_dashboard:historical_data_service.py:122] - [OK] [20/196] 'BAJAJ-AUTO' backfill complete: 251 records upserted.
[2026-09-03 23:49:17] [INFO] [cnx200_dashboard:historical_data_service.py:71] - [21/196] Processing historical backfill for symbol 'BAJAJFINSV'...
[2026-09-03 23:49:17] [INFO] [cnx200_dashboard:nse_client.py:59] - Fetching historical market data for BAJAJFINSV from 03-09-2025 to 03-09-2026...
[2026-09-03 23:49:18] [INFO] [cnx200_dashboard:nse_client.py:69] - Retrieved 249 price records for BAJAJFINSV.
[2026-09-03 23:49:18] [INFO] [cnx200_dashboard:repositories.py:164] - Bulk upserted 249 price records into daily_prices.
[2026-09-03 23:49:18] [INFO] [cnx200_dashboard:historical_data_service.py:122] - [OK] [21/196] 'BAJAJFINSV' backfill complete: 249 records upserted.
[2026-09-03 23:49:18] [INFO] [cnx200_dashboard:historical_data_service.py:71] - [22/196] Processing historical backfill for symbol 'BAJAJHLDNG'...
[2026-09-03 23:49:18] [INFO] [cnx200_dashboard:nse_client.py:59] - Fetching historical market data for BAJAJHLDNG from 03-09-2025 to 03-09-2026...
[2026-09-03 23:49:18] [INFO] [cnx200_dashboard:nse_client.py:69] - Retrieved 251 price records for BAJAJHLDNG.
[2026-09-03 23:49:19] [INFO] [cnx200_dashboard:repositories.py:164] - Bulk upserted 251 price records into daily_prices.
[2026-09-03 23:49:19] [INFO] [cnx200_dashboard:historical_data_service.py:122] - [OK] [22/196] 'BAJAJHLDNG' backfill complete: 251 records upserted.
[2026-09-03 23:49:19] [INFO] [cnx200_dashboard:historical_data_service.py:71] - [23/196] Processing historical backfill for symbol 'BAJFINANCE'...
[2026-09-03 23:49:19] [INFO] [cnx200_dashboard:nse_client.py:59] - Fetching historical market data for BAJFINANCE from 03-09-2025 to 03-09-2026...
[2026-09-03 23:49:19] [INFO] [cnx200_dashboard:nse_client.py:69] - Retrieved 250 price records for BAJFINANCE.
[2026-09-03 23:49:19] [INFO] [cnx200_dashboard:repositories.py:164] - Bulk upserted 250 price records into daily_prices.
[2026-09-03 23:49:19] [INFO] [cnx200_dashboard:historical_data_service.py:122] - [OK] [23/196] 'BAJFINANCE' backfill complete: 250 records upserted.
[2026-09-03 23:49:19] [INFO] [cnx200_dashboard:historical_data_service.py:71] - [24/196] Processing historical backfill for symbol 'BANKBARODA'...
[2026-09-03 23:49:19] [INFO] [cnx200_dashboard:nse_client.py:59] - Fetching historical market data for BANKBARODA from 03-09-2025 to 03-09-2026...
[2026-09-03 23:49:20] [INFO] [cnx200_dashboard:nse_client.py:69] - Retrieved 252 price records for BANKBARODA.
[2026-09-03 23:49:20] [INFO] [cnx200_dashboard:repositories.py:164] - Bulk upserted 252 price records into daily_prices.
[2026-09-03 23:49:20] [INFO] [cnx200_dashboard:historical_data_service.py:122] - [OK] [24/196] 'BANKBARODA' backfill complete: 252 records upserted.
[2026-09-03 23:49:20] [INFO] [cnx200_dashboard:historical_data_service.py:71] - [25/196] Processing historical backfill for symbol 'BANKINDIA'...
[2026-09-03 23:49:20] [INFO] [cnx200_dashboard:nse_client.py:59] - Fetching historical market data for BANKINDIA from 03-09-2025 to 03-09-2026...
[2026-09-03 23:49:21] [INFO] [cnx200_dashboard:nse_client.py:69] - Retrieved 251 price records for BANKINDIA.
[2026-09-03 23:49:21] [INFO] [cnx200_dashboard:repositories.py:164] - Bulk upserted 251 price records into daily_prices.
[2026-09-03 23:49:21] [INFO] [cnx200_dashboard:historical_data_service.py:122] - [OK] [25/196] 'BANKINDIA' backfill complete: 251 records upserted.
[2026-09-03 23:49:21] [INFO] [cnx200_dashboard:historical_data_service.py:71] - [26/196] Processing historical backfill for symbol 'BDL'...
[2026-09-03 23:49:21] [INFO] [cnx200_dashboard:nse_client.py:59] - Fetching historical market data for BDL from 03-09-2025 to 03-09-2026...
[2026-09-03 23:49:22] [INFO] [cnx200_dashboard:nse_client.py:69] - Retrieved 249 price records for BDL.
[2026-09-03 23:49:22] [INFO] [cnx200_dashboard:repositories.py:164] - Bulk upserted 249 price records into daily_prices.
[2026-09-03 23:49:22] [INFO] [cnx200_dashboard:historical_data_service.py:122] - [OK] [26/196] 'BDL' backfill complete: 249 records upserted.
[2026-09-03 23:49:22] [INFO] [cnx200_dashboard:historical_data_service.py:71] - [27/196] Processing historical backfill for symbol 'BEL'...
[2026-09-03 23:49:22] [INFO] [cnx200_dashboard:nse_client.py:59] - Fetching historical market data for BEL from 03-09-2025 to 03-09-2026...
[2026-09-03 23:49:22] [INFO] [cnx200_dashboard:nse_client.py:69] - Retrieved 253 price records for BEL.
[2026-09-03 23:49:22] [INFO] [cnx200_dashboard:repositories.py:164] - Bulk upserted 253 price records into daily_prices.
[2026-09-03 23:49:22] [INFO] [cnx200_dashboard:historical_data_service.py:122] - [OK] [27/196] 'BEL' backfill complete: 253 records upserted.
[2026-09-03 23:49:22] [INFO] [cnx200_dashboard:historical_data_service.py:71] - [28/196] Processing historical backfill for symbol 'BHARATFORG'...
[2026-09-03 23:49:22] [INFO] [cnx200_dashboard:nse_client.py:59] - Fetching historical market data for BHARATFORG from 03-09-2025 to 03-09-2026...
[2026-09-03 23:49:23] [INFO] [cnx200_dashboard:nse_client.py:69] - Retrieved 251 price records for BHARATFORG.
[2026-09-03 23:49:23] [INFO] [cnx200_dashboard:repositories.py:164] - Bulk upserted 251 price records into daily_prices.
[2026-09-03 23:49:23] [INFO] [cnx200_dashboard:historical_data_service.py:122] - [OK] [28/196] 'BHARATFORG' backfill complete: 251 records upserted.
[2026-09-03 23:49:23] [INFO] [cnx200_dashboard:historical_data_service.py:71] - [29/196] Processing historical backfill for symbol 'BHARTIARTL'...
[2026-09-03 23:49:23] [INFO] [cnx200_dashboard:nse_client.py:59] - Fetching historical market data for BHARTIARTL from 03-09-2025 to 03-09-2026...
[2026-09-03 23:49:24] [INFO] [cnx200_dashboard:nse_client.py:69] - Retrieved 258 price records for BHARTIARTL.
[2026-09-03 23:49:24] [INFO] [cnx200_dashboard:repositories.py:164] - Bulk upserted 258 price records into daily_prices.
[2026-09-03 23:49:24] [INFO] [cnx200_dashboard:historical_data_service.py:122] - [OK] [29/196] 'BHARTIARTL' backfill complete: 258 records upserted.
[2026-09-03 23:49:24] [INFO] [cnx200_dashboard:historical_data_service.py:71] - [30/196] Processing historical backfill for symbol 'BHEL'...
[2026-09-03 23:49:24] [INFO] [cnx200_dashboard:nse_client.py:59] - Fetching historical market data for BHEL from 03-09-2025 to 03-09-2026...
[2026-09-03 23:49:25] [INFO] [cnx200_dashboard:nse_client.py:69] - Retrieved 251 price records for BHEL.
[2026-09-03 23:49:25] [INFO] [cnx200_dashboard:repositories.py:164] - Bulk upserted 251 price records into daily_prices.
[2026-09-03 23:49:25] [INFO] [cnx200_dashboard:historical_data_service.py:122] - [OK] [30/196] 'BHEL' backfill complete: 251 records upserted.
[2026-09-03 23:49:25] [INFO] [cnx200_dashboard:historical_data_service.py:71] - [31/196] Processing historical backfill for symbol 'BIOCON'...
[2026-09-03 23:49:25] [INFO] [cnx200_dashboard:nse_client.py:59] - Fetching historical market data for BIOCON from 03-09-2025 to 03-09-2026...
[2026-09-03 23:49:28] [INFO] [cnx200_dashboard:nse_client.py:69] - Retrieved 250 price records for BIOCON.
[2026-09-03 23:49:28] [INFO] [cnx200_dashboard:repositories.py:164] - Bulk upserted 250 price records into daily_prices.
[2026-09-03 23:49:28] [INFO] [cnx200_dashboard:historical_data_service.py:122] - [OK] [31/196] 'BIOCON' backfill complete: 250 records upserted.
[2026-09-03 23:49:28] [INFO] [cnx200_dashboard:historical_data_service.py:71] - [32/196] Processing historical backfill for symbol 'BLUESTARCO'...
[2026-09-03 23:49:28] [INFO] [cnx200_dashboard:nse_client.py:59] - Fetching historical market data for BLUESTARCO from 03-09-2025 to 03-09-2026...
[2026-09-03 23:49:31] [INFO] [cnx200_dashboard:nse_client.py:69] - Retrieved 250 price records for BLUESTARCO.
[2026-09-03 23:49:31] [INFO] [cnx200_dashboard:repositories.py:164] - Bulk upserted 250 price records into daily_prices.
[2026-09-03 23:49:31] [INFO] [cnx200_dashboard:historical_data_service.py:122] - [OK] [32/196] 'BLUESTARCO' backfill complete: 250 records upserted.
[2026-09-03 23:49:31] [INFO] [cnx200_dashboard:historical_data_service.py:71] - [33/196] Processing historical backfill for symbol 'BOSCHLTD'...
[2026-09-03 23:49:31] [INFO] [cnx200_dashboard:nse_client.py:59] - Fetching historical market data for BOSCHLTD from 03-09-2025 to 03-09-2026...
[2026-09-03 23:49:32] [INFO] [cnx200_dashboard:nse_client.py:69] - Retrieved 249 price records for BOSCHLTD.
[2026-09-03 23:49:32] [INFO] [cnx200_dashboard:repositories.py:164] - Bulk upserted 249 price records into daily_prices.
[2026-09-03 23:49:32] [INFO] [cnx200_dashboard:historical_data_service.py:122] - [OK] [33/196] 'BOSCHLTD' backfill complete: 249 records upserted.
[2026-09-03 23:49:32] [INFO] [cnx200_dashboard:historical_data_service.py:71] - [34/196] Processing historical backfill for symbol 'BPCL'...
[2026-09-03 23:49:32] [INFO] [cnx200_dashboard:nse_client.py:59] - Fetching historical market data for BPCL from 03-09-2025 to 03-09-2026...
[2026-09-03 23:49:32] [INFO] [cnx200_dashboard:nse_client.py:69] - Retrieved 251 price records for BPCL.
[2026-09-03 23:49:32] [INFO] [cnx200_dashboard:repositories.py:164] - Bulk upserted 251 price records into daily_prices.
[2026-09-03 23:49:32] [INFO] [cnx200_dashboard:historical_data_service.py:122] - [OK] [34/196] 'BPCL' backfill complete: 251 records upserted.
[2026-09-03 23:49:32] [INFO] [cnx200_dashboard:historical_data_service.py:71] - [35/196] Processing historical backfill for symbol 'BRITANNIA'...
[2026-09-03 23:49:32] [INFO] [cnx200_dashboard:nse_client.py:59] - Fetching historical market data for BRITANNIA from 03-09-2025 to 03-09-2026...
[2026-09-03 23:49:33] [INFO] [cnx200_dashboard:nse_client.py:69] - Retrieved 249 price records for BRITANNIA.
[2026-09-03 23:49:33] [INFO] [cnx200_dashboard:repositories.py:164] - Bulk upserted 249 price records into daily_prices.
[2026-09-03 23:49:33] [INFO] [cnx200_dashboard:historical_data_service.py:122] - [OK] [35/196] 'BRITANNIA' backfill complete: 249 records upserted.
[2026-09-03 23:49:33] [INFO] [cnx200_dashboard:historical_data_service.py:71] - [36/196] Processing historical backfill for symbol 'BSE'...
[2026-09-03 23:49:33] [INFO] [cnx200_dashboard:nse_client.py:59] - Fetching historical market data for BSE from 03-09-2025 to 03-09-2026...
[2026-09-03 23:49:34] [INFO] [cnx200_dashboard:nse_client.py:69] - Retrieved 249 price records for BSE.
[2026-09-03 23:49:34] [INFO] [cnx200_dashboard:repositories.py:164] - Bulk upserted 249 price records into daily_prices.
[2026-09-03 23:49:34] [INFO] [cnx200_dashboard:historical_data_service.py:122] - [OK] [36/196] 'BSE' backfill complete: 249 records upserted.
[2026-09-03 23:49:34] [INFO] [cnx200_dashboard:historical_data_service.py:71] - [37/196] Processing historical backfill for symbol 'CANBK'...
[2026-09-03 23:49:34] [INFO] [cnx200_dashboard:nse_client.py:59] - Fetching historical market data for CANBK from 03-09-2025 to 03-09-2026...
[2026-09-03 23:49:35] [INFO] [cnx200_dashboard:nse_client.py:69] - Retrieved 251 price records for CANBK.
[2026-09-03 23:49:35] [INFO] [cnx200_dashboard:repositories.py:164] - Bulk upserted 251 price records into daily_prices.
[2026-09-03 23:49:35] [INFO] [cnx200_dashboard:historical_data_service.py:122] - [OK] [37/196] 'CANBK' backfill complete: 251 records upserted.
[2026-09-03 23:49:35] [INFO] [cnx200_dashboard:historical_data_service.py:71] - [38/196] Processing historical backfill for symbol 'CGPOWER'...
[2026-09-03 23:49:35] [INFO] [cnx200_dashboard:nse_client.py:59] - Fetching historical market data for CGPOWER from 03-09-2025 to 03-09-2026...
[2026-09-03 23:49:36] [INFO] [cnx200_dashboard:nse_client.py:69] - Retrieved 251 price records for CGPOWER.
[2026-09-03 23:49:36] [INFO] [cnx200_dashboard:repositories.py:164] - Bulk upserted 251 price records into daily_prices.
[2026-09-03 23:49:36] [INFO] [cnx200_dashboard:historical_data_service.py:122] - [OK] [38/196] 'CGPOWER' backfill complete: 251 records upserted.
[2026-09-03 23:49:36] [INFO] [cnx200_dashboard:historical_data_service.py:71] - [39/196] Processing historical backfill for symbol 'CHOLAFIN'...
[2026-09-03 23:49:36] [INFO] [cnx200_dashboard:nse_client.py:59] - Fetching historical market data for CHOLAFIN from 03-09-2025 to 03-09-2026...
[2026-09-03 23:49:36] [INFO] [cnx200_dashboard:nse_client.py:69] - Retrieved 250 price records for CHOLAFIN.
[2026-09-03 23:49:37] [INFO] [cnx200_dashboard:repositories.py:164] - Bulk upserted 250 price records into daily_prices.
[2026-09-03 23:49:37] [INFO] [cnx200_dashboard:historical_data_service.py:122] - [OK] [39/196] 'CHOLAFIN' backfill complete: 250 records upserted.
[2026-09-03 23:49:37] [INFO] [cnx200_dashboard:historical_data_service.py:71] - [40/196] Processing historical backfill for symbol 'CIPLA'...
[2026-09-03 23:49:37] [INFO] [cnx200_dashboard:nse_client.py:59] - Fetching historical market data for CIPLA from 03-09-2025 to 03-09-2026...
[2026-09-03 23:49:37] [INFO] [cnx200_dashboard:nse_client.py:69] - Retrieved 250 price records for CIPLA.
[2026-09-03 23:49:37] [INFO] [cnx200_dashboard:repositories.py:164] - Bulk upserted 250 price records into daily_prices.
[2026-09-03 23:49:37] [INFO] [cnx200_dashboard:historical_data_service.py:122] - [OK] [40/196] 'CIPLA' backfill complete: 250 records upserted.
[2026-09-03 23:49:37] [INFO] [cnx200_dashboard:historical_data_service.py:71] - [41/196] Processing historical backfill for symbol 'COALINDIA'...
[2026-09-03 23:49:37] [INFO] [cnx200_dashboard:nse_client.py:59] - Fetching historical market data for COALINDIA from 03-09-2025 to 03-09-2026...
[2026-09-03 23:49:38] [INFO] [cnx200_dashboard:nse_client.py:69] - Retrieved 252 price records for COALINDIA.
[2026-09-03 23:49:38] [INFO] [cnx200_dashboard:repositories.py:164] - Bulk upserted 252 price records into daily_prices.
[2026-09-03 23:49:38] [INFO] [cnx200_dashboard:historical_data_service.py:122] - [OK] [41/196] 'COALINDIA' backfill complete: 252 records upserted.
[2026-09-03 23:49:38] [INFO] [cnx200_dashboard:historical_data_service.py:71] - [42/196] Processing historical backfill for symbol 'COCHINSHIP'...
[2026-09-03 23:49:38] [INFO] [cnx200_dashboard:nse_client.py:59] - Fetching historical market data for COCHINSHIP from 03-09-2025 to 03-09-2026...
[2026-09-03 23:49:39] [INFO] [cnx200_dashboard:nse_client.py:69] - Retrieved 249 price records for COCHINSHIP.
[2026-09-03 23:49:39] [INFO] [cnx200_dashboard:repositories.py:164] - Bulk upserted 249 price records into daily_prices.
[2026-09-03 23:49:39] [INFO] [cnx200_dashboard:historical_data_service.py:122] - [OK] [42/196] 'COCHINSHIP' backfill complete: 249 records upserted.
[2026-09-03 23:49:39] [INFO] [cnx200_dashboard:historical_data_service.py:71] - [43/196] Processing historical backfill for symbol 'COFORGE'...
[2026-09-03 23:49:39] [INFO] [cnx200_dashboard:nse_client.py:59] - Fetching historical market data for COFORGE from 03-09-2025 to 03-09-2026...
[2026-09-03 23:49:40] [INFO] [cnx200_dashboard:nse_client.py:69] - Retrieved 251 price records for COFORGE.
[2026-09-03 23:49:40] [INFO] [cnx200_dashboard:repositories.py:164] - Bulk upserted 251 price records into daily_prices.
[2026-09-03 23:49:40] [INFO] [cnx200_dashboard:historical_data_service.py:122] - [OK] [43/196] 'COFORGE' backfill complete: 251 records upserted.
[2026-09-03 23:49:40] [INFO] [cnx200_dashboard:historical_data_service.py:71] - [44/196] Processing historical backfill for symbol 'COLPAL'...
[2026-09-03 23:49:40] [INFO] [cnx200_dashboard:nse_client.py:59] - Fetching historical market data for COLPAL from 03-09-2025 to 03-09-2026...
[2026-09-03 23:49:40] [INFO] [cnx200_dashboard:nse_client.py:69] - Retrieved 249 price records for COLPAL.
[2026-09-03 23:49:41] [INFO] [cnx200_dashboard:repositories.py:164] - Bulk upserted 249 price records into daily_prices.
[2026-09-03 23:49:41] [INFO] [cnx200_dashboard:historical_data_service.py:122] - [OK] [44/196] 'COLPAL' backfill complete: 249 records upserted.
[2026-09-03 23:49:41] [INFO] [cnx200_dashboard:historical_data_service.py:71] - [45/196] Processing historical backfill for symbol 'CONCOR'...
[2026-09-03 23:49:41] [INFO] [cnx200_dashboard:nse_client.py:59] - Fetching historical market data for CONCOR from 03-09-2025 to 03-09-2026...
[2026-09-03 23:49:43] [INFO] [cnx200_dashboard:nse_client.py:69] - Retrieved 249 price records for CONCOR.
[2026-09-03 23:49:43] [INFO] [cnx200_dashboard:repositories.py:164] - Bulk upserted 249 price records into daily_prices.
[2026-09-03 23:49:43] [INFO] [cnx200_dashboard:historical_data_service.py:122] - [OK] [45/196] 'CONCOR' backfill complete: 249 records upserted.
[2026-09-03 23:49:43] [INFO] [cnx200_dashboard:historical_data_service.py:71] - [46/196] Processing historical backfill for symbol 'COROMANDEL'...
[2026-09-03 23:49:43] [INFO] [cnx200_dashboard:nse_client.py:59] - Fetching historical market data for COROMANDEL from 03-09-2025 to 03-09-2026...
[2026-09-03 23:49:44] [INFO] [cnx200_dashboard:nse_client.py:69] - Retrieved 250 price records for COROMANDEL.
[2026-09-03 23:49:44] [INFO] [cnx200_dashboard:repositories.py:164] - Bulk upserted 250 price records into daily_prices.
[2026-09-03 23:49:44] [INFO] [cnx200_dashboard:historical_data_service.py:122] - [OK] [46/196] 'COROMANDEL' backfill complete: 250 records upserted.
[2026-09-03 23:49:44] [INFO] [cnx200_dashboard:historical_data_service.py:71] - [47/196] Processing historical backfill for symbol 'CUMMINSIND'...
[2026-09-03 23:49:44] [INFO] [cnx200_dashboard:nse_client.py:59] - Fetching historical market data for CUMMINSIND from 03-09-2025 to 03-09-2026...
[2026-09-03 23:49:47] [INFO] [cnx200_dashboard:nse_client.py:69] - Retrieved 249 price records for CUMMINSIND.
[2026-09-03 23:49:47] [INFO] [cnx200_dashboard:repositories.py:164] - Bulk upserted 249 price records into daily_prices.
[2026-09-03 23:49:47] [INFO] [cnx200_dashboard:historical_data_service.py:122] - [OK] [47/196] 'CUMMINSIND' backfill complete: 249 records upserted.
[2026-09-03 23:49:47] [INFO] [cnx200_dashboard:historical_data_service.py:71] - [48/196] Processing historical backfill for symbol 'DABUR'...
[2026-09-03 23:49:47] [INFO] [cnx200_dashboard:nse_client.py:59] - Fetching historical market data for DABUR from 03-09-2025 to 03-09-2026...
[2026-09-03 23:49:48] [INFO] [cnx200_dashboard:nse_client.py:69] - Retrieved 249 price records for DABUR.
[2026-09-03 23:49:48] [INFO] [cnx200_dashboard:repositories.py:164] - Bulk upserted 249 price records into daily_prices.
[2026-09-03 23:49:48] [INFO] [cnx200_dashboard:historical_data_service.py:122] - [OK] [48/196] 'DABUR' backfill complete: 249 records upserted.
[2026-09-03 23:49:48] [INFO] [cnx200_dashboard:historical_data_service.py:71] - [49/196] Processing historical backfill for symbol 'DIVISLAB'...
[2026-09-03 23:49:48] [INFO] [cnx200_dashboard:nse_client.py:59] - Fetching historical market data for DIVISLAB from 03-09-2025 to 03-09-2026...
[2026-09-03 23:49:50] [INFO] [cnx200_dashboard:main.py:45] - No specific flags provided. Initializing database and running connectivity tests...
[2026-09-03 23:49:50] [INFO] [cnx200_dashboard:init_db.py:13] - Checking/Creating MySQL Database 'cnx200_rsi_dashboard'...
[2026-09-03 23:49:50] [INFO] [cnx200_dashboard:init_db.py:25] - Database 'cnx200_rsi_dashboard' ensured.
[2026-09-03 23:49:50] [INFO] [cnx200_dashboard:connection.py:34] - SQLAlchemy Database Engine initialized successfully.
[2026-09-03 23:49:50] [INFO] [cnx200_dashboard:init_db.py:31] - Creating tables, foreign keys, and indexes if they do not exist...
[2026-09-03 23:49:50] [INFO] [cnx200_dashboard:init_db.py:34] - All database tables initialized successfully.
[2026-09-03 23:49:50] [INFO] [cnx200_dashboard:init_db.py:13] - Checking/Creating MySQL Database 'cnx200_rsi_dashboard'...
[2026-09-03 23:49:50] [INFO] [cnx200_dashboard:nse_client.py:69] - Retrieved 250 price records for DIVISLAB.
[2026-09-03 23:49:50] [INFO] [cnx200_dashboard:init_db.py:25] - Database 'cnx200_rsi_dashboard' ensured.
[2026-09-03 23:49:50] [INFO] [cnx200_dashboard:init_db.py:31] - Creating tables, foreign keys, and indexes if they do not exist...
[2026-09-03 23:49:50] [INFO] [cnx200_dashboard:init_db.py:34] - All database tables initialized successfully.
[2026-09-03 23:49:50] [INFO] [cnx200_dashboard:connection.py:79] - Database connection test successful on target 'cnx200_rsi_dashboard'.
[2026-09-03 23:49:50] [INFO] [cnx200_dashboard:repositories.py:28] - Stock 'RELIANCE' already exists in stock_master (ID: 7).
[2026-09-03 23:49:50] [INFO] [cnx200_dashboard:repositories.py:28] - Stock 'TCS' already exists in stock_master (ID: 8).
[2026-09-03 23:49:50] [INFO] [cnx200_dashboard:repositories.py:164] - Bulk upserted 1 price records into daily_prices.
[2026-09-03 23:49:50] [INFO] [cnx200_dashboard:repositories.py:164] - Bulk upserted 250 price records into daily_prices.
[2026-09-03 23:49:50] [INFO] [cnx200_dashboard:historical_data_service.py:122] - [OK] [49/196] 'DIVISLAB' backfill complete: 250 records upserted.
[2026-09-03 23:49:50] [INFO] [cnx200_dashboard:repositories.py:164] - Bulk upserted 1 price records into daily_prices.
[2026-09-03 23:49:50] [INFO] [cnx200_dashboard:historical_data_service.py:71] - [50/196] Processing historical backfill for symbol 'DIXON'...
[2026-09-03 23:49:50] [INFO] [cnx200_dashboard:nse_client.py:59] - Fetching historical market data for DIXON from 03-09-2025 to 03-09-2026...
[2026-09-03 23:49:50] [INFO] [cnx200_dashboard:repositories.py:247] - Created JobRun 'Daily Market Update' (ID: 9).
[2026-09-03 23:49:50] [WARNING] [cnx200_dashboard:repositories.py:317] - Logged JobError for JobRun ID 9 (Type: API_TIMEOUT).
[2026-09-03 23:49:50] [INFO] [cnx200_dashboard:repositories.py:291] - Completed JobRun ID 9 with status 'PARTIAL_SUCCESS'.
[2026-09-03 23:49:51] [INFO] [cnx200_dashboard:nse_client.py:69] - Retrieved 250 price records for DIXON.
[2026-09-03 23:49:51] [INFO] [cnx200_dashboard:repositories.py:164] - Bulk upserted 250 price records into daily_prices.
[2026-09-03 23:49:51] [INFO] [cnx200_dashboard:historical_data_service.py:122] - [OK] [50/196] 'DIXON' backfill complete: 250 records upserted.
[2026-09-03 23:49:51] [INFO] [cnx200_dashboard:historical_data_service.py:71] - [51/196] Processing historical backfill for symbol 'DLF'...
[2026-09-03 23:49:51] [INFO] [cnx200_dashboard:nse_client.py:59] - Fetching historical market data for DLF from 03-09-2025 to 03-09-2026...
[2026-09-03 23:49:52] [INFO] [cnx200_dashboard:nse_client.py:69] - Retrieved 250 price records for DLF.
[2026-09-03 23:49:52] [INFO] [cnx200_dashboard:repositories.py:164] - Bulk upserted 250 price records into daily_prices.
[2026-09-03 23:49:52] [INFO] [cnx200_dashboard:historical_data_service.py:122] - [OK] [51/196] 'DLF' backfill complete: 250 records upserted.
[2026-09-03 23:49:52] [INFO] [cnx200_dashboard:historical_data_service.py:71] - [52/196] Processing historical backfill for symbol 'DMART'...
[2026-09-03 23:49:52] [INFO] [cnx200_dashboard:nse_client.py:59] - Fetching historical market data for DMART from 03-09-2025 to 03-09-2026...
[2026-09-03 23:49:53] [INFO] [cnx200_dashboard:nse_client.py:69] - Retrieved 249 price records for DMART.
[2026-09-03 23:49:53] [INFO] [cnx200_dashboard:repositories.py:164] - Bulk upserted 249 price records into daily_prices.
[2026-09-03 23:49:53] [INFO] [cnx200_dashboard:historical_data_service.py:122] - [OK] [52/196] 'DMART' backfill complete: 249 records upserted.
[2026-09-03 23:49:53] [INFO] [cnx200_dashboard:historical_data_service.py:71] - [53/196] Processing historical backfill for symbol 'DRREDDY'...
[2026-09-03 23:49:53] [INFO] [cnx200_dashboard:nse_client.py:59] - Fetching historical market data for DRREDDY from 03-09-2025 to 03-09-2026...
[2026-09-03 23:49:53] [INFO] [cnx200_dashboard:nse_client.py:69] - Retrieved 250 price records for DRREDDY.
[2026-09-03 23:49:53] [INFO] [cnx200_dashboard:repositories.py:164] - Bulk upserted 250 price records into daily_prices.
[2026-09-03 23:49:53] [INFO] [cnx200_dashboard:historical_data_service.py:122] - [OK] [53/196] 'DRREDDY' backfill complete: 250 records upserted.
[2026-09-03 23:49:53] [INFO] [cnx200_dashboard:historical_data_service.py:71] - [54/196] Processing historical backfill for symbol 'EICHERMOT'...
[2026-09-03 23:49:53] [INFO] [cnx200_dashboard:nse_client.py:59] - Fetching historical market data for EICHERMOT from 03-09-2025 to 03-09-2026...
[2026-09-03 23:49:54] [INFO] [cnx200_dashboard:nse_client.py:69] - Retrieved 253 price records for EICHERMOT.
[2026-09-03 23:49:54] [INFO] [cnx200_dashboard:repositories.py:164] - Bulk upserted 253 price records into daily_prices.
[2026-09-03 23:49:54] [INFO] [cnx200_dashboard:historical_data_service.py:122] - [OK] [54/196] 'EICHERMOT' backfill complete: 253 records upserted.
[2026-09-03 23:49:54] [INFO] [cnx200_dashboard:historical_data_service.py:71] - [55/196] Processing historical backfill for symbol 'ENRIN'...
[2026-09-03 23:49:54] [INFO] [cnx200_dashboard:nse_client.py:59] - Fetching historical market data for ENRIN from 03-09-2025 to 03-09-2026...
[2026-09-03 23:49:57] [INFO] [cnx200_dashboard:nse_client.py:69] - Retrieved 252 price records for ENRIN.
[2026-09-03 23:49:57] [INFO] [cnx200_dashboard:repositories.py:164] - Bulk upserted 252 price records into daily_prices.
[2026-09-03 23:49:57] [INFO] [cnx200_dashboard:historical_data_service.py:122] - [OK] [55/196] 'ENRIN' backfill complete: 252 records upserted.
[2026-09-03 23:49:57] [INFO] [cnx200_dashboard:historical_data_service.py:71] - [56/196] Processing historical backfill for symbol 'ETERNAL'...
[2026-09-03 23:49:57] [INFO] [cnx200_dashboard:nse_client.py:59] - Fetching historical market data for ETERNAL from 03-09-2025 to 03-09-2026...
[2026-09-03 23:50:00] [INFO] [cnx200_dashboard:nse_client.py:69] - Retrieved 263 price records for ETERNAL.
[2026-09-03 23:50:00] [INFO] [cnx200_dashboard:repositories.py:164] - Bulk upserted 263 price records into daily_prices.
[2026-09-03 23:50:00] [INFO] [cnx200_dashboard:historical_data_service.py:122] - [OK] [56/196] 'ETERNAL' backfill complete: 263 records upserted.
[2026-09-03 23:50:00] [INFO] [cnx200_dashboard:historical_data_service.py:71] - [57/196] Processing historical backfill for symbol 'EXIDEIND'...
[2026-09-03 23:50:00] [INFO] [cnx200_dashboard:nse_client.py:59] - Fetching historical market data for EXIDEIND from 03-09-2025 to 03-09-2026...
[2026-09-03 23:50:01] [INFO] [cnx200_dashboard:nse_client.py:69] - Retrieved 249 price records for EXIDEIND.
[2026-09-03 23:50:01] [INFO] [cnx200_dashboard:repositories.py:164] - Bulk upserted 249 price records into daily_prices.
[2026-09-03 23:50:01] [INFO] [cnx200_dashboard:historical_data_service.py:122] - [OK] [57/196] 'EXIDEIND' backfill complete: 249 records upserted.
[2026-09-03 23:50:01] [INFO] [cnx200_dashboard:historical_data_service.py:71] - [58/196] Processing historical backfill for symbol 'FEDERALBNK'...
[2026-09-03 23:50:01] [INFO] [cnx200_dashboard:nse_client.py:59] - Fetching historical market data for FEDERALBNK from 03-09-2025 to 03-09-2026...
[2026-09-03 23:50:02] [INFO] [cnx200_dashboard:nse_client.py:69] - Retrieved 249 price records for FEDERALBNK.
[2026-09-03 23:50:02] [INFO] [cnx200_dashboard:repositories.py:164] - Bulk upserted 249 price records into daily_prices.
[2026-09-03 23:50:02] [INFO] [cnx200_dashboard:historical_data_service.py:122] - [OK] [58/196] 'FEDERALBNK' backfill complete: 249 records upserted.
[2026-09-03 23:50:02] [INFO] [cnx200_dashboard:historical_data_service.py:71] - [59/196] Processing historical backfill for symbol 'FORTIS'...
[2026-09-03 23:50:02] [INFO] [cnx200_dashboard:nse_client.py:59] - Fetching historical market data for FORTIS from 03-09-2025 to 03-09-2026...
[2026-09-03 23:50:05] [INFO] [cnx200_dashboard:nse_client.py:69] - Retrieved 253 price records for FORTIS.
[2026-09-03 23:50:05] [INFO] [cnx200_dashboard:repositories.py:164] - Bulk upserted 253 price records into daily_prices.
[2026-09-03 23:50:05] [INFO] [cnx200_dashboard:historical_data_service.py:122] - [OK] [59/196] 'FORTIS' backfill complete: 253 records upserted.
[2026-09-03 23:50:05] [INFO] [cnx200_dashboard:historical_data_service.py:71] - [60/196] Processing historical backfill for symbol 'GAIL'...
[2026-09-03 23:50:05] [INFO] [cnx200_dashboard:nse_client.py:59] - Fetching historical market data for GAIL from 03-09-2025 to 03-09-2026...
[2026-09-03 23:50:06] [INFO] [cnx200_dashboard:nse_client.py:69] - Retrieved 251 price records for GAIL.
[2026-09-03 23:50:06] [INFO] [cnx200_dashboard:repositories.py:164] - Bulk upserted 251 price records into daily_prices.
[2026-09-03 23:50:06] [INFO] [cnx200_dashboard:historical_data_service.py:122] - [OK] [60/196] 'GAIL' backfill complete: 251 records upserted.
[2026-09-03 23:50:06] [INFO] [cnx200_dashboard:historical_data_service.py:71] - [61/196] Processing historical backfill for symbol 'GLENMARK'...
[2026-09-03 23:50:06] [INFO] [cnx200_dashboard:nse_client.py:59] - Fetching historical market data for GLENMARK from 03-09-2025 to 03-09-2026...
[2026-09-03 23:50:06] [INFO] [cnx200_dashboard:nse_client.py:69] - Retrieved 249 price records for GLENMARK.
[2026-09-03 23:50:07] [INFO] [cnx200_dashboard:repositories.py:164] - Bulk upserted 249 price records into daily_prices.
[2026-09-03 23:50:07] [INFO] [cnx200_dashboard:historical_data_service.py:122] - [OK] [61/196] 'GLENMARK' backfill complete: 249 records upserted.
[2026-09-03 23:50:07] [INFO] [cnx200_dashboard:historical_data_service.py:71] - [62/196] Processing historical backfill for symbol 'GMRAIRPORT'...
[2026-09-03 23:50:07] [INFO] [cnx200_dashboard:nse_client.py:59] - Fetching historical market data for GMRAIRPORT from 03-09-2025 to 03-09-2026...
[2026-09-03 23:50:07] [INFO] [cnx200_dashboard:nse_client.py:69] - Retrieved 252 price records for GMRAIRPORT.
[2026-09-03 23:50:07] [INFO] [cnx200_dashboard:repositories.py:164] - Bulk upserted 252 price records into daily_prices.
[2026-09-03 23:50:07] [INFO] [cnx200_dashboard:historical_data_service.py:122] - [OK] [62/196] 'GMRAIRPORT' backfill complete: 252 records upserted.
[2026-09-03 23:50:07] [INFO] [cnx200_dashboard:historical_data_service.py:71] - [63/196] Processing historical backfill for symbol 'GODFRYPHLP'...
[2026-09-03 23:50:07] [INFO] [cnx200_dashboard:nse_client.py:59] - Fetching historical market data for GODFRYPHLP from 03-09-2025 to 03-09-2026...
[2026-09-03 23:50:08] [INFO] [cnx200_dashboard:nse_client.py:69] - Retrieved 249 price records for GODFRYPHLP.
[2026-09-03 23:50:08] [INFO] [cnx200_dashboard:repositories.py:164] - Bulk upserted 249 price records into daily_prices.
[2026-09-03 23:50:08] [INFO] [cnx200_dashboard:historical_data_service.py:122] - [OK] [63/196] 'GODFRYPHLP' backfill complete: 249 records upserted.
[2026-09-03 23:50:08] [INFO] [cnx200_dashboard:historical_data_service.py:71] - [64/196] Processing historical backfill for symbol 'GODREJCP'...
[2026-09-03 23:50:08] [INFO] [cnx200_dashboard:nse_client.py:59] - Fetching historical market data for GODREJCP from 03-09-2025 to 03-09-2026...
[2026-09-03 23:50:11] [INFO] [cnx200_dashboard:nse_client.py:69] - Retrieved 249 price records for GODREJCP.
[2026-09-03 23:50:11] [INFO] [cnx200_dashboard:repositories.py:164] - Bulk upserted 249 price records into daily_prices.
[2026-09-03 23:50:11] [INFO] [cnx200_dashboard:historical_data_service.py:122] - [OK] [64/196] 'GODREJCP' backfill complete: 249 records upserted.
[2026-09-03 23:50:11] [INFO] [cnx200_dashboard:historical_data_service.py:71] - [65/196] Processing historical backfill for symbol 'GODREJPROP'...
[2026-09-03 23:50:11] [INFO] [cnx200_dashboard:nse_client.py:59] - Fetching historical market data for GODREJPROP from 03-09-2025 to 03-09-2026...
[2026-09-03 23:50:12] [INFO] [cnx200_dashboard:nse_client.py:69] - Retrieved 253 price records for GODREJPROP.
[2026-09-03 23:50:12] [INFO] [cnx200_dashboard:repositories.py:164] - Bulk upserted 253 price records into daily_prices.
[2026-09-03 23:50:12] [INFO] [cnx200_dashboard:historical_data_service.py:122] - [OK] [65/196] 'GODREJPROP' backfill complete: 253 records upserted.
[2026-09-03 23:50:12] [INFO] [cnx200_dashboard:historical_data_service.py:71] - [66/196] Processing historical backfill for symbol 'GRASIM'...
[2026-09-03 23:50:12] [INFO] [cnx200_dashboard:nse_client.py:59] - Fetching historical market data for GRASIM from 03-09-2025 to 03-09-2026...
[2026-09-03 23:50:13] [INFO] [cnx200_dashboard:nse_client.py:69] - Retrieved 249 price records for GRASIM.
[2026-09-03 23:50:13] [INFO] [cnx200_dashboard:repositories.py:164] - Bulk upserted 249 price records into daily_prices.
[2026-09-03 23:50:13] [INFO] [cnx200_dashboard:historical_data_service.py:122] - [OK] [66/196] 'GRASIM' backfill complete: 249 records upserted.
[2026-09-03 23:50:13] [INFO] [cnx200_dashboard:historical_data_service.py:71] - [67/196] Processing historical backfill for symbol 'GROWW'...
[2026-09-03 23:50:13] [INFO] [cnx200_dashboard:nse_client.py:59] - Fetching historical market data for GROWW from 03-09-2025 to 03-09-2026...
[2026-09-03 23:50:14] [INFO] [cnx200_dashboard:nse_client.py:69] - Retrieved 202 price records for GROWW.
[2026-09-03 23:50:14] [INFO] [cnx200_dashboard:repositories.py:164] - Bulk upserted 202 price records into daily_prices.
[2026-09-03 23:50:14] [INFO] [cnx200_dashboard:historical_data_service.py:122] - [OK] [67/196] 'GROWW' backfill complete: 202 records upserted.
[2026-09-03 23:50:14] [INFO] [cnx200_dashboard:historical_data_service.py:71] - [68/196] Processing historical backfill for symbol 'GVT&D'...
[2026-09-03 23:50:14] [INFO] [cnx200_dashboard:nse_client.py:59] - Fetching historical market data for GVT&D from 03-09-2025 to 03-09-2026...
[2026-09-03 23:50:15] [INFO] [cnx200_dashboard:nse_client.py:69] - Retrieved 251 price records for GVT&D.
[2026-09-03 23:50:15] [INFO] [cnx200_dashboard:repositories.py:164] - Bulk upserted 251 price records into daily_prices.
[2026-09-03 23:50:15] [INFO] [cnx200_dashboard:historical_data_service.py:122] - [OK] [68/196] 'GVT&D' backfill complete: 251 records upserted.
[2026-09-03 23:50:15] [INFO] [cnx200_dashboard:historical_data_service.py:71] - [69/196] Processing historical backfill for symbol 'HAL'...
[2026-09-03 23:50:15] [INFO] [cnx200_dashboard:nse_client.py:59] - Fetching historical market data for HAL from 03-09-2025 to 03-09-2026...
[2026-09-03 23:50:16] [INFO] [cnx200_dashboard:nse_client.py:69] - Retrieved 253 price records for HAL.
[2026-09-03 23:50:16] [INFO] [cnx200_dashboard:repositories.py:164] - Bulk upserted 253 price records into daily_prices.
[2026-09-03 23:50:16] [INFO] [cnx200_dashboard:historical_data_service.py:122] - [OK] [69/196] 'HAL' backfill complete: 253 records upserted.
[2026-09-03 23:50:16] [INFO] [cnx200_dashboard:historical_data_service.py:71] - [70/196] Processing historical backfill for symbol 'HAVELLS'...
[2026-09-03 23:50:16] [INFO] [cnx200_dashboard:nse_client.py:59] - Fetching historical market data for HAVELLS from 03-09-2025 to 03-09-2026...
[2026-09-03 23:50:17] [INFO] [cnx200_dashboard:nse_client.py:69] - Retrieved 249 price records for HAVELLS.
[2026-09-03 23:50:17] [INFO] [cnx200_dashboard:repositories.py:164] - Bulk upserted 249 price records into daily_prices.
[2026-09-03 23:50:17] [INFO] [cnx200_dashboard:historical_data_service.py:122] - [OK] [70/196] 'HAVELLS' backfill complete: 249 records upserted.
[2026-09-03 23:50:17] [INFO] [cnx200_dashboard:historical_data_service.py:71] - [71/196] Processing historical backfill for symbol 'HCLTECH'...
[2026-09-03 23:50:17] [INFO] [cnx200_dashboard:nse_client.py:59] - Fetching historical market data for HCLTECH from 03-09-2025 to 03-09-2026...
[2026-09-03 23:50:18] [INFO] [cnx200_dashboard:nse_client.py:69] - Retrieved 252 price records for HCLTECH.
[2026-09-03 23:50:18] [INFO] [cnx200_dashboard:repositories.py:164] - Bulk upserted 252 price records into daily_prices.
[2026-09-03 23:50:18] [INFO] [cnx200_dashboard:historical_data_service.py:122] - [OK] [71/196] 'HCLTECH' backfill complete: 252 records upserted.
[2026-09-03 23:50:18] [INFO] [cnx200_dashboard:historical_data_service.py:71] - [72/196] Processing historical backfill for symbol 'HDFCAMC'...
[2026-09-03 23:50:18] [INFO] [cnx200_dashboard:nse_client.py:59] - Fetching historical market data for HDFCAMC from 03-09-2025 to 03-09-2026...
[2026-09-03 23:50:20] [INFO] [cnx200_dashboard:nse_client.py:69] - Retrieved 250 price records for HDFCAMC.
[2026-09-03 23:50:20] [INFO] [cnx200_dashboard:repositories.py:164] - Bulk upserted 250 price records into daily_prices.
[2026-09-03 23:50:20] [INFO] [cnx200_dashboard:historical_data_service.py:122] - [OK] [72/196] 'HDFCAMC' backfill complete: 250 records upserted.
[2026-09-03 23:50:20] [INFO] [cnx200_dashboard:historical_data_service.py:71] - [73/196] Processing historical backfill for symbol 'HDFCLIFE'...
[2026-09-03 23:50:20] [INFO] [cnx200_dashboard:nse_client.py:59] - Fetching historical market data for HDFCLIFE from 03-09-2025 to 03-09-2026...
[2026-09-03 23:50:21] [INFO] [cnx200_dashboard:nse_client.py:69] - Retrieved 249 price records for HDFCLIFE.
[2026-09-03 23:50:21] [INFO] [cnx200_dashboard:repositories.py:164] - Bulk upserted 249 price records into daily_prices.
[2026-09-03 23:50:21] [INFO] [cnx200_dashboard:historical_data_service.py:122] - [OK] [73/196] 'HDFCLIFE' backfill complete: 249 records upserted.
[2026-09-03 23:50:21] [INFO] [cnx200_dashboard:historical_data_service.py:71] - [74/196] Processing historical backfill for symbol 'HEROMOTOCO'...
[2026-09-03 23:50:21] [INFO] [cnx200_dashboard:nse_client.py:59] - Fetching historical market data for HEROMOTOCO from 03-09-2025 to 03-09-2026...
[2026-09-03 23:50:22] [INFO] [cnx200_dashboard:nse_client.py:69] - Retrieved 254 price records for HEROMOTOCO.
[2026-09-03 23:50:22] [INFO] [cnx200_dashboard:repositories.py:164] - Bulk upserted 254 price records into daily_prices.
[2026-09-03 23:50:22] [INFO] [cnx200_dashboard:historical_data_service.py:122] - [OK] [74/196] 'HEROMOTOCO' backfill complete: 254 records upserted.
[2026-09-03 23:50:22] [INFO] [cnx200_dashboard:historical_data_service.py:71] - [75/196] Processing historical backfill for symbol 'HINDALCO'...
[2026-09-03 23:50:22] [INFO] [cnx200_dashboard:nse_client.py:59] - Fetching historical market data for HINDALCO from 03-09-2025 to 03-09-2026...
[2026-09-03 23:50:23] [INFO] [cnx200_dashboard:nse_client.py:69] - Retrieved 251 price records for HINDALCO.
[2026-09-03 23:50:23] [INFO] [cnx200_dashboard:repositories.py:164] - Bulk upserted 251 price records into daily_prices.
[2026-09-03 23:50:23] [INFO] [cnx200_dashboard:historical_data_service.py:122] - [OK] [75/196] 'HINDALCO' backfill complete: 251 records upserted.
[2026-09-03 23:50:23] [INFO] [cnx200_dashboard:historical_data_service.py:71] - [76/196] Processing historical backfill for symbol 'HINDPETRO'...
[2026-09-03 23:50:23] [INFO] [cnx200_dashboard:nse_client.py:59] - Fetching historical market data for HINDPETRO from 03-09-2025 to 03-09-2026...
[2026-09-03 23:50:24] [INFO] [cnx200_dashboard:nse_client.py:69] - Retrieved 249 price records for HINDPETRO.
[2026-09-03 23:50:24] [INFO] [cnx200_dashboard:repositories.py:164] - Bulk upserted 249 price records into daily_prices.
[2026-09-03 23:50:24] [INFO] [cnx200_dashboard:historical_data_service.py:122] - [OK] [76/196] 'HINDPETRO' backfill complete: 249 records upserted.
[2026-09-03 23:50:24] [INFO] [cnx200_dashboard:historical_data_service.py:71] - [77/196] Processing historical backfill for symbol 'HINDUNILVR'...
[2026-09-03 23:50:24] [INFO] [cnx200_dashboard:nse_client.py:59] - Fetching historical market data for HINDUNILVR from 03-09-2025 to 03-09-2026...
[2026-09-03 23:50:25] [INFO] [cnx200_dashboard:nse_client.py:69] - Retrieved 250 price records for HINDUNILVR.
[2026-09-03 23:50:25] [INFO] [cnx200_dashboard:repositories.py:164] - Bulk upserted 250 price records into daily_prices.
[2026-09-03 23:50:25] [INFO] [cnx200_dashboard:historical_data_service.py:122] - [OK] [77/196] 'HINDUNILVR' backfill complete: 250 records upserted.
[2026-09-03 23:50:25] [INFO] [cnx200_dashboard:historical_data_service.py:71] - [78/196] Processing historical backfill for symbol 'HINDZINC'...
[2026-09-03 23:50:25] [INFO] [cnx200_dashboard:nse_client.py:59] - Fetching historical market data for HINDZINC from 03-09-2025 to 03-09-2026...
[2026-09-03 23:50:26] [INFO] [cnx200_dashboard:nse_client.py:69] - Retrieved 249 price records for HINDZINC.
[2026-09-03 23:50:26] [INFO] [cnx200_dashboard:repositories.py:164] - Bulk upserted 249 price records into daily_prices.
[2026-09-03 23:50:26] [INFO] [cnx200_dashboard:historical_data_service.py:122] - [OK] [78/196] 'HINDZINC' backfill complete: 249 records upserted.
[2026-09-03 23:50:26] [INFO] [cnx200_dashboard:historical_data_service.py:71] - [79/196] Processing historical backfill for symbol 'HUDCO'...
[2026-09-03 23:50:26] [INFO] [cnx200_dashboard:nse_client.py:59] - Fetching historical market data for HUDCO from 03-09-2025 to 03-09-2026...
[2026-09-03 23:50:27] [INFO] [cnx200_dashboard:nse_client.py:69] - Retrieved 249 price records for HUDCO.
[2026-09-03 23:50:27] [INFO] [cnx200_dashboard:repositories.py:164] - Bulk upserted 249 price records into daily_prices.
[2026-09-03 23:50:27] [INFO] [cnx200_dashboard:historical_data_service.py:122] - [OK] [79/196] 'HUDCO' backfill complete: 249 records upserted.
[2026-09-03 23:50:27] [INFO] [cnx200_dashboard:historical_data_service.py:71] - [80/196] Processing historical backfill for symbol 'HYUNDAI'...
[2026-09-03 23:50:27] [INFO] [cnx200_dashboard:nse_client.py:59] - Fetching historical market data for HYUNDAI from 03-09-2025 to 03-09-2026...
[2026-09-03 23:50:28] [INFO] [cnx200_dashboard:nse_client.py:69] - Retrieved 253 price records for HYUNDAI.
[2026-09-03 23:50:28] [INFO] [cnx200_dashboard:repositories.py:164] - Bulk upserted 253 price records into daily_prices.
[2026-09-03 23:50:28] [INFO] [cnx200_dashboard:historical_data_service.py:122] - [OK] [80/196] 'HYUNDAI' backfill complete: 253 records upserted.
[2026-09-03 23:50:28] [INFO] [cnx200_dashboard:historical_data_service.py:71] - [81/196] Processing historical backfill for symbol 'ICICIAMC'...
[2026-09-03 23:50:28] [INFO] [cnx200_dashboard:nse_client.py:59] - Fetching historical market data for ICICIAMC from 03-09-2025 to 03-09-2026...
[2026-09-03 23:50:28] [INFO] [cnx200_dashboard:init_db.py:13] - Checking/Creating MySQL Database 'cnx200_rsi_dashboard'...
[2026-09-03 23:50:28] [INFO] [cnx200_dashboard:init_db.py:25] - Database 'cnx200_rsi_dashboard' ensured.
[2026-09-03 23:50:28] [INFO] [cnx200_dashboard:connection.py:34] - SQLAlchemy Database Engine initialized successfully.
[2026-09-03 23:50:28] [INFO] [cnx200_dashboard:init_db.py:31] - Creating tables, foreign keys, and indexes if they do not exist...
[2026-09-03 23:50:28] [INFO] [cnx200_dashboard:nse_client.py:69] - Retrieved 175 price records for ICICIAMC.
[2026-09-03 23:50:28] [INFO] [cnx200_dashboard:init_db.py:34] - All database tables initialized successfully.
[2026-09-03 23:50:28] [INFO] [cnx200_dashboard:connection.py:79] - Database connection test successful on target 'cnx200_rsi_dashboard'.
[2026-09-03 23:50:28] [INFO] [cnx200_dashboard:repositories.py:164] - Bulk upserted 175 price records into daily_prices.
[2026-09-03 23:50:28] [INFO] [cnx200_dashboard:historical_data_service.py:122] - [OK] [81/196] 'ICICIAMC' backfill complete: 175 records upserted.
[2026-09-03 23:50:28] [INFO] [cnx200_dashboard:historical_data_service.py:71] - [82/196] Processing historical backfill for symbol 'ICICIBANK'...
[2026-09-03 23:50:28] [INFO] [cnx200_dashboard:nse_client.py:59] - Fetching historical market data for ICICIBANK from 03-09-2025 to 03-09-2026...
[2026-09-03 23:50:28] [INFO] [cnx200_dashboard:repositories.py:28] - Stock 'RELIANCE' already exists in stock_master (ID: 7).
[2026-09-03 23:50:28] [INFO] [cnx200_dashboard:repositories.py:28] - Stock 'TCS' already exists in stock_master (ID: 8).
[2026-09-03 23:50:28] [INFO] [cnx200_dashboard:repositories.py:164] - Bulk upserted 1 price records into daily_prices.
[2026-09-03 23:50:29] [INFO] [cnx200_dashboard:repositories.py:164] - Bulk upserted 1 price records into daily_prices.
[2026-09-03 23:50:29] [INFO] [cnx200_dashboard:repositories.py:247] - Created JobRun 'Daily Market Update' (ID: 10).
[2026-09-03 23:50:29] [WARNING] [cnx200_dashboard:repositories.py:317] - Logged JobError for JobRun ID 10 (Type: API_TIMEOUT).
[2026-09-03 23:50:29] [INFO] [cnx200_dashboard:repositories.py:291] - Completed JobRun ID 10 with status 'PARTIAL_SUCCESS'.
[2026-09-03 23:50:30] [INFO] [cnx200_dashboard:nse_client.py:28] - Fetching official NIFTY 200 constituents from https://nsearchives.nseindia.com/content/indices/ind_nifty200list.csv...
[2026-09-03 23:50:31] [INFO] [cnx200_dashboard:nse_client.py:69] - Retrieved 255 price records for ICICIBANK.
[2026-09-03 23:50:31] [INFO] [cnx200_dashboard:repositories.py:164] - Bulk upserted 255 price records into daily_prices.
[2026-09-03 23:50:31] [INFO] [cnx200_dashboard:historical_data_service.py:122] - [OK] [82/196] 'ICICIBANK' backfill complete: 255 records upserted.
[2026-09-03 23:50:31] [INFO] [cnx200_dashboard:historical_data_service.py:71] - [83/196] Processing historical backfill for symbol 'ICICIGI'...
[2026-09-03 23:50:31] [INFO] [cnx200_dashboard:nse_client.py:59] - Fetching historical market data for ICICIGI from 03-09-2025 to 03-09-2026...
[2026-09-03 23:50:32] [INFO] [cnx200_dashboard:nse_client.py:69] - Retrieved 249 price records for ICICIGI.
[2026-09-03 23:50:32] [INFO] [cnx200_dashboard:repositories.py:164] - Bulk upserted 249 price records into daily_prices.
[2026-09-03 23:50:32] [INFO] [cnx200_dashboard:historical_data_service.py:122] - [OK] [83/196] 'ICICIGI' backfill complete: 249 records upserted.
[2026-09-03 23:50:32] [INFO] [cnx200_dashboard:historical_data_service.py:71] - [84/196] Processing historical backfill for symbol 'IDEA'...
[2026-09-03 23:50:32] [INFO] [cnx200_dashboard:nse_client.py:59] - Fetching historical market data for IDEA from 03-09-2025 to 03-09-2026...
[2026-09-03 23:50:35] [INFO] [cnx200_dashboard:nse_client.py:69] - Retrieved 285 price records for IDEA.
[2026-09-03 23:50:35] [INFO] [cnx200_dashboard:repositories.py:164] - Bulk upserted 285 price records into daily_prices.
[2026-09-03 23:50:35] [INFO] [cnx200_dashboard:historical_data_service.py:122] - [OK] [84/196] 'IDEA' backfill complete: 285 records upserted.
[2026-09-03 23:50:35] [INFO] [cnx200_dashboard:historical_data_service.py:71] - [85/196] Processing historical backfill for symbol 'IDFCFIRSTB'...
[2026-09-03 23:50:35] [INFO] [cnx200_dashboard:nse_client.py:59] - Fetching historical market data for IDFCFIRSTB from 03-09-2025 to 03-09-2026...
[2026-09-03 23:50:38] [INFO] [cnx200_dashboard:nse_client.py:69] - Retrieved 251 price records for IDFCFIRSTB.
[2026-09-03 23:50:38] [INFO] [cnx200_dashboard:repositories.py:164] - Bulk upserted 251 price records into daily_prices.
[2026-09-03 23:50:38] [INFO] [cnx200_dashboard:historical_data_service.py:122] - [OK] [85/196] 'IDFCFIRSTB' backfill complete: 251 records upserted.
[2026-09-03 23:50:38] [INFO] [cnx200_dashboard:historical_data_service.py:71] - [86/196] Processing historical backfill for symbol 'INDHOTEL'...
[2026-09-03 23:50:38] [INFO] [cnx200_dashboard:nse_client.py:59] - Fetching historical market data for INDHOTEL from 03-09-2025 to 03-09-2026...
[2026-09-03 23:50:41] [WARNING] [cnx200_dashboard:before_sleep.py:65] - Retrying app.services.nse_client.NSEClient.get_nifty200_constituents in 2.0 seconds as it raised ConnectionError: HTTPConnectionPool(host='nseindia.com', port=80): Max retries exceeded with url: / (Caused by NameResolutionError("HTTPConnection(host='nseindia.com', port=80): Failed to resolve 'nseindia.com' ([Errno 11001] getaddrinfo failed)")).
[2026-09-03 23:50:41] [INFO] [cnx200_dashboard:nse_client.py:69] - Retrieved 249 price records for INDHOTEL.
[2026-09-03 23:50:41] [INFO] [cnx200_dashboard:repositories.py:164] - Bulk upserted 249 price records into daily_prices.
[2026-09-03 23:50:41] [INFO] [cnx200_dashboard:historical_data_service.py:122] - [OK] [86/196] 'INDHOTEL' backfill complete: 249 records upserted.
[2026-09-03 23:50:41] [INFO] [cnx200_dashboard:historical_data_service.py:71] - [87/196] Processing historical backfill for symbol 'INDIANB'...
[2026-09-03 23:50:41] [INFO] [cnx200_dashboard:nse_client.py:59] - Fetching historical market data for INDIANB from 03-09-2025 to 03-09-2026...
[2026-09-03 23:50:42] [INFO] [cnx200_dashboard:nse_client.py:69] - Retrieved 249 price records for INDIANB.
[2026-09-03 23:50:42] [INFO] [cnx200_dashboard:repositories.py:164] - Bulk upserted 249 price records into daily_prices.
[2026-09-03 23:50:42] [INFO] [cnx200_dashboard:historical_data_service.py:122] - [OK] [87/196] 'INDIANB' backfill complete: 249 records upserted.
[2026-09-03 23:50:42] [INFO] [cnx200_dashboard:historical_data_service.py:71] - [88/196] Processing historical backfill for symbol 'INDIGO'...
[2026-09-03 23:50:42] [INFO] [cnx200_dashboard:nse_client.py:59] - Fetching historical market data for INDIGO from 03-09-2025 to 03-09-2026...
[2026-09-03 23:50:43] [INFO] [cnx200_dashboard:nse_client.py:28] - Fetching official NIFTY 200 constituents from https://nsearchives.nseindia.com/content/indices/ind_nifty200list.csv...
[2026-09-03 23:50:44] [INFO] [cnx200_dashboard:nse_client.py:69] - Retrieved 253 price records for INDIGO.
[2026-09-03 23:50:44] [INFO] [cnx200_dashboard:repositories.py:164] - Bulk upserted 253 price records into daily_prices.
[2026-09-03 23:50:44] [INFO] [cnx200_dashboard:historical_data_service.py:122] - [OK] [88/196] 'INDIGO' backfill complete: 253 records upserted.
[2026-09-03 23:50:44] [INFO] [cnx200_dashboard:historical_data_service.py:71] - [89/196] Processing historical backfill for symbol 'INDUSINDBK'...
[2026-09-03 23:50:44] [INFO] [cnx200_dashboard:nse_client.py:59] - Fetching historical market data for INDUSINDBK from 03-09-2025 to 03-09-2026...
[2026-09-03 23:50:44] [INFO] [cnx200_dashboard:nse_client.py:36] - Successfully retrieved 200 NIFTY 200 constituents.
[2026-09-03 23:50:44] [INFO] [cnx200_dashboard:nse_client.py:59] - Fetching historical market data for RELIANCE from 01-08-2026 to 15-08-2026...
[2026-09-03 23:50:45] [INFO] [cnx200_dashboard:nse_client.py:69] - Retrieved 249 price records for INDUSINDBK.
[2026-09-03 23:50:45] [INFO] [cnx200_dashboard:nse_client.py:69] - Retrieved 10 price records for RELIANCE.
[2026-09-03 23:50:45] [INFO] [cnx200_dashboard:nse_client.py:83] - Fetching NSE Bhavcopy for date 01-09-2026...
[2026-09-03 23:50:45] [INFO] [cnx200_dashboard:repositories.py:164] - Bulk upserted 249 price records into daily_prices.
[2026-09-03 23:50:45] [INFO] [cnx200_dashboard:historical_data_service.py:122] - [OK] [89/196] 'INDUSINDBK' backfill complete: 249 records upserted.
[2026-09-03 23:50:45] [INFO] [cnx200_dashboard:historical_data_service.py:71] - [90/196] Processing historical backfill for symbol 'INDUSTOWER'...
[2026-09-03 23:50:45] [INFO] [cnx200_dashboard:nse_client.py:59] - Fetching historical market data for INDUSTOWER from 03-09-2025 to 03-09-2026...
[2026-09-03 23:50:45] [INFO] [cnx200_dashboard:nse_client.py:69] - Retrieved 249 price records for INDUSTOWER.
[2026-09-03 23:50:45] [INFO] [cnx200_dashboard:repositories.py:164] - Bulk upserted 249 price records into daily_prices.
[2026-09-03 23:50:45] [INFO] [cnx200_dashboard:historical_data_service.py:122] - [OK] [90/196] 'INDUSTOWER' backfill complete: 249 records upserted.
[2026-09-03 23:50:45] [INFO] [cnx200_dashboard:historical_data_service.py:71] - [91/196] Processing historical backfill for symbol 'IOC'...
[2026-09-03 23:50:45] [INFO] [cnx200_dashboard:nse_client.py:59] - Fetching historical market data for IOC from 03-09-2025 to 03-09-2026...
[2026-09-03 23:50:46] [INFO] [cnx200_dashboard:nse_client.py:90] - Retrieved Bhavcopy with 3656 total market rows for date 01-09-2026.
[2026-09-03 23:50:46] [INFO] [cnx200_dashboard:nse_client.py:69] - Retrieved 249 price records for IOC.
[2026-09-03 23:50:46] [INFO] [cnx200_dashboard:repositories.py:164] - Bulk upserted 249 price records into daily_prices.
[2026-09-03 23:50:46] [INFO] [cnx200_dashboard:historical_data_service.py:122] - [OK] [91/196] 'IOC' backfill complete: 249 records upserted.
[2026-09-03 23:50:46] [INFO] [cnx200_dashboard:historical_data_service.py:71] - [92/196] Processing historical backfill for symbol 'IRCTC'...
[2026-09-03 23:50:46] [INFO] [cnx200_dashboard:nse_client.py:59] - Fetching historical market data for IRCTC from 03-09-2025 to 03-09-2026...
[2026-09-03 23:50:47] [INFO] [cnx200_dashboard:init_db.py:13] - Checking/Creating MySQL Database 'cnx200_rsi_dashboard'...
[2026-09-03 23:50:47] [INFO] [cnx200_dashboard:init_db.py:25] - Database 'cnx200_rsi_dashboard' ensured.
[2026-09-03 23:50:47] [INFO] [cnx200_dashboard:connection.py:34] - SQLAlchemy Database Engine initialized successfully.
[2026-09-03 23:50:47] [INFO] [cnx200_dashboard:init_db.py:31] - Creating tables, foreign keys, and indexes if they do not exist...
[2026-09-03 23:50:47] [INFO] [cnx200_dashboard:init_db.py:34] - All database tables initialized successfully.
[2026-09-03 23:50:47] [INFO] [cnx200_dashboard:main.py:65] - Starting NIFTY 200 Universe Synchronization...
[2026-09-03 23:50:47] [INFO] [cnx200_dashboard:repositories.py:247] - Created JobRun 'NIFTY200_UNIVERSE_SYNC' (ID: 11).
[2026-09-03 23:50:47] [INFO] [cnx200_dashboard:stock_universe_service.py:23] - Starting NIFTY 200 Stock Universe Synchronization...
[2026-09-03 23:50:47] [INFO] [cnx200_dashboard:nse_client.py:28] - Fetching official NIFTY 200 constituents from https://nsearchives.nseindia.com/content/indices/ind_nifty200list.csv...
[2026-09-03 23:50:47] [INFO] [cnx200_dashboard:nse_client.py:69] - Retrieved 249 price records for IRCTC.
[2026-09-03 23:50:47] [INFO] [cnx200_dashboard:repositories.py:164] - Bulk upserted 249 price records into daily_prices.
[2026-09-03 23:50:47] [INFO] [cnx200_dashboard:historical_data_service.py:122] - [OK] [92/196] 'IRCTC' backfill complete: 249 records upserted.
[2026-09-03 23:50:47] [INFO] [cnx200_dashboard:historical_data_service.py:71] - [93/196] Processing historical backfill for symbol 'IREDA'...
[2026-09-03 23:50:47] [INFO] [cnx200_dashboard:nse_client.py:59] - Fetching historical market data for IREDA from 03-09-2025 to 03-09-2026...
[2026-09-03 23:50:48] [INFO] [cnx200_dashboard:nse_client.py:69] - Retrieved 249 price records for IREDA.
[2026-09-03 23:50:48] [INFO] [cnx200_dashboard:nse_client.py:36] - Successfully retrieved 200 NIFTY 200 constituents.
[2026-09-03 23:50:48] [INFO] [cnx200_dashboard:stock_universe_service.py:114] - Stock universe sync successfully flushed to database session.
[2026-09-03 23:50:48] [INFO] [cnx200_dashboard:stock_universe_service.py:122] - NIFTY 200 Universe Sync complete. Fetched: 200, New: 0, Updated/Retained: 200, Deactivated: 0.
[2026-09-03 23:50:48] [INFO] [cnx200_dashboard:repositories.py:291] - Completed JobRun ID 11 with status 'SUCCESS'.
[2026-09-03 23:50:48] [INFO] [cnx200_dashboard:repositories.py:164] - Bulk upserted 249 price records into daily_prices.
[2026-09-03 23:50:48] [INFO] [cnx200_dashboard:historical_data_service.py:122] - [OK] [93/196] 'IREDA' backfill complete: 249 records upserted.
[2026-09-03 23:50:48] [INFO] [cnx200_dashboard:historical_data_service.py:71] - [94/196] Processing historical backfill for symbol 'IRFC'...
[2026-09-03 23:50:48] [INFO] [cnx200_dashboard:nse_client.py:59] - Fetching historical market data for IRFC from 03-09-2025 to 03-09-2026...
[2026-09-03 23:50:49] [INFO] [cnx200_dashboard:nse_client.py:69] - Retrieved 249 price records for IRFC.
[2026-09-03 23:50:49] [INFO] [cnx200_dashboard:repositories.py:164] - Bulk upserted 249 price records into daily_prices.
[2026-09-03 23:50:49] [INFO] [cnx200_dashboard:historical_data_service.py:122] - [OK] [94/196] 'IRFC' backfill complete: 249 records upserted.
[2026-09-03 23:50:49] [INFO] [cnx200_dashboard:historical_data_service.py:71] - [95/196] Processing historical backfill for symbol 'ITC'...
[2026-09-03 23:50:49] [INFO] [cnx200_dashboard:nse_client.py:59] - Fetching historical market data for ITC from 03-09-2025 to 03-09-2026...
[2026-09-03 23:50:49] [INFO] [cnx200_dashboard:init_db.py:13] - Checking/Creating MySQL Database 'cnx200_rsi_dashboard'...
[2026-09-03 23:50:49] [INFO] [cnx200_dashboard:init_db.py:25] - Database 'cnx200_rsi_dashboard' ensured.
[2026-09-03 23:50:49] [INFO] [cnx200_dashboard:connection.py:34] - SQLAlchemy Database Engine initialized successfully.
[2026-09-03 23:50:49] [INFO] [cnx200_dashboard:init_db.py:31] - Creating tables, foreign keys, and indexes if they do not exist...
[2026-09-03 23:50:49] [INFO] [cnx200_dashboard:init_db.py:34] - All database tables initialized successfully.
[2026-09-03 23:50:49] [WARNING] [cnx200_dashboard:date_utils.py:35] - Could not parse date string: 'today'
[2026-09-03 23:50:49] [INFO] [cnx200_dashboard:repositories.py:247] - Created JobRun 'NIFTY200_HISTORICAL_BACKFILL' (ID: 12).
[2026-09-03 23:50:49] [INFO] [cnx200_dashboard:historical_data_service.py:37] - Starting Historical Market Data Backfill from 2025-01-01 to 2026-09-03...
[2026-09-03 23:50:49] [INFO] [cnx200_dashboard:historical_data_service.py:67] - Targeting 3 active stocks for historical backfill.
[2026-09-03 23:50:49] [INFO] [cnx200_dashboard:historical_data_service.py:71] - [1/3] Processing historical backfill for symbol 'INFY'...
[2026-09-03 23:50:49] [INFO] [cnx200_dashboard:nse_client.py:59] - Fetching historical market data for INFY from 01-01-2025 to 03-09-2026...
[2026-09-03 23:50:49] [INFO] [cnx200_dashboard:nse_client.py:69] - Retrieved 252 price records for ITC.
[2026-09-03 23:50:50] [INFO] [cnx200_dashboard:repositories.py:164] - Bulk upserted 252 price records into daily_prices.
[2026-09-03 23:50:50] [INFO] [cnx200_dashboard:historical_data_service.py:122] - [OK] [95/196] 'ITC' backfill complete: 252 records upserted.
[2026-09-03 23:50:50] [INFO] [cnx200_dashboard:historical_data_service.py:71] - [96/196] Processing historical backfill for symbol 'JINDALSTEL'...
[2026-09-03 23:50:50] [INFO] [cnx200_dashboard:nse_client.py:59] - Fetching historical market data for JINDALSTEL from 03-09-2025 to 03-09-2026...
[2026-09-03 23:50:50] [INFO] [cnx200_dashboard:nse_client.py:69] - Retrieved 249 price records for JINDALSTEL.
[2026-09-03 23:50:50] [INFO] [cnx200_dashboard:repositories.py:164] - Bulk upserted 249 price records into daily_prices.
[2026-09-03 23:50:50] [INFO] [cnx200_dashboard:historical_data_service.py:122] - [OK] [96/196] 'JINDALSTEL' backfill complete: 249 records upserted.
[2026-09-03 23:50:50] [INFO] [cnx200_dashboard:historical_data_service.py:71] - [97/196] Processing historical backfill for symbol 'JIOFIN'...
[2026-09-03 23:50:50] [INFO] [cnx200_dashboard:nse_client.py:59] - Fetching historical market data for JIOFIN from 03-09-2025 to 03-09-2026...
[2026-09-03 23:50:51] [INFO] [cnx200_dashboard:nse_client.py:69] - Retrieved 252 price records for JIOFIN.
[2026-09-03 23:50:51] [INFO] [cnx200_dashboard:repositories.py:164] - Bulk upserted 252 price records into daily_prices.
[2026-09-03 23:50:51] [INFO] [cnx200_dashboard:historical_data_service.py:122] - [OK] [97/196] 'JIOFIN' backfill complete: 252 records upserted.
[2026-09-03 23:50:51] [INFO] [cnx200_dashboard:historical_data_service.py:71] - [98/196] Processing historical backfill for symbol 'JSWENERGY'...
[2026-09-03 23:50:51] [INFO] [cnx200_dashboard:nse_client.py:59] - Fetching historical market data for JSWENERGY from 03-09-2025 to 03-09-2026...
[2026-09-03 23:50:52] [INFO] [cnx200_dashboard:nse_client.py:69] - Retrieved 250 price records for JSWENERGY.
[2026-09-03 23:50:52] [INFO] [cnx200_dashboard:repositories.py:164] - Bulk upserted 250 price records into daily_prices.
[2026-09-03 23:50:52] [INFO] [cnx200_dashboard:historical_data_service.py:122] - [OK] [98/196] 'JSWENERGY' backfill complete: 250 records upserted.
[2026-09-03 23:50:52] [INFO] [cnx200_dashboard:historical_data_service.py:71] - [99/196] Processing historical backfill for symbol 'JSWSTEEL'...
[2026-09-03 23:50:52] [INFO] [cnx200_dashboard:nse_client.py:59] - Fetching historical market data for JSWSTEEL from 03-09-2025 to 03-09-2026...
[2026-09-03 23:50:52] [INFO] [cnx200_dashboard:nse_client.py:69] - Retrieved 426 price records for INFY.
[2026-09-03 23:50:53] [INFO] [cnx200_dashboard:nse_client.py:69] - Retrieved 251 price records for JSWSTEEL.
[2026-09-03 23:50:53] [INFO] [cnx200_dashboard:repositories.py:164] - Bulk upserted 251 price records into daily_prices.
[2026-09-03 23:50:53] [INFO] [cnx200_dashboard:historical_data_service.py:122] - [OK] [99/196] 'JSWSTEEL' backfill complete: 251 records upserted.
[2026-09-03 23:50:53] [INFO] [cnx200_dashboard:historical_data_service.py:71] - [100/196] Processing historical backfill for symbol 'JUBLFOOD'...
[2026-09-03 23:50:53] [INFO] [cnx200_dashboard:nse_client.py:59] - Fetching historical market data for JUBLFOOD from 03-09-2025 to 03-09-2026...
[2026-09-03 23:50:53] [INFO] [cnx200_dashboard:nse_client.py:69] - Retrieved 249 price records for JUBLFOOD.
[2026-09-03 23:50:53] [INFO] [cnx200_dashboard:repositories.py:164] - Bulk upserted 249 price records into daily_prices.
[2026-09-03 23:50:53] [INFO] [cnx200_dashboard:historical_data_service.py:122] - [OK] [100/196] 'JUBLFOOD' backfill complete: 249 records upserted.
[2026-09-03 23:50:53] [INFO] [cnx200_dashboard:historical_data_service.py:71] - [101/196] Processing historical backfill for symbol 'KALYANKJIL'...
[2026-09-03 23:50:53] [INFO] [cnx200_dashboard:nse_client.py:59] - Fetching historical market data for KALYANKJIL from 03-09-2025 to 03-09-2026...
[2026-09-03 23:50:54] [INFO] [cnx200_dashboard:nse_client.py:69] - Retrieved 249 price records for KALYANKJIL.
[2026-09-03 23:50:54] [INFO] [cnx200_dashboard:repositories.py:164] - Bulk upserted 249 price records into daily_prices.
[2026-09-03 23:50:54] [INFO] [cnx200_dashboard:historical_data_service.py:122] - [OK] [101/196] 'KALYANKJIL' backfill complete: 249 records upserted.
[2026-09-03 23:50:54] [INFO] [cnx200_dashboard:historical_data_service.py:71] - [102/196] Processing historical backfill for symbol 'KEI'...
[2026-09-03 23:50:54] [INFO] [cnx200_dashboard:nse_client.py:59] - Fetching historical market data for KEI from 03-09-2025 to 03-09-2026...
[2026-09-03 23:50:55] [INFO] [cnx200_dashboard:nse_client.py:69] - Retrieved 249 price records for KEI.
[2026-09-03 23:50:55] [INFO] [cnx200_dashboard:repositories.py:164] - Bulk upserted 249 price records into daily_prices.
[2026-09-03 23:50:55] [INFO] [cnx200_dashboard:historical_data_service.py:122] - [OK] [102/196] 'KEI' backfill complete: 249 records upserted.
[2026-09-03 23:50:55] [INFO] [cnx200_dashboard:historical_data_service.py:71] - [103/196] Processing historical backfill for symbol 'KOTAKBANK'...
[2026-09-03 23:50:55] [INFO] [cnx200_dashboard:nse_client.py:59] - Fetching historical market data for KOTAKBANK from 03-09-2025 to 03-09-2026...
[2026-09-03 23:50:58] [INFO] [cnx200_dashboard:nse_client.py:69] - Retrieved 255 price records for KOTAKBANK.
[2026-09-03 23:50:58] [INFO] [cnx200_dashboard:repositories.py:164] - Bulk upserted 255 price records into daily_prices.
[2026-09-03 23:50:58] [INFO] [cnx200_dashboard:historical_data_service.py:122] - [OK] [103/196] 'KOTAKBANK' backfill complete: 255 records upserted.
[2026-09-03 23:50:58] [INFO] [cnx200_dashboard:historical_data_service.py:71] - [104/196] Processing historical backfill for symbol 'KPITTECH'...
[2026-09-03 23:50:58] [INFO] [cnx200_dashboard:nse_client.py:59] - Fetching historical market data for KPITTECH from 03-09-2025 to 03-09-2026...
[2026-09-03 23:50:59] [INFO] [cnx200_dashboard:nse_client.py:69] - Retrieved 250 price records for KPITTECH.
[2026-09-03 23:50:59] [INFO] [cnx200_dashboard:repositories.py:164] - Bulk upserted 250 price records into daily_prices.
[2026-09-03 23:50:59] [INFO] [cnx200_dashboard:historical_data_service.py:122] - [OK] [104/196] 'KPITTECH' backfill complete: 250 records upserted.
[2026-09-03 23:50:59] [INFO] [cnx200_dashboard:historical_data_service.py:71] - [105/196] Processing historical backfill for symbol 'LAURUSLABS'...
[2026-09-03 23:50:59] [INFO] [cnx200_dashboard:nse_client.py:59] - Fetching historical market data for LAURUSLABS from 03-09-2025 to 03-09-2026...
[2026-09-03 23:51:00] [INFO] [cnx200_dashboard:nse_client.py:69] - Retrieved 249 price records for LAURUSLABS.
[2026-09-03 23:51:00] [INFO] [cnx200_dashboard:repositories.py:164] - Bulk upserted 249 price records into daily_prices.
[2026-09-03 23:51:00] [INFO] [cnx200_dashboard:historical_data_service.py:122] - [OK] [105/196] 'LAURUSLABS' backfill complete: 249 records upserted.
[2026-09-03 23:51:00] [INFO] [cnx200_dashboard:historical_data_service.py:71] - [106/196] Processing historical backfill for symbol 'LENSKART'...
[2026-09-03 23:51:00] [INFO] [cnx200_dashboard:nse_client.py:59] - Fetching historical market data for LENSKART from 03-09-2025 to 03-09-2026...
[2026-09-03 23:51:01] [INFO] [cnx200_dashboard:nse_client.py:69] - Retrieved 209 price records for LENSKART.
[2026-09-03 23:51:01] [INFO] [cnx200_dashboard:repositories.py:164] - Bulk upserted 209 price records into daily_prices.
[2026-09-03 23:51:01] [INFO] [cnx200_dashboard:historical_data_service.py:122] - [OK] [106/196] 'LENSKART' backfill complete: 209 records upserted.
[2026-09-03 23:51:01] [INFO] [cnx200_dashboard:historical_data_service.py:71] - [107/196] Processing historical backfill for symbol 'LGEINDIA'...
[2026-09-03 23:51:01] [INFO] [cnx200_dashboard:nse_client.py:59] - Fetching historical market data for LGEINDIA from 03-09-2025 to 03-09-2026...
[2026-09-03 23:51:01] [INFO] [cnx200_dashboard:nse_client.py:69] - Retrieved 223 price records for LGEINDIA.
[2026-09-03 23:51:02] [INFO] [cnx200_dashboard:repositories.py:164] - Bulk upserted 223 price records into daily_prices.
[2026-09-03 23:51:02] [INFO] [cnx200_dashboard:historical_data_service.py:122] - [OK] [107/196] 'LGEINDIA' backfill complete: 223 records upserted.
[2026-09-03 23:51:02] [INFO] [cnx200_dashboard:historical_data_service.py:71] - [108/196] Processing historical backfill for symbol 'LICHSGFIN'...
[2026-09-03 23:51:02] [INFO] [cnx200_dashboard:nse_client.py:59] - Fetching historical market data for LICHSGFIN from 03-09-2025 to 03-09-2026...
[2026-09-03 23:51:02] [INFO] [cnx200_dashboard:nse_client.py:69] - Retrieved 249 price records for LICHSGFIN.
[2026-09-03 23:51:02] [INFO] [cnx200_dashboard:repositories.py:164] - Bulk upserted 249 price records into daily_prices.
[2026-09-03 23:51:02] [INFO] [cnx200_dashboard:historical_data_service.py:122] - [OK] [108/196] 'LICHSGFIN' backfill complete: 249 records upserted.
[2026-09-03 23:51:02] [INFO] [cnx200_dashboard:historical_data_service.py:71] - [109/196] Processing historical backfill for symbol 'LODHA'...
[2026-09-03 23:51:02] [INFO] [cnx200_dashboard:nse_client.py:59] - Fetching historical market data for LODHA from 03-09-2025 to 03-09-2026...
[2026-09-03 23:51:03] [INFO] [cnx200_dashboard:nse_client.py:69] - Retrieved 251 price records for LODHA.
[2026-09-03 23:51:03] [INFO] [cnx200_dashboard:repositories.py:164] - Bulk upserted 251 price records into daily_prices.
[2026-09-03 23:51:03] [INFO] [cnx200_dashboard:historical_data_service.py:122] - [OK] [109/196] 'LODHA' backfill complete: 251 records upserted.
[2026-09-03 23:51:03] [INFO] [cnx200_dashboard:historical_data_service.py:71] - [110/196] Processing historical backfill for symbol 'LT'...
[2026-09-03 23:51:03] [INFO] [cnx200_dashboard:nse_client.py:59] - Fetching historical market data for LT from 03-09-2025 to 03-09-2026...
[2026-09-03 23:51:04] [INFO] [cnx200_dashboard:nse_client.py:69] - Retrieved 253 price records for LT.
[2026-09-03 23:51:04] [INFO] [cnx200_dashboard:repositories.py:164] - Bulk upserted 253 price records into daily_prices.
[2026-09-03 23:51:04] [INFO] [cnx200_dashboard:historical_data_service.py:122] - [OK] [110/196] 'LT' backfill complete: 253 records upserted.
[2026-09-03 23:51:04] [INFO] [cnx200_dashboard:historical_data_service.py:71] - [111/196] Processing historical backfill for symbol 'LTF'...
[2026-09-03 23:51:04] [INFO] [cnx200_dashboard:nse_client.py:59] - Fetching historical market data for LTF from 03-09-2025 to 03-09-2026...
[2026-09-03 23:51:05] [INFO] [cnx200_dashboard:nse_client.py:69] - Retrieved 249 price records for LTF.
[2026-09-03 23:51:05] [INFO] [cnx200_dashboard:repositories.py:164] - Bulk upserted 249 price records into daily_prices.
[2026-09-03 23:51:05] [INFO] [cnx200_dashboard:historical_data_service.py:122] - [OK] [111/196] 'LTF' backfill complete: 249 records upserted.
[2026-09-03 23:51:05] [INFO] [cnx200_dashboard:historical_data_service.py:71] - [112/196] Processing historical backfill for symbol 'LTM'...
[2026-09-03 23:51:05] [INFO] [cnx200_dashboard:nse_client.py:59] - Fetching historical market data for LTM from 03-09-2025 to 03-09-2026...
[2026-09-03 23:51:06] [INFO] [cnx200_dashboard:nse_client.py:69] - Retrieved 249 price records for LTM.
[2026-09-03 23:51:06] [WARNING] [cnx200_dashboard:data_validator.py:95] - Validation failed for record LTIM (2026-02-26): Symbol 'LTIM' is not present in stock_master.
[2026-09-03 23:51:06] [WARNING] [cnx200_dashboard:data_validator.py:95] - Validation failed for record LTIM (2026-02-25): Symbol 'LTIM' is not present in stock_master.
[2026-09-03 23:51:06] [WARNING] [cnx200_dashboard:data_validator.py:95] - Validation failed for record LTIM (2026-02-24): Symbol 'LTIM' is not present in stock_master.
[2026-09-03 23:51:06] [WARNING] [cnx200_dashboard:data_validator.py:95] - Validation failed for record LTIM (2026-02-23): Symbol 'LTIM' is not present in stock_master.
[2026-09-03 23:51:06] [WARNING] [cnx200_dashboard:data_validator.py:95] - Validation failed for record LTIM (2026-02-20): Symbol 'LTIM' is not present in stock_master.
[2026-09-03 23:51:06] [WARNING] [cnx200_dashboard:data_validator.py:95] - Validation failed for record LTIM (2026-02-19): Symbol 'LTIM' is not present in stock_master.
[2026-09-03 23:51:06] [WARNING] [cnx200_dashboard:data_validator.py:95] - Validation failed for record LTIM (2026-02-18): Symbol 'LTIM' is not present in stock_master.
[2026-09-03 23:51:06] [WARNING] [cnx200_dashboard:data_validator.py:95] - Validation failed for record LTIM (2026-02-17): Symbol 'LTIM' is not present in stock_master.
[2026-09-03 23:51:06] [WARNING] [cnx200_dashboard:data_validator.py:95] - Validation failed for record LTIM (2026-02-16): Symbol 'LTIM' is not present in stock_master.
[2026-09-03 23:51:06] [WARNING] [cnx200_dashboard:data_validator.py:95] - Validation failed for record LTIM (2026-02-13): Symbol 'LTIM' is not present in stock_master.
[2026-09-03 23:51:06] [WARNING] [cnx200_dashboard:data_validator.py:95] - Validation failed for record LTIM (2026-02-12): Symbol 'LTIM' is not present in stock_master.
[2026-09-03 23:51:06] [WARNING] [cnx200_dashboard:data_validator.py:95] - Validation failed for record LTIM (2026-02-11): Symbol 'LTIM' is not present in stock_master.
[2026-09-03 23:51:06] [WARNING] [cnx200_dashboard:data_validator.py:95] - Validation failed for record LTIM (2026-02-10): Symbol 'LTIM' is not present in stock_master.
[2026-09-03 23:51:06] [WARNING] [cnx200_dashboard:data_validator.py:95] - Validation failed for record LTIM (2026-02-09): Symbol 'LTIM' is not present in stock_master.
[2026-09-03 23:51:06] [WARNING] [cnx200_dashboard:data_validator.py:95] - Validation failed for record LTIM (2026-02-06): Symbol 'LTIM' is not present in stock_master.
[2026-09-03 23:51:06] [WARNING] [cnx200_dashboard:data_validator.py:95] - Validation failed for record LTIM (2026-02-05): Symbol 'LTIM' is not present in stock_master.
[2026-09-03 23:51:06] [WARNING] [cnx200_dashboard:data_validator.py:95] - Validation failed for record LTIM (2026-02-04): Symbol 'LTIM' is not present in stock_master.
[2026-09-03 23:51:06] [WARNING] [cnx200_dashboard:data_validator.py:95] - Validation failed for record LTIM (2026-02-03): Symbol 'LTIM' is not present in stock_master.
[2026-09-03 23:51:06] [WARNING] [cnx200_dashboard:data_validator.py:95] - Validation failed for record LTIM (2026-02-02): Symbol 'LTIM' is not present in stock_master.
[2026-09-03 23:51:06] [WARNING] [cnx200_dashboard:data_validator.py:95] - Validation failed for record LTIM (2026-02-01): Symbol 'LTIM' is not present in stock_master.
[2026-09-03 23:51:06] [WARNING] [cnx200_dashboard:data_validator.py:95] - Validation failed for record LTIM (2026-01-30): Symbol 'LTIM' is not present in stock_master.
[2026-09-03 23:51:06] [WARNING] [cnx200_dashboard:data_validator.py:95] - Validation failed for record LTIM (2026-01-29): Symbol 'LTIM' is not present in stock_master.
[2026-09-03 23:51:06] [WARNING] [cnx200_dashboard:data_validator.py:95] - Validation failed for record LTIM (2026-01-28): Symbol 'LTIM' is not present in stock_master.
[2026-09-03 23:51:06] [WARNING] [cnx200_dashboard:data_validator.py:95] - Validation failed for record LTIM (2026-01-27): Symbol 'LTIM' is not present in stock_master.
[2026-09-03 23:51:06] [WARNING] [cnx200_dashboard:data_validator.py:95] - Validation failed for record LTIM (2026-01-23): Symbol 'LTIM' is not present in stock_master.
[2026-09-03 23:51:06] [WARNING] [cnx200_dashboard:data_validator.py:95] - Validation failed for record LTIM (2026-01-22): Symbol 'LTIM' is not present in stock_master.
[2026-09-03 23:51:06] [WARNING] [cnx200_dashboard:data_validator.py:95] - Validation failed for record LTIM (2026-01-21): Symbol 'LTIM' is not present in stock_master.
[2026-09-03 23:51:06] [WARNING] [cnx200_dashboard:data_validator.py:95] - Validation failed for record LTIM (2026-01-20): Symbol 'LTIM' is not present in stock_master.
[2026-09-03 23:51:06] [WARNING] [cnx200_dashboard:data_validator.py:95] - Validation failed for record LTIM (2026-01-19): Symbol 'LTIM' is not present in stock_master.
[2026-09-03 23:51:06] [WARNING] [cnx200_dashboard:data_validator.py:95] - Validation failed for record LTIM (2026-01-16): Symbol 'LTIM' is not present in stock_master.
[2026-09-03 23:51:06] [WARNING] [cnx200_dashboard:data_validator.py:95] - Validation failed for record LTIM (2026-01-14): Symbol 'LTIM' is not present in stock_master.
[2026-09-03 23:51:06] [WARNING] [cnx200_dashboard:data_validator.py:95] - Validation failed for record LTIM (2026-01-13): Symbol 'LTIM' is not present in stock_master.
[2026-09-03 23:51:06] [WARNING] [cnx200_dashboard:data_validator.py:95] - Validation failed for record LTIM (2026-01-12): Symbol 'LTIM' is not present in stock_master.
[2026-09-03 23:51:06] [WARNING] [cnx200_dashboard:data_validator.py:95] - Validation failed for record LTIM (2026-01-09): Symbol 'LTIM' is not present in stock_master.
[2026-09-03 23:51:06] [WARNING] [cnx200_dashboard:data_validator.py:95] - Validation failed for record LTIM (2026-01-08): Symbol 'LTIM' is not present in stock_master.
[2026-09-03 23:51:06] [WARNING] [cnx200_dashboard:data_validator.py:95] - Validation failed for record LTIM (2026-01-07): Symbol 'LTIM' is not present in stock_master.
[2026-09-03 23:51:06] [WARNING] [cnx200_dashboard:data_validator.py:95] - Validation failed for record LTIM (2026-01-06): Symbol 'LTIM' is not present in stock_master.
[2026-09-03 23:51:06] [WARNING] [cnx200_dashboard:data_validator.py:95] - Validation failed for record LTIM (2026-01-05): Symbol 'LTIM' is not present in stock_master.
[2026-09-03 23:51:06] [WARNING] [cnx200_dashboard:data_validator.py:95] - Validation failed for record LTIM (2026-01-02): Symbol 'LTIM' is not present in stock_master.
[2026-09-03 23:51:06] [WARNING] [cnx200_dashboard:data_validator.py:95] - Validation failed for record LTIM (2026-01-01): Symbol 'LTIM' is not present in stock_master.
[2026-09-03 23:51:06] [WARNING] [cnx200_dashboard:data_validator.py:95] - Validation failed for record LTIM (2025-12-31): Symbol 'LTIM' is not present in stock_master.
[2026-09-03 23:51:06] [WARNING] [cnx200_dashboard:data_validator.py:95] - Validation failed for record LTIM (2025-12-30): Symbol 'LTIM' is not present in stock_master.
[2026-09-03 23:51:06] [WARNING] [cnx200_dashboard:data_validator.py:95] - Validation failed for record LTIM (2025-12-29): Symbol 'LTIM' is not present in stock_master.
[2026-09-03 23:51:06] [WARNING] [cnx200_dashboard:data_validator.py:95] - Validation failed for record LTIM (2025-12-26): Symbol 'LTIM' is not present in stock_master.
[2026-09-03 23:51:06] [WARNING] [cnx200_dashboard:data_validator.py:95] - Validation failed for record LTIM (2025-12-24): Symbol 'LTIM' is not present in stock_master.
[2026-09-03 23:51:06] [WARNING] [cnx200_dashboard:data_validator.py:95] - Validation failed for record LTIM (2025-12-23): Symbol 'LTIM' is not present in stock_master.
[2026-09-03 23:51:06] [WARNING] [cnx200_dashboard:data_validator.py:95] - Validation failed for record LTIM (2025-12-22): Symbol 'LTIM' is not present in stock_master.
[2026-09-03 23:51:06] [WARNING] [cnx200_dashboard:data_validator.py:95] - Validation failed for record LTIM (2025-12-19): Symbol 'LTIM' is not present in stock_master.
[2026-09-03 23:51:06] [WARNING] [cnx200_dashboard:data_validator.py:95] - Validation failed for record LTIM (2025-12-18): Symbol 'LTIM' is not present in stock_master.
[2026-09-03 23:51:06] [WARNING] [cnx200_dashboard:data_validator.py:95] - Validation failed for record LTIM (2025-12-17): Symbol 'LTIM' is not present in stock_master.
[2026-09-03 23:51:06] [WARNING] [cnx200_dashboard:data_validator.py:95] - Validation failed for record LTIM (2025-12-16): Symbol 'LTIM' is not present in stock_master.
[2026-09-03 23:51:06] [WARNING] [cnx200_dashboard:data_validator.py:95] - Validation failed for record LTIM (2025-12-15): Symbol 'LTIM' is not present in stock_master.
[2026-09-03 23:51:06] [WARNING] [cnx200_dashboard:data_validator.py:95] - Validation failed for record LTIM (2025-12-12): Symbol 'LTIM' is not present in stock_master.
[2026-09-03 23:51:06] [WARNING] [cnx200_dashboard:data_validator.py:95] - Validation failed for record LTIM (2025-12-11): Symbol 'LTIM' is not present in stock_master.
[2026-09-03 23:51:06] [WARNING] [cnx200_dashboard:data_validator.py:95] - Validation failed for record LTIM (2025-12-10): Symbol 'LTIM' is not present in stock_master.
[2026-09-03 23:51:06] [WARNING] [cnx200_dashboard:data_validator.py:95] - Validation failed for record LTIM (2025-12-09): Symbol 'LTIM' is not present in stock_master.
[2026-09-03 23:51:06] [WARNING] [cnx200_dashboard:data_validator.py:95] - Validation failed for record LTIM (2025-12-08): Symbol 'LTIM' is not present in stock_master.
[2026-09-03 23:51:06] [WARNING] [cnx200_dashboard:data_validator.py:95] - Validation failed for record LTIM (2025-12-05): Symbol 'LTIM' is not present in stock_master.
[2026-09-03 23:51:06] [WARNING] [cnx200_dashboard:data_validator.py:95] - Validation failed for record LTIM (2025-12-04): Symbol 'LTIM' is not present in stock_master.
[2026-09-03 23:51:06] [WARNING] [cnx200_dashboard:data_validator.py:95] - Validation failed for record LTIM (2025-12-03): Symbol 'LTIM' is not present in stock_master.
[2026-09-03 23:51:06] [WARNING] [cnx200_dashboard:data_validator.py:95] - Validation failed for record LTIM (2025-12-02): Symbol 'LTIM' is not present in stock_master.
[2026-09-03 23:51:06] [WARNING] [cnx200_dashboard:data_validator.py:95] - Validation failed for record LTIM (2025-12-01): Symbol 'LTIM' is not present in stock_master.
[2026-09-03 23:51:06] [WARNING] [cnx200_dashboard:data_validator.py:95] - Validation failed for record LTIM (2025-11-28): Symbol 'LTIM' is not present in stock_master.
[2026-09-03 23:51:06] [WARNING] [cnx200_dashboard:data_validator.py:95] - Validation failed for record LTIM (2025-11-27): Symbol 'LTIM' is not present in stock_master.
[2026-09-03 23:51:06] [WARNING] [cnx200_dashboard:data_validator.py:95] - Validation failed for record LTIM (2025-11-26): Symbol 'LTIM' is not present in stock_master.
[2026-09-03 23:51:06] [WARNING] [cnx200_dashboard:data_validator.py:95] - Validation failed for record LTIM (2025-11-25): Symbol 'LTIM' is not present in stock_master.
[2026-09-03 23:51:06] [WARNING] [cnx200_dashboard:data_validator.py:95] - Validation failed for record LTIM (2025-11-24): Symbol 'LTIM' is not present in stock_master.
[2026-09-03 23:51:06] [WARNING] [cnx200_dashboard:data_validator.py:95] - Validation failed for record LTIM (2025-11-21): Symbol 'LTIM' is not present in stock_master.
[2026-09-03 23:51:06] [WARNING] [cnx200_dashboard:data_validator.py:95] - Validation failed for record LTIM (2025-11-20): Symbol 'LTIM' is not present in stock_master.
[2026-09-03 23:51:06] [WARNING] [cnx200_dashboard:data_validator.py:95] - Validation failed for record LTIM (2025-11-19): Symbol 'LTIM' is not present in stock_master.
[2026-09-03 23:51:06] [WARNING] [cnx200_dashboard:data_validator.py:95] - Validation failed for record LTIM (2025-11-18): Symbol 'LTIM' is not present in stock_master.
[2026-09-03 23:51:06] [WARNING] [cnx200_dashboard:data_validator.py:95] - Validation failed for record LTIM (2025-11-17): Symbol 'LTIM' is not present in stock_master.
[2026-09-03 23:51:06] [WARNING] [cnx200_dashboard:data_validator.py:95] - Validation failed for record LTIM (2025-11-14): Symbol 'LTIM' is not present in stock_master.
[2026-09-03 23:51:06] [WARNING] [cnx200_dashboard:data_validator.py:95] - Validation failed for record LTIM (2025-11-13): Symbol 'LTIM' is not present in stock_master.
[2026-09-03 23:51:06] [WARNING] [cnx200_dashboard:data_validator.py:95] - Validation failed for record LTIM (2025-11-12): Symbol 'LTIM' is not present in stock_master.
[2026-09-03 23:51:06] [WARNING] [cnx200_dashboard:data_validator.py:95] - Validation failed for record LTIM (2025-11-11): Symbol 'LTIM' is not present in stock_master.
[2026-09-03 23:51:06] [WARNING] [cnx200_dashboard:data_validator.py:95] - Validation failed for record LTIM (2025-11-10): Symbol 'LTIM' is not present in stock_master.
[2026-09-03 23:51:06] [WARNING] [cnx200_dashboard:data_validator.py:95] - Validation failed for record LTIM (2025-11-07): Symbol 'LTIM' is not present in stock_master.
[2026-09-03 23:51:06] [WARNING] [cnx200_dashboard:data_validator.py:95] - Validation failed for record LTIM (2025-11-06): Symbol 'LTIM' is not present in stock_master.
[2026-09-03 23:51:06] [WARNING] [cnx200_dashboard:data_validator.py:95] - Validation failed for record LTIM (2025-11-04): Symbol 'LTIM' is not present in stock_master.
[2026-09-03 23:51:06] [WARNING] [cnx200_dashboard:data_validator.py:95] - Validation failed for record LTIM (2025-11-03): Symbol 'LTIM' is not present in stock_master.
[2026-09-03 23:51:06] [WARNING] [cnx200_dashboard:data_validator.py:95] - Validation failed for record LTIM (2025-10-31): Symbol 'LTIM' is not present in stock_master.
[2026-09-03 23:51:06] [WARNING] [cnx200_dashboard:data_validator.py:95] - Validation failed for record LTIM (2025-10-30): Symbol 'LTIM' is not present in stock_master.
[2026-09-03 23:51:06] [WARNING] [cnx200_dashboard:data_validator.py:95] - Validation failed for record LTIM (2025-10-29): Symbol 'LTIM' is not present in stock_master.
[2026-09-03 23:51:06] [WARNING] [cnx200_dashboard:data_validator.py:95] - Validation failed for record LTIM (2025-10-28): Symbol 'LTIM' is not present in stock_master.
[2026-09-03 23:51:06] [WARNING] [cnx200_dashboard:data_validator.py:95] - Validation failed for record LTIM (2025-10-27): Symbol 'LTIM' is not present in stock_master.
[2026-09-03 23:51:06] [WARNING] [cnx200_dashboard:data_validator.py:95] - Validation failed for record LTIM (2025-10-24): Symbol 'LTIM' is not present in stock_master.
[2026-09-03 23:51:06] [WARNING] [cnx200_dashboard:data_validator.py:95] - Validation failed for record LTIM (2025-10-23): Symbol 'LTIM' is not present in stock_master.
[2026-09-03 23:51:06] [WARNING] [cnx200_dashboard:data_validator.py:95] - Validation failed for record LTIM (2025-10-21): Symbol 'LTIM' is not present in stock_master.
[2026-09-03 23:51:06] [WARNING] [cnx200_dashboard:data_validator.py:95] - Validation failed for record LTIM (2025-10-20): Symbol 'LTIM' is not present in stock_master.
[2026-09-03 23:51:06] [WARNING] [cnx200_dashboard:data_validator.py:95] - Validation failed for record LTIM (2025-10-17): Symbol 'LTIM' is not present in stock_master.
[2026-09-03 23:51:06] [WARNING] [cnx200_dashboard:data_validator.py:95] - Validation failed for record LTIM (2025-10-16): Symbol 'LTIM' is not present in stock_master.
[2026-09-03 23:51:06] [WARNING] [cnx200_dashboard:data_validator.py:95] - Validation failed for record LTIM (2025-10-15): Symbol 'LTIM' is not present in stock_master.
[2026-09-03 23:51:06] [WARNING] [cnx200_dashboard:data_validator.py:95] - Validation failed for record LTIM (2025-10-14): Symbol 'LTIM' is not present in stock_master.
[2026-09-03 23:51:06] [WARNING] [cnx200_dashboard:data_validator.py:95] - Validation failed for record LTIM (2025-10-13): Symbol 'LTIM' is not present in stock_master.
[2026-09-03 23:51:06] [WARNING] [cnx200_dashboard:data_validator.py:95] - Validation failed for record LTIM (2025-10-10): Symbol 'LTIM' is not present in stock_master.
[2026-09-03 23:51:06] [WARNING] [cnx200_dashboard:data_validator.py:95] - Validation failed for record LTIM (2025-10-09): Symbol 'LTIM' is not present in stock_master.
[2026-09-03 23:51:06] [WARNING] [cnx200_dashboard:data_validator.py:95] - Validation failed for record LTIM (2025-10-08): Symbol 'LTIM' is not present in stock_master.
[2026-09-03 23:51:06] [WARNING] [cnx200_dashboard:data_validator.py:95] - Validation failed for record LTIM (2025-10-07): Symbol 'LTIM' is not present in stock_master.
[2026-09-03 23:51:06] [WARNING] [cnx200_dashboard:data_validator.py:95] - Validation failed for record LTIM (2025-10-06): Symbol 'LTIM' is not present in stock_master.
[2026-09-03 23:51:06] [WARNING] [cnx200_dashboard:data_validator.py:95] - Validation failed for record LTIM (2025-10-03): Symbol 'LTIM' is not present in stock_master.
[2026-09-03 23:51:06] [WARNING] [cnx200_dashboard:data_validator.py:95] - Validation failed for record LTIM (2025-10-01): Symbol 'LTIM' is not present in stock_master.
[2026-09-03 23:51:06] [WARNING] [cnx200_dashboard:data_validator.py:95] - Validation failed for record LTIM (2025-09-30): Symbol 'LTIM' is not present in stock_master.
[2026-09-03 23:51:06] [WARNING] [cnx200_dashboard:data_validator.py:95] - Validation failed for record LTIM (2025-09-29): Symbol 'LTIM' is not present in stock_master.
[2026-09-03 23:51:06] [WARNING] [cnx200_dashboard:data_validator.py:95] - Validation failed for record LTIM (2025-09-26): Symbol 'LTIM' is not present in stock_master.
[2026-09-03 23:51:06] [WARNING] [cnx200_dashboard:data_validator.py:95] - Validation failed for record LTIM (2025-09-25): Symbol 'LTIM' is not present in stock_master.
[2026-09-03 23:51:06] [WARNING] [cnx200_dashboard:data_validator.py:95] - Validation failed for record LTIM (2025-09-24): Symbol 'LTIM' is not present in stock_master.
[2026-09-03 23:51:06] [WARNING] [cnx200_dashboard:data_validator.py:95] - Validation failed for record LTIM (2025-09-23): Symbol 'LTIM' is not present in stock_master.
[2026-09-03 23:51:06] [WARNING] [cnx200_dashboard:data_validator.py:95] - Validation failed for record LTIM (2025-09-22): Symbol 'LTIM' is not present in stock_master.
[2026-09-03 23:51:06] [WARNING] [cnx200_dashboard:data_validator.py:95] - Validation failed for record LTIM (2025-09-19): Symbol 'LTIM' is not present in stock_master.
[2026-09-03 23:51:06] [WARNING] [cnx200_dashboard:data_validator.py:95] - Validation failed for record LTIM (2025-09-18): Symbol 'LTIM' is not present in stock_master.
[2026-09-03 23:51:06] [WARNING] [cnx200_dashboard:data_validator.py:95] - Validation failed for record LTIM (2025-09-17): Symbol 'LTIM' is not present in stock_master.
[2026-09-03 23:51:06] [WARNING] [cnx200_dashboard:data_validator.py:95] - Validation failed for record LTIM (2025-09-16): Symbol 'LTIM' is not present in stock_master.
[2026-09-03 23:51:06] [WARNING] [cnx200_dashboard:data_validator.py:95] - Validation failed for record LTIM (2025-09-15): Symbol 'LTIM' is not present in stock_master.
[2026-09-03 23:51:06] [WARNING] [cnx200_dashboard:data_validator.py:95] - Validation failed for record LTIM (2025-09-12): Symbol 'LTIM' is not present in stock_master.
[2026-09-03 23:51:06] [WARNING] [cnx200_dashboard:data_validator.py:95] - Validation failed for record LTIM (2025-09-11): Symbol 'LTIM' is not present in stock_master.
[2026-09-03 23:51:06] [WARNING] [cnx200_dashboard:data_validator.py:95] - Validation failed for record LTIM (2025-09-10): Symbol 'LTIM' is not present in stock_master.
[2026-09-03 23:51:06] [WARNING] [cnx200_dashboard:data_validator.py:95] - Validation failed for record LTIM (2025-09-09): Symbol 'LTIM' is not present in stock_master.
[2026-09-03 23:51:06] [WARNING] [cnx200_dashboard:data_validator.py:95] - Validation failed for record LTIM (2025-09-08): Symbol 'LTIM' is not present in stock_master.
[2026-09-03 23:51:06] [WARNING] [cnx200_dashboard:data_validator.py:95] - Validation failed for record LTIM (2025-09-05): Symbol 'LTIM' is not present in stock_master.
[2026-09-03 23:51:06] [WARNING] [cnx200_dashboard:data_validator.py:95] - Validation failed for record LTIM (2025-09-04): Symbol 'LTIM' is not present in stock_master.
[2026-09-03 23:51:06] [WARNING] [cnx200_dashboard:data_validator.py:95] - Validation failed for record LTIM (2025-09-03): Symbol 'LTIM' is not present in stock_master.
[2026-09-03 23:51:06] [INFO] [cnx200_dashboard:repositories.py:164] - Bulk upserted 127 price records into daily_prices.
[2026-09-03 23:51:06] [INFO] [cnx200_dashboard:historical_data_service.py:122] - [OK] [112/196] 'LTM' backfill complete: 127 records upserted.
[2026-09-03 23:51:06] [INFO] [cnx200_dashboard:historical_data_service.py:71] - [113/196] Processing historical backfill for symbol 'LUPIN'...
[2026-09-03 23:51:06] [INFO] [cnx200_dashboard:nse_client.py:59] - Fetching historical market data for LUPIN from 03-09-2025 to 03-09-2026...
[2026-09-03 23:51:07] [INFO] [cnx200_dashboard:nse_client.py:69] - Retrieved 251 price records for LUPIN.
[2026-09-03 23:51:07] [INFO] [cnx200_dashboard:repositories.py:164] - Bulk upserted 251 price records into daily_prices.
[2026-09-03 23:51:07] [INFO] [cnx200_dashboard:historical_data_service.py:122] - [OK] [113/196] 'LUPIN' backfill complete: 251 records upserted.
[2026-09-03 23:51:07] [INFO] [cnx200_dashboard:historical_data_service.py:71] - [114/196] Processing historical backfill for symbol 'M&M'...
[2026-09-03 23:51:07] [INFO] [cnx200_dashboard:nse_client.py:59] - Fetching historical market data for M&M from 03-09-2025 to 03-09-2026...
[2026-09-03 23:51:07] [INFO] [cnx200_dashboard:nse_client.py:69] - Retrieved 258 price records for M&M.
[2026-09-03 23:51:08] [INFO] [cnx200_dashboard:repositories.py:164] - Bulk upserted 258 price records into daily_prices.
[2026-09-03 23:51:08] [INFO] [cnx200_dashboard:historical_data_service.py:122] - [OK] [114/196] 'M&M' backfill complete: 258 records upserted.
[2026-09-03 23:51:08] [INFO] [cnx200_dashboard:historical_data_service.py:71] - [115/196] Processing historical backfill for symbol 'M&MFIN'...
[2026-09-03 23:51:08] [INFO] [cnx200_dashboard:nse_client.py:59] - Fetching historical market data for M&MFIN from 03-09-2025 to 03-09-2026...
[2026-09-03 23:51:09] [INFO] [cnx200_dashboard:nse_client.py:69] - Retrieved 368 price records for M&MFIN.
[2026-09-03 23:51:10] [INFO] [cnx200_dashboard:repositories.py:164] - Bulk upserted 368 price records into daily_prices.
[2026-09-03 23:51:10] [INFO] [cnx200_dashboard:historical_data_service.py:122] - [OK] [115/196] 'M&MFIN' backfill complete: 368 records upserted.
[2026-09-03 23:51:10] [INFO] [cnx200_dashboard:historical_data_service.py:71] - [116/196] Processing historical backfill for symbol 'MANKIND'...
[2026-09-03 23:51:10] [INFO] [cnx200_dashboard:nse_client.py:59] - Fetching historical market data for MANKIND from 03-09-2025 to 03-09-2026...
[2026-09-03 23:51:10] [INFO] [cnx200_dashboard:nse_client.py:69] - Retrieved 251 price records for MANKIND.
[2026-09-03 23:51:10] [INFO] [cnx200_dashboard:repositories.py:164] - Bulk upserted 251 price records into daily_prices.
[2026-09-03 23:51:10] [INFO] [cnx200_dashboard:historical_data_service.py:122] - [OK] [116/196] 'MANKIND' backfill complete: 251 records upserted.
[2026-09-03 23:51:10] [INFO] [cnx200_dashboard:historical_data_service.py:71] - [117/196] Processing historical backfill for symbol 'MARICO'...
[2026-09-03 23:51:10] [INFO] [cnx200_dashboard:nse_client.py:59] - Fetching historical market data for MARICO from 03-09-2025 to 03-09-2026...
[2026-09-03 23:51:11] [INFO] [cnx200_dashboard:nse_client.py:69] - Retrieved 249 price records for MARICO.
[2026-09-03 23:51:11] [INFO] [cnx200_dashboard:repositories.py:164] - Bulk upserted 249 price records into daily_prices.
[2026-09-03 23:51:11] [INFO] [cnx200_dashboard:historical_data_service.py:122] - [OK] [117/196] 'MARICO' backfill complete: 249 records upserted.
[2026-09-03 23:51:11] [INFO] [cnx200_dashboard:historical_data_service.py:71] - [118/196] Processing historical backfill for symbol 'MARUTI'...
[2026-09-03 23:51:11] [INFO] [cnx200_dashboard:nse_client.py:59] - Fetching historical market data for MARUTI from 03-09-2025 to 03-09-2026...
[2026-09-03 23:51:12] [INFO] [cnx200_dashboard:nse_client.py:69] - Retrieved 249 price records for MARUTI.
[2026-09-03 23:51:12] [INFO] [cnx200_dashboard:repositories.py:164] - Bulk upserted 249 price records into daily_prices.
[2026-09-03 23:51:12] [INFO] [cnx200_dashboard:historical_data_service.py:122] - [OK] [118/196] 'MARUTI' backfill complete: 249 records upserted.
[2026-09-03 23:51:12] [INFO] [cnx200_dashboard:historical_data_service.py:71] - [119/196] Processing historical backfill for symbol 'MAXHEALTH'...
[2026-09-03 23:51:12] [INFO] [cnx200_dashboard:nse_client.py:59] - Fetching historical market data for MAXHEALTH from 03-09-2025 to 03-09-2026...
[2026-09-03 23:51:13] [INFO] [cnx200_dashboard:nse_client.py:69] - Retrieved 250 price records for MAXHEALTH.
[2026-09-03 23:51:13] [INFO] [cnx200_dashboard:repositories.py:164] - Bulk upserted 250 price records into daily_prices.
[2026-09-03 23:51:13] [INFO] [cnx200_dashboard:historical_data_service.py:122] - [OK] [119/196] 'MAXHEALTH' backfill complete: 250 records upserted.
[2026-09-03 23:51:13] [INFO] [cnx200_dashboard:historical_data_service.py:71] - [120/196] Processing historical backfill for symbol 'MAZDOCK'...
[2026-09-03 23:51:13] [INFO] [cnx200_dashboard:nse_client.py:59] - Fetching historical market data for MAZDOCK from 03-09-2025 to 03-09-2026...
[2026-09-03 23:51:13] [INFO] [cnx200_dashboard:nse_client.py:69] - Retrieved 249 price records for MAZDOCK.
[2026-09-03 23:51:13] [INFO] [cnx200_dashboard:repositories.py:164] - Bulk upserted 249 price records into daily_prices.
[2026-09-03 23:51:13] [INFO] [cnx200_dashboard:historical_data_service.py:122] - [OK] [120/196] 'MAZDOCK' backfill complete: 249 records upserted.
[2026-09-03 23:51:13] [INFO] [cnx200_dashboard:historical_data_service.py:71] - [121/196] Processing historical backfill for symbol 'MCX'...
[2026-09-03 23:51:13] [INFO] [cnx200_dashboard:nse_client.py:59] - Fetching historical market data for MCX from 03-09-2025 to 03-09-2026...
[2026-09-03 23:51:14] [INFO] [cnx200_dashboard:nse_client.py:69] - Retrieved 249 price records for MCX.
[2026-09-03 23:51:14] [INFO] [cnx200_dashboard:repositories.py:164] - Bulk upserted 249 price records into daily_prices.
[2026-09-03 23:51:14] [INFO] [cnx200_dashboard:historical_data_service.py:122] - [OK] [121/196] 'MCX' backfill complete: 249 records upserted.
[2026-09-03 23:51:14] [INFO] [cnx200_dashboard:historical_data_service.py:71] - [122/196] Processing historical backfill for symbol 'MFSL'...
[2026-09-03 23:51:14] [INFO] [cnx200_dashboard:nse_client.py:59] - Fetching historical market data for MFSL from 03-09-2025 to 03-09-2026...
[2026-09-03 23:51:15] [INFO] [cnx200_dashboard:nse_client.py:69] - Retrieved 253 price records for MFSL.
[2026-09-03 23:51:15] [INFO] [cnx200_dashboard:repositories.py:164] - Bulk upserted 253 price records into daily_prices.
[2026-09-03 23:51:15] [INFO] [cnx200_dashboard:historical_data_service.py:122] - [OK] [122/196] 'MFSL' backfill complete: 253 records upserted.
[2026-09-03 23:51:15] [INFO] [cnx200_dashboard:historical_data_service.py:71] - [123/196] Processing historical backfill for symbol 'MOTHERSON'...
[2026-09-03 23:51:15] [INFO] [cnx200_dashboard:nse_client.py:59] - Fetching historical market data for MOTHERSON from 03-09-2025 to 03-09-2026...
[2026-09-03 23:51:16] [INFO] [cnx200_dashboard:nse_client.py:69] - Retrieved 249 price records for MOTHERSON.
[2026-09-03 23:51:16] [INFO] [cnx200_dashboard:repositories.py:164] - Bulk upserted 249 price records into daily_prices.
[2026-09-03 23:51:16] [INFO] [cnx200_dashboard:historical_data_service.py:122] - [OK] [123/196] 'MOTHERSON' backfill complete: 249 records upserted.
[2026-09-03 23:51:16] [INFO] [cnx200_dashboard:historical_data_service.py:71] - [124/196] Processing historical backfill for symbol 'MOTILALOFS'...
[2026-09-03 23:51:16] [INFO] [cnx200_dashboard:nse_client.py:59] - Fetching historical market data for MOTILALOFS from 03-09-2025 to 03-09-2026...
[2026-09-03 23:51:17] [INFO] [cnx200_dashboard:nse_client.py:69] - Retrieved 250 price records for MOTILALOFS.
[2026-09-03 23:51:17] [INFO] [cnx200_dashboard:repositories.py:164] - Bulk upserted 250 price records into daily_prices.
[2026-09-03 23:51:17] [INFO] [cnx200_dashboard:historical_data_service.py:122] - [OK] [124/196] 'MOTILALOFS' backfill complete: 250 records upserted.
[2026-09-03 23:51:17] [INFO] [cnx200_dashboard:historical_data_service.py:71] - [125/196] Processing historical backfill for symbol 'MPHASIS'...
[2026-09-03 23:51:17] [INFO] [cnx200_dashboard:nse_client.py:59] - Fetching historical market data for MPHASIS from 03-09-2025 to 03-09-2026...
[2026-09-03 23:51:18] [INFO] [cnx200_dashboard:nse_client.py:69] - Retrieved 249 price records for MPHASIS.
[2026-09-03 23:51:18] [INFO] [cnx200_dashboard:repositories.py:164] - Bulk upserted 249 price records into daily_prices.
[2026-09-03 23:51:18] [INFO] [cnx200_dashboard:historical_data_service.py:122] - [OK] [125/196] 'MPHASIS' backfill complete: 249 records upserted.
[2026-09-03 23:51:18] [INFO] [cnx200_dashboard:historical_data_service.py:71] - [126/196] Processing historical backfill for symbol 'MRF'...
[2026-09-03 23:51:18] [INFO] [cnx200_dashboard:nse_client.py:59] - Fetching historical market data for MRF from 03-09-2025 to 03-09-2026...
[2026-09-03 23:51:19] [INFO] [cnx200_dashboard:nse_client.py:69] - Retrieved 250 price records for MRF.
[2026-09-03 23:51:19] [INFO] [cnx200_dashboard:repositories.py:164] - Bulk upserted 250 price records into daily_prices.
[2026-09-03 23:51:19] [INFO] [cnx200_dashboard:historical_data_service.py:122] - [OK] [126/196] 'MRF' backfill complete: 250 records upserted.
[2026-09-03 23:51:19] [INFO] [cnx200_dashboard:historical_data_service.py:71] - [127/196] Processing historical backfill for symbol 'MUTHOOTFIN'...
[2026-09-03 23:51:19] [INFO] [cnx200_dashboard:nse_client.py:59] - Fetching historical market data for MUTHOOTFIN from 03-09-2025 to 03-09-2026...
[2026-09-03 23:51:19] [INFO] [cnx200_dashboard:nse_client.py:69] - Retrieved 249 price records for MUTHOOTFIN.
[2026-09-03 23:51:20] [INFO] [cnx200_dashboard:repositories.py:164] - Bulk upserted 249 price records into daily_prices.
[2026-09-03 23:51:20] [INFO] [cnx200_dashboard:historical_data_service.py:122] - [OK] [127/196] 'MUTHOOTFIN' backfill complete: 249 records upserted.
[2026-09-03 23:51:20] [INFO] [cnx200_dashboard:historical_data_service.py:71] - [128/196] Processing historical backfill for symbol 'NATIONALUM'...
[2026-09-03 23:51:20] [INFO] [cnx200_dashboard:nse_client.py:59] - Fetching historical market data for NATIONALUM from 03-09-2025 to 03-09-2026...
[2026-09-03 23:51:22] [INFO] [cnx200_dashboard:nse_client.py:69] - Retrieved 250 price records for NATIONALUM.
[2026-09-03 23:51:22] [INFO] [cnx200_dashboard:repositories.py:164] - Bulk upserted 250 price records into daily_prices.
[2026-09-03 23:51:22] [INFO] [cnx200_dashboard:historical_data_service.py:122] - [OK] [128/196] 'NATIONALUM' backfill complete: 250 records upserted.
[2026-09-03 23:51:22] [INFO] [cnx200_dashboard:historical_data_service.py:71] - [129/196] Processing historical backfill for symbol 'NAUKRI'...
[2026-09-03 23:51:22] [INFO] [cnx200_dashboard:nse_client.py:59] - Fetching historical market data for NAUKRI from 03-09-2025 to 03-09-2026...
[2026-09-03 23:51:23] [INFO] [cnx200_dashboard:nse_client.py:69] - Retrieved 249 price records for NAUKRI.
[2026-09-03 23:51:23] [INFO] [cnx200_dashboard:repositories.py:164] - Bulk upserted 249 price records into daily_prices.
[2026-09-03 23:51:23] [INFO] [cnx200_dashboard:historical_data_service.py:122] - [OK] [129/196] 'NAUKRI' backfill complete: 249 records upserted.
[2026-09-03 23:51:23] [ERROR] [cnx200_dashboard:historical_data_service.py:125] - [FAIL] Failed to backfill historical data for symbol 'INFY': (pymysql.err.OperationalError) (1213, 'Deadlock found when trying to get lock; try restarting transaction')
[SQL: INSERT INTO daily_prices (stock_id, trade_date, open_price, high_price, low_price, close_price, volume) VALUES (%(stock_id_m0)s, %(trade_date_m0)s, %(open_price_m0)s, %(high_price_m0)s, %(low_price_m0)s, %(close_price_m0)s, %(volume_m0)s), (%(stock_id_m1)s, %(trade_date_m1)s, %(open_price_m1)s, %(high_price_m1)s, %(low_price_m1)s, %(close_price_m1)s, %(volume_m1)s), (%(stock_id_m2)s, %(trade_date_m2)s, %(open_price_m2)s, %(high_price_m2)s, %(low_price_m2)s, %(close_price_m2)s, %(volume_m2)s), (%(stock_id_m3)s, %(trade_date_m3)s, %(open_price_m3)s, %(high_price_m3)s, %(low_price_m3)s, %(close_price_m3)s, %(volume_m3)s), (%(stock_id_m4)s, %(trade_date_m4)s, %(open_price_m4)s, %(high_price_m4)s, %(low_price_m4)s, %(close_price_m4)s, %(volume_m4)s), (%(stock_id_m5)s, %(trade_date_m5)s, %(open_price_m5)s, %(high_price_m5)s, %(low_price_m5)s, %(close_price_m5)s, %(volume_m5)s), (%(stock_id_m6)s, %(trade_date_m6)s, %(open_price_m6)s, %(high_price_m6)s, %(low_price_m6)s, %(close_price_m6)s, %(volume_m6)s), (%(stock_id_m7)s, %(trade_date_m7)s, %(open_price_m7)s, %(high_price_m7)s, %(low_price_m7)s, %(close_price_m7)s, %(volume_m7)s), (%(stock_id_m8)s, %(trade_date_m8)s, %(open_price_m8)s, %(high_price_m8)s, %(low_price_m8)s, %(close_price_m8)s, %(volume_m8)s), (%(stock_id_m9)s, %(trade_date_m9)s, %(open_price_m9)s, %(high_price_m9)s, %(low_price_m9)s, %(close_price_m9)s, %(volume_m9)s), (%(stock_id_m10)s, %(trade_date_m10)s, %(open_price_m10)s, %(high_price_m10)s, %(low_price_m10)s, %(close_price_m10)s, %(volume_m10)s), (%(stock_id_m11)s, %(trade_date_m11)s, %(open_price_m11)s, %(high_price_m11)s, %(low_price_m11)s, %(close_price_m11)s, %(volume_m11)s), (%(stock_id_m12)s, %(trade_date_m12)s, %(open_price_m12)s, %(high_price_m12)s, %(low_price_m12)s, %(close_price_m12)s, %(volume_m12)s), (%(stock_id_m13)s, %(trade_date_m13)s, %(open_price_m13)s, %(high_price_m13)s, %(low_price_m13)s, %(close_price_m13)s, %(volume_m13)s), (%(stock_id_m14)s, %(trade_date_m14)s, %(open_price_m14)s, %(high_price_m14)s, %(low_price_m14)s, %(close_price_m14)s, %(volume_m14)s), (%(stock_id_m15)s, %(trade_date_m15)s, %(open_price_m15)s, %(high_price_m15)s, %(low_price_m15)s, %(close_price_m15)s, %(volume_m15)s), (%(stock_id_m16)s, %(trade_date_m16)s, %(open_price_m16)s, %(high_price_m16)s, %(low_price_m16)s, %(close_price_m16)s, %(volume_m16)s), (%(stock_id_m17)s, %(trade_date_m17)s, %(open_price_m17)s, %(high_price_m17)s, %(low_price_m17)s, %(close_price_m17)s, %(volume_m17)s), (%(stock_id_m18)s, %(trade_date_m18)s, %(open_price_m18)s, %(high_price_m18)s, %(low_price_m18)s, %(close_price_m18)s, %(volume_m18)s), (%(stock_id_m19)s, %(trade_date_m19)s, %(open_price_m19)s, %(high_price_m19)s, %(low_price_m19)s, %(close_price_m19)s, %(volume_m19)s), (%(stock_id_m20)s, %(trade_date_m20)s, %(open_price_m20)s, %(high_price_m20)s, %(low_price_m20)s, %(close_price_m20)s, %(volume_m20)s), (%(stock_id_m21)s, %(trade_date_m21)s, %(open_price_m21)s, %(high_price_m21)s, %(low_price_m21)s, %(close_price_m21)s, %(volume_m21)s), (%(stock_id_m22)s, %(trade_date_m22)s, %(open_price_m22)s, %(high_price_m22)s, %(low_price_m22)s, %(close_price_m22)s, %(volume_m22)s), (%(stock_id_m23)s, %(trade_date_m23)s, %(open_price_m23)s, %(high_price_m23)s, %(low_price_m23)s, %(close_price_m23)s, %(volume_m23)s), (%(stock_id_m24)s, %(trade_date_m24)s, %(open_price_m24)s, %(high_price_m24)s, %(low_price_m24)s, %(close_price_m24)s, %(volume_m24)s), (%(stock_id_m25)s, %(trade_date_m25)s, %(open_price_m25)s, %(high_price_m25)s, %(low_price_m25)s, %(close_price_m25)s, %(volume_m25)s), (%(stock_id_m26)s, %(trade_date_m26)s, %(open_price_m26)s, %(high_price_m26)s, %(low_price_m26)s, %(close_price_m26)s, %(volume_m26)s), (%(stock_id_m27)s, %(trade_date_m27)s, %(open_price_m27)s, %(high_price_m27)s, %(low_price_m27)s, %(close_price_m27)s, %(volume_m27)s), (%(stock_id_m28)s, %(trade_date_m28)s, %(open_price_m28)s, %(high_price_m28)s, %(low_price_m28)s, %(close_price_m28)s, %(volume_m28)s), (%(stock_id_m29)s, %(trade_date_m29)s, %(open_price_m29)s, %(high_price_m29)s, %(low_price_m29)s, %(close_price_m29)s, %(volume_m29)s), (%(stock_id_m30)s, %(trade_date_m30)s, %(open_price_m30)s, %(high_price_m30)s, %(low_price_m30)s, %(close_price_m30)s, %(volume_m30)s), (%(stock_id_m31)s, %(trade_date_m31)s, %(open_price_m31)s, %(high_price_m31)s, %(low_price_m31)s, %(close_price_m31)s, %(volume_m31)s), (%(stock_id_m32)s, %(trade_date_m32)s, %(open_price_m32)s, %(high_price_m32)s, %(low_price_m32)s, %(close_price_m32)s, %(volume_m32)s), (%(stock_id_m33)s, %(trade_date_m33)s, %(open_price_m33)s, %(high_price_m33)s, %(low_price_m33)s, %(close_price_m33)s, %(volume_m33)s), (%(stock_id_m34)s, %(trade_date_m34)s, %(open_price_m34)s, %(high_price_m34)s, %(low_price_m34)s, %(close_price_m34)s, %(volume_m34)s), (%(stock_id_m35)s, %(trade_date_m35)s, %(open_price_m35)s, %(high_price_m35)s, %(low_price_m35)s, %(close_price_m35)s, %(volume_m35)s), (%(stock_id_m36)s, %(trade_date_m36)s, %(open_price_m36)s, %(high_price_m36)s, %(low_price_m36)s, %(close_price_m36)s, %(volume_m36)s), (%(stock_id_m37)s, %(trade_date_m37)s, %(open_price_m37)s, %(high_price_m37)s, %(low_price_m37)s, %(close_price_m37)s, %(volume_m37)s), (%(stock_id_m38)s, %(trade_date_m38)s, %(open_price_m38)s, %(high_price_m38)s, %(low_price_m38)s, %(close_price_m38)s, %(volume_m38)s), (%(stock_id_m39)s, %(trade_date_m39)s, %(open_price_m39)s, %(high_price_m39)s, %(low_price_m39)s, %(close_price_m39)s, %(volume_m39)s), (%(stock_id_m40)s, %(trade_date_m40)s, %(open_price_m40)s, %(high_price_m40)s, %(low_price_m40)s, %(close_price_m40)s, %(volume_m40)s), (%(stock_id_m41)s, %(trade_date_m41)s, %(open_price_m41)s, %(high_price_m41)s, %(low_price_m41)s, %(close_price_m41)s, %(volume_m41)s), (%(stock_id_m42)s, %(trade_date_m42)s, %(open_price_m42)s, %(high_price_m42)s, %(low_price_m42)s, %(close_price_m42)s, %(volume_m42)s), (%(stock_id_m43)s, %(trade_date_m43)s, %(open_price_m43)s, %(high_price_m43)s, %(low_price_m43)s, %(close_price_m43)s, %(volume_m43)s), (%(stock_id_m44)s, %(trade_date_m44)s, %(open_price_m44)s, %(high_price_m44)s, %(low_price_m44)s, %(close_price_m44)s, %(volume_m44)s), (%(stock_id_m45)s, %(trade_date_m45)s, %(open_price_m45)s, %(high_price_m45)s, %(low_price_m45)s, %(close_price_m45)s, %(volume_m45)s), (%(stock_id_m46)s, %(trade_date_m46)s, %(open_price_m46)s, %(high_price_m46)s, %(low_price_m46)s, %(close_price_m46)s, %(volume_m46)s), (%(stock_id_m47)s, %(trade_date_m47)s, %(open_price_m47)s, %(high_price_m47)s, %(low_price_m47)s, %(close_price_m47)s, %(volume_m47)s), (%(stock_id_m48)s, %(trade_date_m48)s, %(open_price_m48)s, %(high_price_m48)s, %(low_price_m48)s, %(close_price_m48)s, %(volume_m48)s), (%(stock_id_m49)s, %(trade_date_m49)s, %(open_price_m49)s, %(high_price_m49)s, %(low_price_m49)s, %(close_price_m49)s, %(volume_m49)s), (%(stock_id_m50)s, %(trade_date_m50)s, %(open_price_m50)s, %(high_price_m50)s, %(low_price_m50)s, %(close_price_m50)s, %(volume_m50)s), (%(stock_id_m51)s, %(trade_date_m51)s, %(open_price_m51)s, %(high_price_m51)s, %(low_price_m51)s, %(close_price_m51)s, %(volume_m51)s), (%(stock_id_m52)s, %(trade_date_m52)s, %(open_price_m52)s, %(high_price_m52)s, %(low_price_m52)s, %(close_price_m52)s, %(volume_m52)s), (%(stock_id_m53)s, %(trade_date_m53)s, %(open_price_m53)s, %(high_price_m53)s, %(low_price_m53)s, %(close_price_m53)s, %(volume_m53)s), (%(stock_id_m54)s, %(trade_date_m54)s, %(open_price_m54)s, %(high_price_m54)s, %(low_price_m54)s, %(close_price_m54)s, %(volume_m54)s), (%(stock_id_m55)s, %(trade_date_m55)s, %(open_price_m55)s, %(high_price_m55)s, %(low_price_m55)s, %(close_price_m55)s, %(volume_m55)s), (%(stock_id_m56)s, %(trade_date_m56)s, %(open_price_m56)s, %(high_price_m56)s, %(low_price_m56)s, %(close_price_m56)s, %(volume_m56)s), (%(stock_id_m57)s, %(trade_date_m57)s, %(open_price_m57)s, %(high_price_m57)s, %(low_price_m57)s, %(close_price_m57)s, %(volume_m57)s), (%(stock_id_m58)s, %(trade_date_m58)s, %(open_price_m58)s, %(high_price_m58)s, %(low_price_m58)s, %(close_price_m58)s, %(volume_m58)s), (%(stock_id_m59)s, %(trade_date_m59)s, %(open_price_m59)s, %(high_price_m59)s, %(low_price_m59)s, %(close_price_m59)s, %(volume_m59)s), (%(stock_id_m60)s, %(trade_date_m60)s, %(open_price_m60)s, %(high_price_m60)s, %(low_price_m60)s, %(close_price_m60)s, %(volume_m60)s), (%(stock_id_m61)s, %(trade_date_m61)s, %(open_price_m61)s, %(high_price_m61)s, %(low_price_m61)s, %(close_price_m61)s, %(volume_m61)s), (%(stock_id_m62)s, %(trade_date_m62)s, %(open_price_m62)s, %(high_price_m62)s, %(low_price_m62)s, %(close_price_m62)s, %(volume_m62)s), (%(stock_id_m63)s, %(trade_date_m63)s, %(open_price_m63)s, %(high_price_m63)s, %(low_price_m63)s, %(close_price_m63)s, %(volume_m63)s), (%(stock_id_m64)s, %(trade_date_m64)s, %(open_price_m64)s, %(high_price_m64)s, %(low_price_m64)s, %(close_price_m64)s, %(volume_m64)s), (%(stock_id_m65)s, %(trade_date_m65)s, %(open_price_m65)s, %(high_price_m65)s, %(low_price_m65)s, %(close_price_m65)s, %(volume_m65)s), (%(stock_id_m66)s, %(trade_date_m66)s, %(open_price_m66)s, %(high_price_m66)s, %(low_price_m66)s, %(close_price_m66)s, %(volume_m66)s), (%(stock_id_m67)s, %(trade_date_m67)s, %(open_price_m67)s, %(high_price_m67)s, %(low_price_m67)s, %(close_price_m67)s, %(volume_m67)s), (%(stock_id_m68)s, %(trade_date_m68)s, %(open_price_m68)s, %(high_price_m68)s, %(low_price_m68)s, %(close_price_m68)s, %(volume_m68)s), (%(stock_id_m69)s, %(trade_date_m69)s, %(open_price_m69)s, %(high_price_m69)s, %(low_price_m69)s, %(close_price_m69)s, %(volume_m69)s), (%(stock_id_m70)s, %(trade_date_m70)s, %(open_price_m70)s, %(high_price_m70)s, %(low_price_m70)s, %(close_price_m70)s, %(volume_m70)s), (%(stock_id_m71)s, %(trade_date_m71)s, %(open_price_m71)s, %(high_price_m71)s, %(low_price_m71)s, %(close_price_m71)s, %(volume_m71)s), (%(stock_id_m72)s, %(trade_date_m72)s, %(open_price_m72)s, %(high_price_m72)s, %(low_price_m72)s, %(close_price_m72)s, %(volume_m72)s), (%(stock_id_m73)s, %(trade_date_m73)s, %(open_price_m73)s, %(high_price_m73)s, %(low_price_m73)s, %(close_price_m73)s, %(volume_m73)s), (%(stock_id_m74)s, %(trade_date_m74)s, %(open_price_m74)s, %(high_price_m74)s, %(low_price_m74)s, %(close_price_m74)s, %(volume_m74)s), (%(stock_id_m75)s, %(trade_date_m75)s, %(open_price_m75)s, %(high_price_m75)s, %(low_price_m75)s, %(close_price_m75)s, %(volume_m75)s), (%(stock_id_m76)s, %(trade_date_m76)s, %(open_price_m76)s, %(high_price_m76)s, %(low_price_m76)s, %(close_price_m76)s, %(volume_m76)s), (%(stock_id_m77)s, %(trade_date_m77)s, %(open_price_m77)s, %(high_price_m77)s, %(low_price_m77)s, %(close_price_m77)s, %(volume_m77)s), (%(stock_id_m78)s, %(trade_date_m78)s, %(open_price_m78)s, %(high_price_m78)s, %(low_price_m78)s, %(close_price_m78)s, %(volume_m78)s), (%(stock_id_m79)s, %(trade_date_m79)s, %(open_price_m79)s, %(high_price_m79)s, %(low_price_m79)s, %(close_price_m79)s, %(volume_m79)s), (%(stock_id_m80)s, %(trade_date_m80)s, %(open_price_m80)s, %(high_price_m80)s, %(low_price_m80)s, %(close_price_m80)s, %(volume_m80)s), (%(stock_id_m81)s, %(trade_date_m81)s, %(open_price_m81)s, %(high_price_m81)s, %(low_price_m81)s, %(close_price_m81)s, %(volume_m81)s), (%(stock_id_m82)s, %(trade_date_m82)s, %(open_price_m82)s, %(high_price_m82)s, %(low_price_m82)s, %(close_price_m82)s, %(volume_m82)s), (%(stock_id_m83)s, %(trade_date_m83)s, %(open_price_m83)s, %(high_price_m83)s, %(low_price_m83)s, %(close_price_m83)s, %(volume_m83)s), (%(stock_id_m84)s, %(trade_date_m84)s, %(open_price_m84)s, %(high_price_m84)s, %(low_price_m84)s, %(close_price_m84)s, %(volume_m84)s), (%(stock_id_m85)s, %(trade_date_m85)s, %(open_price_m85)s, %(high_price_m85)s, %(low_price_m85)s, %(close_price_m85)s, %(volume_m85)s), (%(stock_id_m86)s, %(trade_date_m86)s, %(open_price_m86)s, %(high_price_m86)s, %(low_price_m86)s, %(close_price_m86)s, %(volume_m86)s), (%(stock_id_m87)s, %(trade_date_m87)s, %(open_price_m87)s, %(high_price_m87)s, %(low_price_m87)s, %(close_price_m87)s, %(volume_m87)s), (%(stock_id_m88)s, %(trade_date_m88)s, %(open_price_m88)s, %(high_price_m88)s, %(low_price_m88)s, %(close_price_m88)s, %(volume_m88)s), (%(stock_id_m89)s, %(trade_date_m89)s, %(open_price_m89)s, %(high_price_m89)s, %(low_price_m89)s, %(close_price_m89)s, %(volume_m89)s), (%(stock_id_m90)s, %(trade_date_m90)s, %(open_price_m90)s, %(high_price_m90)s, %(low_price_m90)s, %(close_price_m90)s, %(volume_m90)s), (%(stock_id_m91)s, %(trade_date_m91)s, %(open_price_m91)s, %(high_price_m91)s, %(low_price_m91)s, %(close_price_m91)s, %(volume_m91)s), (%(stock_id_m92)s, %(trade_date_m92)s, %(open_price_m92)s, %(high_price_m92)s, %(low_price_m92)s, %(close_price_m92)s, %(volume_m92)s), (%(stock_id_m93)s, %(trade_date_m93)s, %(open_price_m93)s, %(high_price_m93)s, %(low_price_m93)s, %(close_price_m93)s, %(volume_m93)s), (%(stock_id_m94)s, %(trade_date_m94)s, %(open_price_m94)s, %(high_price_m94)s, %(low_price_m94)s, %(close_price_m94)s, %(volume_m94)s), (%(stock_id_m95)s, %(trade_date_m95)s, %(open_price_m95)s, %(high_price_m95)s, %(low_price_m95)s, %(close_price_m95)s, %(volume_m95)s), (%(stock_id_m96)s, %(trade_date_m96)s, %(open_price_m96)s, %(high_price_m96)s, %(low_price_m96)s, %(close_price_m96)s, %(volume_m96)s), (%(stock_id_m97)s, %(trade_date_m97)s, %(open_price_m97)s, %(high_price_m97)s, %(low_price_m97)s, %(close_price_m97)s, %(volume_m97)s), (%(stock_id_m98)s, %(trade_date_m98)s, %(open_price_m98)s, %(high_price_m98)s, %(low_price_m98)s, %(close_price_m98)s, %(volume_m98)s), (%(stock_id_m99)s, %(trade_date_m99)s, %(open_price_m99)s, %(high_price_m99)s, %(low_price_m99)s, %(close_price_m99)s, %(volume_m99)s), (%(stock_id_m100)s, %(trade_date_m100)s, %(open_price_m100)s, %(high_price_m100)s, %(low_price_m100)s, %(close_price_m100)s, %(volume_m100)s), (%(stock_id_m101)s, %(trade_date_m101)s, %(open_price_m101)s, %(high_price_m101)s, %(low_price_m101)s, %(close_price_m101)s, %(volume_m101)s), (%(stock_id_m102)s, %(trade_date_m102)s, %(open_price_m102)s, %(high_price_m102)s, %(low_price_m102)s, %(close_price_m102)s, %(volume_m102)s), (%(stock_id_m103)s, %(trade_date_m103)s, %(open_price_m103)s, %(high_price_m103)s, %(low_price_m103)s, %(close_price_m103)s, %(volume_m103)s), (%(stock_id_m104)s, %(trade_date_m104)s, %(open_price_m104)s, %(high_price_m104)s, %(low_price_m104)s, %(close_price_m104)s, %(volume_m104)s), (%(stock_id_m105)s, %(trade_date_m105)s, %(open_price_m105)s, %(high_price_m105)s, %(low_price_m105)s, %(close_price_m105)s, %(volume_m105)s), (%(stock_id_m106)s, %(trade_date_m106)s, %(open_price_m106)s, %(high_price_m106)s, %(low_price_m106)s, %(close_price_m106)s, %(volume_m106)s), (%(stock_id_m107)s, %(trade_date_m107)s, %(open_price_m107)s, %(high_price_m107)s, %(low_price_m107)s, %(close_price_m107)s, %(volume_m107)s), (%(stock_id_m108)s, %(trade_date_m108)s, %(open_price_m108)s, %(high_price_m108)s, %(low_price_m108)s, %(close_price_m108)s, %(volume_m108)s), (%(stock_id_m109)s, %(trade_date_m109)s, %(open_price_m109)s, %(high_price_m109)s, %(low_price_m109)s, %(close_price_m109)s, %(volume_m109)s), (%(stock_id_m110)s, %(trade_date_m110)s, %(open_price_m110)s, %(high_price_m110)s, %(low_price_m110)s, %(close_price_m110)s, %(volume_m110)s), (%(stock_id_m111)s, %(trade_date_m111)s, %(open_price_m111)s, %(high_price_m111)s, %(low_price_m111)s, %(close_price_m111)s, %(volume_m111)s), (%(stock_id_m112)s, %(trade_date_m112)s, %(open_price_m112)s, %(high_price_m112)s, %(low_price_m112)s, %(close_price_m112)s, %(volume_m112)s), (%(stock_id_m113)s, %(trade_date_m113)s, %(open_price_m113)s, %(high_price_m113)s, %(low_price_m113)s, %(close_price_m113)s, %(volume_m113)s), (%(stock_id_m114)s, %(trade_date_m114)s, %(open_price_m114)s, %(high_price_m114)s, %(low_price_m114)s, %(close_price_m114)s, %(volume_m114)s), (%(stock_id_m115)s, %(trade_date_m115)s, %(open_price_m115)s, %(high_price_m115)s, %(low_price_m115)s, %(close_price_m115)s, %(volume_m115)s), (%(stock_id_m116)s, %(trade_date_m116)s, %(open_price_m116)s, %(high_price_m116)s, %(low_price_m116)s, %(close_price_m116)s, %(volume_m116)s), (%(stock_id_m117)s, %(trade_date_m117)s, %(open_price_m117)s, %(high_price_m117)s, %(low_price_m117)s, %(close_price_m117)s, %(volume_m117)s), (%(stock_id_m118)s, %(trade_date_m118)s, %(open_price_m118)s, %(high_price_m118)s, %(low_price_m118)s, %(close_price_m118)s, %(volume_m118)s), (%(stock_id_m119)s, %(trade_date_m119)s, %(open_price_m119)s, %(high_price_m119)s, %(low_price_m119)s, %(close_price_m119)s, %(volume_m119)s), (%(stock_id_m120)s, %(trade_date_m120)s, %(open_price_m120)s, %(high_price_m120)s, %(low_price_m120)s, %(close_price_m120)s, %(volume_m120)s), (%(stock_id_m121)s, %(trade_date_m121)s, %(open_price_m121)s, %(high_price_m121)s, %(low_price_m121)s, %(close_price_m121)s, %(volume_m121)s), (%(stock_id_m122)s, %(trade_date_m122)s, %(open_price_m122)s, %(high_price_m122)s, %(low_price_m122)s, %(close_price_m122)s, %(volume_m122)s), (%(stock_id_m123)s, %(trade_date_m123)s, %(open_price_m123)s, %(high_price_m123)s, %(low_price_m123)s, %(close_price_m123)s, %(volume_m123)s), (%(stock_id_m124)s, %(trade_date_m124)s, %(open_price_m124)s, %(high_price_m124)s, %(low_price_m124)s, %(close_price_m124)s, %(volume_m124)s), (%(stock_id_m125)s, %(trade_date_m125)s, %(open_price_m125)s, %(high_price_m125)s, %(low_price_m125)s, %(close_price_m125)s, %(volume_m125)s), (%(stock_id_m126)s, %(trade_date_m126)s, %(open_price_m126)s, %(high_price_m126)s, %(low_price_m126)s, %(close_price_m126)s, %(volume_m126)s), (%(stock_id_m127)s, %(trade_date_m127)s, %(open_price_m127)s, %(high_price_m127)s, %(low_price_m127)s, %(close_price_m127)s, %(volume_m127)s), (%(stock_id_m128)s, %(trade_date_m128)s, %(open_price_m128)s, %(high_price_m128)s, %(low_price_m128)s, %(close_price_m128)s, %(volume_m128)s), (%(stock_id_m129)s, %(trade_date_m129)s, %(open_price_m129)s, %(high_price_m129)s, %(low_price_m129)s, %(close_price_m129)s, %(volume_m129)s), (%(stock_id_m130)s, %(trade_date_m130)s, %(open_price_m130)s, %(high_price_m130)s, %(low_price_m130)s, %(close_price_m130)s, %(volume_m130)s), (%(stock_id_m131)s, %(trade_date_m131)s, %(open_price_m131)s, %(high_price_m131)s, %(low_price_m131)s, %(close_price_m131)s, %(volume_m131)s), (%(stock_id_m132)s, %(trade_date_m132)s, %(open_price_m132)s, %(high_price_m132)s, %(low_price_m132)s, %(close_price_m132)s, %(volume_m132)s), (%(stock_id_m133)s, %(trade_date_m133)s, %(open_price_m133)s, %(high_price_m133)s, %(low_price_m133)s, %(close_price_m133)s, %(volume_m133)s), (%(stock_id_m134)s, %(trade_date_m134)s, %(open_price_m134)s, %(high_price_m134)s, %(low_price_m134)s, %(close_price_m134)s, %(volume_m134)s), (%(stock_id_m135)s, %(trade_date_m135)s, %(open_price_m135)s, %(high_price_m135)s, %(low_price_m135)s, %(close_price_m135)s, %(volume_m135)s), (%(stock_id_m136)s, %(trade_date_m136)s, %(open_price_m136)s, %(high_price_m136)s, %(low_price_m136)s, %(close_price_m136)s, %(volume_m136)s), (%(stock_id_m137)s, %(trade_date_m137)s, %(open_price_m137)s, %(high_price_m137)s, %(low_price_m137)s, %(close_price_m137)s, %(volume_m137)s), (%(stock_id_m138)s, %(trade_date_m138)s, %(open_price_m138)s, %(high_price_m138)s, %(low_price_m138)s, %(close_price_m138)s, %(volume_m138)s), (%(stock_id_m139)s, %(trade_date_m139)s, %(open_price_m139)s, %(high_price_m139)s, %(low_price_m139)s, %(close_price_m139)s, %(volume_m139)s), (%(stock_id_m140)s, %(trade_date_m140)s, %(open_price_m140)s, %(high_price_m140)s, %(low_price_m140)s, %(close_price_m140)s, %(volume_m140)s), (%(stock_id_m141)s, %(trade_date_m141)s, %(open_price_m141)s, %(high_price_m141)s, %(low_price_m141)s, %(close_price_m141)s, %(volume_m141)s), (%(stock_id_m142)s, %(trade_date_m142)s, %(open_price_m142)s, %(high_price_m142)s, %(low_price_m142)s, %(close_price_m142)s, %(volume_m142)s), (%(stock_id_m143)s, %(trade_date_m143)s, %(open_price_m143)s, %(high_price_m143)s, %(low_price_m143)s, %(close_price_m143)s, %(volume_m143)s), (%(stock_id_m144)s, %(trade_date_m144)s, %(open_price_m144)s, %(high_price_m144)s, %(low_price_m144)s, %(close_price_m144)s, %(volume_m144)s), (%(stock_id_m145)s, %(trade_date_m145)s, %(open_price_m145)s, %(high_price_m145)s, %(low_price_m145)s, %(close_price_m145)s, %(volume_m145)s), (%(stock_id_m146)s, %(trade_date_m146)s, %(open_price_m146)s, %(high_price_m146)s, %(low_price_m146)s, %(close_price_m146)s, %(volume_m146)s), (%(stock_id_m147)s, %(trade_date_m147)s, %(open_price_m147)s, %(high_price_m147)s, %(low_price_m147)s, %(close_price_m147)s, %(volume_m147)s), (%(stock_id_m148)s, %(trade_date_m148)s, %(open_price_m148)s, %(high_price_m148)s, %(low_price_m148)s, %(close_price_m148)s, %(volume_m148)s), (%(stock_id_m149)s, %(trade_date_m149)s, %(open_price_m149)s, %(high_price_m149)s, %(low_price_m149)s, %(close_price_m149)s, %(volume_m149)s), (%(stock_id_m150)s, %(trade_date_m150)s, %(open_price_m150)s, %(high_price_m150)s, %(low_price_m150)s, %(close_price_m150)s, %(volume_m150)s), (%(stock_id_m151)s, %(trade_date_m151)s, %(open_price_m151)s, %(high_price_m151)s, %(low_price_m151)s, %(close_price_m151)s, %(volume_m151)s), (%(stock_id_m152)s, %(trade_date_m152)s, %(open_price_m152)s, %(high_price_m152)s, %(low_price_m152)s, %(close_price_m152)s, %(volume_m152)s), (%(stock_id_m153)s, %(trade_date_m153)s, %(open_price_m153)s, %(high_price_m153)s, %(low_price_m153)s, %(close_price_m153)s, %(volume_m153)s), (%(stock_id_m154)s, %(trade_date_m154)s, %(open_price_m154)s, %(high_price_m154)s, %(low_price_m154)s, %(close_price_m154)s, %(volume_m154)s), (%(stock_id_m155)s, %(trade_date_m155)s, %(open_price_m155)s, %(high_price_m155)s, %(low_price_m155)s, %(close_price_m155)s, %(volume_m155)s), (%(stock_id_m156)s, %(trade_date_m156)s, %(open_price_m156)s, %(high_price_m156)s, %(low_price_m156)s, %(close_price_m156)s, %(volume_m156)s), (%(stock_id_m157)s, %(trade_date_m157)s, %(open_price_m157)s, %(high_price_m157)s, %(low_price_m157)s, %(close_price_m157)s, %(volume_m157)s), (%(stock_id_m158)s, %(trade_date_m158)s, %(open_price_m158)s, %(high_price_m158)s, %(low_price_m158)s, %(close_price_m158)s, %(volume_m158)s), (%(stock_id_m159)s, %(trade_date_m159)s, %(open_price_m159)s, %(high_price_m159)s, %(low_price_m159)s, %(close_price_m159)s, %(volume_m159)s), (%(stock_id_m160)s, %(trade_date_m160)s, %(open_price_m160)s, %(high_price_m160)s, %(low_price_m160)s, %(close_price_m160)s, %(volume_m160)s), (%(stock_id_m161)s, %(trade_date_m161)s, %(open_price_m161)s, %(high_price_m161)s, %(low_price_m161)s, %(close_price_m161)s, %(volume_m161)s), (%(stock_id_m162)s, %(trade_date_m162)s, %(open_price_m162)s, %(high_price_m162)s, %(low_price_m162)s, %(close_price_m162)s, %(volume_m162)s), (%(stock_id_m163)s, %(trade_date_m163)s, %(open_price_m163)s, %(high_price_m163)s, %(low_price_m163)s, %(close_price_m163)s, %(volume_m163)s), (%(stock_id_m164)s, %(trade_date_m164)s, %(open_price_m164)s, %(high_price_m164)s, %(low_price_m164)s, %(close_price_m164)s, %(volume_m164)s), (%(stock_id_m165)s, %(trade_date_m165)s, %(open_price_m165)s, %(high_price_m165)s, %(low_price_m165)s, %(close_price_m165)s, %(volume_m165)s), (%(stock_id_m166)s, %(trade_date_m166)s, %(open_price_m166)s, %(high_price_m166)s, %(low_price_m166)s, %(close_price_m166)s, %(volume_m166)s), (%(stock_id_m167)s, %(trade_date_m167)s, %(open_price_m167)s, %(high_price_m167)s, %(low_price_m167)s, %(close_price_m167)s, %(volume_m167)s), (%(stock_id_m168)s, %(trade_date_m168)s, %(open_price_m168)s, %(high_price_m168)s, %(low_price_m168)s, %(close_price_m168)s, %(volume_m168)s), (%(stock_id_m169)s, %(trade_date_m169)s, %(open_price_m169)s, %(high_price_m169)s, %(low_price_m169)s, %(close_price_m169)s, %(volume_m169)s), (%(stock_id_m170)s, %(trade_date_m170)s, %(open_price_m170)s, %(high_price_m170)s, %(low_price_m170)s, %(close_price_m170)s, %(volume_m170)s), (%(stock_id_m171)s, %(trade_date_m171)s, %(open_price_m171)s, %(high_price_m171)s, %(low_price_m171)s, %(close_price_m171)s, %(volume_m171)s), (%(stock_id_m172)s, %(trade_date_m172)s, %(open_price_m172)s, %(high_price_m172)s, %(low_price_m172)s, %(close_price_m172)s, %(volume_m172)s), (%(stock_id_m173)s, %(trade_date_m173)s, %(open_price_m173)s, %(high_price_m173)s, %(low_price_m173)s, %(close_price_m173)s, %(volume_m173)s), (%(stock_id_m174)s, %(trade_date_m174)s, %(open_price_m174)s, %(high_price_m174)s, %(low_price_m174)s, %(close_price_m174)s, %(volume_m174)s), (%(stock_id_m175)s, %(trade_date_m175)s, %(open_price_m175)s, %(high_price_m175)s, %(low_price_m175)s, %(close_price_m175)s, %(volume_m175)s), (%(stock_id_m176)s, %(trade_date_m176)s, %(open_price_m176)s, %(high_price_m176)s, %(low_price_m176)s, %(close_price_m176)s, %(volume_m176)s), (%(stock_id_m177)s, %(trade_date_m177)s, %(open_price_m177)s, %(high_price_m177)s, %(low_price_m177)s, %(close_price_m177)s, %(volume_m177)s), (%(stock_id_m178)s, %(trade_date_m178)s, %(open_price_m178)s, %(high_price_m178)s, %(low_price_m178)s, %(close_price_m178)s, %(volume_m178)s), (%(stock_id_m179)s, %(trade_date_m179)s, %(open_price_m179)s, %(high_price_m179)s, %(low_price_m179)s, %(close_price_m179)s, %(volume_m179)s), (%(stock_id_m180)s, %(trade_date_m180)s, %(open_price_m180)s, %(high_price_m180)s, %(low_price_m180)s, %(close_price_m180)s, %(volume_m180)s), (%(stock_id_m181)s, %(trade_date_m181)s, %(open_price_m181)s, %(high_price_m181)s, %(low_price_m181)s, %(close_price_m181)s, %(volume_m181)s), (%(stock_id_m182)s, %(trade_date_m182)s, %(open_price_m182)s, %(high_price_m182)s, %(low_price_m182)s, %(close_price_m182)s, %(volume_m182)s), (%(stock_id_m183)s, %(trade_date_m183)s, %(open_price_m183)s, %(high_price_m183)s, %(low_price_m183)s, %(close_price_m183)s, %(volume_m183)s), (%(stock_id_m184)s, %(trade_date_m184)s, %(open_price_m184)s, %(high_price_m184)s, %(low_price_m184)s, %(close_price_m184)s, %(volume_m184)s), (%(stock_id_m185)s, %(trade_date_m185)s, %(open_price_m185)s, %(high_price_m185)s, %(low_price_m185)s, %(close_price_m185)s, %(volume_m185)s), (%(stock_id_m186)s, %(trade_date_m186)s, %(open_price_m186)s, %(high_price_m186)s, %(low_price_m186)s, %(close_price_m186)s, %(volume_m186)s), (%(stock_id_m187)s, %(trade_date_m187)s, %(open_price_m187)s, %(high_price_m187)s, %(low_price_m187)s, %(close_price_m187)s, %(volume_m187)s), (%(stock_id_m188)s, %(trade_date_m188)s, %(open_price_m188)s, %(high_price_m188)s, %(low_price_m188)s, %(close_price_m188)s, %(volume_m188)s), (%(stock_id_m189)s, %(trade_date_m189)s, %(open_price_m189)s, %(high_price_m189)s, %(low_price_m189)s, %(close_price_m189)s, %(volume_m189)s), (%(stock_id_m190)s, %(trade_date_m190)s, %(open_price_m190)s, %(high_price_m190)s, %(low_price_m190)s, %(close_price_m190)s, %(volume_m190)s), (%(stock_id_m191)s, %(trade_date_m191)s, %(open_price_m191)s, %(high_price_m191)s, %(low_price_m191)s, %(close_price_m191)s, %(volume_m191)s), (%(stock_id_m192)s, %(trade_date_m192)s, %(open_price_m192)s, %(high_price_m192)s, %(low_price_m192)s, %(close_price_m192)s, %(volume_m192)s), (%(stock_id_m193)s, %(trade_date_m193)s, %(open_price_m193)s, %(high_price_m193)s, %(low_price_m193)s, %(close_price_m193)s, %(volume_m193)s), (%(stock_id_m194)s, %(trade_date_m194)s, %(open_price_m194)s, %(high_price_m194)s, %(low_price_m194)s, %(close_price_m194)s, %(volume_m194)s), (%(stock_id_m195)s, %(trade_date_m195)s, %(open_price_m195)s, %(high_price_m195)s, %(low_price_m195)s, %(close_price_m195)s, %(volume_m195)s), (%(stock_id_m196)s, %(trade_date_m196)s, %(open_price_m196)s, %(high_price_m196)s, %(low_price_m196)s, %(close_price_m196)s, %(volume_m196)s), (%(stock_id_m197)s, %(trade_date_m197)s, %(open_price_m197)s, %(high_price_m197)s, %(low_price_m197)s, %(close_price_m197)s, %(volume_m197)s), (%(stock_id_m198)s, %(trade_date_m198)s, %(open_price_m198)s, %(high_price_m198)s, %(low_price_m198)s, %(close_price_m198)s, %(volume_m198)s), (%(stock_id_m199)s, %(trade_date_m199)s, %(open_price_m199)s, %(high_price_m199)s, %(low_price_m199)s, %(close_price_m199)s, %(volume_m199)s), (%(stock_id_m200)s, %(trade_date_m200)s, %(open_price_m200)s, %(high_price_m200)s, %(low_price_m200)s, %(close_price_m200)s, %(volume_m200)s), (%(stock_id_m201)s, %(trade_date_m201)s, %(open_price_m201)s, %(high_price_m201)s, %(low_price_m201)s, %(close_price_m201)s, %(volume_m201)s), (%(stock_id_m202)s, %(trade_date_m202)s, %(open_price_m202)s, %(high_price_m202)s, %(low_price_m202)s, %(close_price_m202)s, %(volume_m202)s), (%(stock_id_m203)s, %(trade_date_m203)s, %(open_price_m203)s, %(high_price_m203)s, %(low_price_m203)s, %(close_price_m203)s, %(volume_m203)s), (%(stock_id_m204)s, %(trade_date_m204)s, %(open_price_m204)s, %(high_price_m204)s, %(low_price_m204)s, %(close_price_m204)s, %(volume_m204)s), (%(stock_id_m205)s, %(trade_date_m205)s, %(open_price_m205)s, %(high_price_m205)s, %(low_price_m205)s, %(close_price_m205)s, %(volume_m205)s), (%(stock_id_m206)s, %(trade_date_m206)s, %(open_price_m206)s, %(high_price_m206)s, %(low_price_m206)s, %(close_price_m206)s, %(volume_m206)s), (%(stock_id_m207)s, %(trade_date_m207)s, %(open_price_m207)s, %(high_price_m207)s, %(low_price_m207)s, %(close_price_m207)s, %(volume_m207)s), (%(stock_id_m208)s, %(trade_date_m208)s, %(open_price_m208)s, %(high_price_m208)s, %(low_price_m208)s, %(close_price_m208)s, %(volume_m208)s), (%(stock_id_m209)s, %(trade_date_m209)s, %(open_price_m209)s, %(high_price_m209)s, %(low_price_m209)s, %(close_price_m209)s, %(volume_m209)s), (%(stock_id_m210)s, %(trade_date_m210)s, %(open_price_m210)s, %(high_price_m210)s, %(low_price_m210)s, %(close_price_m210)s, %(volume_m210)s), (%(stock_id_m211)s, %(trade_date_m211)s, %(open_price_m211)s, %(high_price_m211)s, %(low_price_m211)s, %(close_price_m211)s, %(volume_m211)s), (%(stock_id_m212)s, %(trade_date_m212)s, %(open_price_m212)s, %(high_price_m212)s, %(low_price_m212)s, %(close_price_m212)s, %(volume_m212)s), (%(stock_id_m213)s, %(trade_date_m213)s, %(open_price_m213)s, %(high_price_m213)s, %(low_price_m213)s, %(close_price_m213)s, %(volume_m213)s), (%(stock_id_m214)s, %(trade_date_m214)s, %(open_price_m214)s, %(high_price_m214)s, %(low_price_m214)s, %(close_price_m214)s, %(volume_m214)s), (%(stock_id_m215)s, %(trade_date_m215)s, %(open_price_m215)s, %(high_price_m215)s, %(low_price_m215)s, %(close_price_m215)s, %(volume_m215)s), (%(stock_id_m216)s, %(trade_date_m216)s, %(open_price_m216)s, %(high_price_m216)s, %(low_price_m216)s, %(close_price_m216)s, %(volume_m216)s), (%(stock_id_m217)s, %(trade_date_m217)s, %(open_price_m217)s, %(high_price_m217)s, %(low_price_m217)s, %(close_price_m217)s, %(volume_m217)s), (%(stock_id_m218)s, %(trade_date_m218)s, %(open_price_m218)s, %(high_price_m218)s, %(low_price_m218)s, %(close_price_m218)s, %(volume_m218)s), (%(stock_id_m219)s, %(trade_date_m219)s, %(open_price_m219)s, %(high_price_m219)s, %(low_price_m219)s, %(close_price_m219)s, %(volume_m219)s), (%(stock_id_m220)s, %(trade_date_m220)s, %(open_price_m220)s, %(high_price_m220)s, %(low_price_m220)s, %(close_price_m220)s, %(volume_m220)s), (%(stock_id_m221)s, %(trade_date_m221)s, %(open_price_m221)s, %(high_price_m221)s, %(low_price_m221)s, %(close_price_m221)s, %(volume_m221)s), (%(stock_id_m222)s, %(trade_date_m222)s, %(open_price_m222)s, %(high_price_m222)s, %(low_price_m222)s, %(close_price_m222)s, %(volume_m222)s), (%(stock_id_m223)s, %(trade_date_m223)s, %(open_price_m223)s, %(high_price_m223)s, %(low_price_m223)s, %(close_price_m223)s, %(volume_m223)s), (%(stock_id_m224)s, %(trade_date_m224)s, %(open_price_m224)s, %(high_price_m224)s, %(low_price_m224)s, %(close_price_m224)s, %(volume_m224)s), (%(stock_id_m225)s, %(trade_date_m225)s, %(open_price_m225)s, %(high_price_m225)s, %(low_price_m225)s, %(close_price_m225)s, %(volume_m225)s), (%(stock_id_m226)s, %(trade_date_m226)s, %(open_price_m226)s, %(high_price_m226)s, %(low_price_m226)s, %(close_price_m226)s, %(volume_m226)s), (%(stock_id_m227)s, %(trade_date_m227)s, %(open_price_m227)s, %(high_price_m227)s, %(low_price_m227)s, %(close_price_m227)s, %(volume_m227)s), (%(stock_id_m228)s, %(trade_date_m228)s, %(open_price_m228)s, %(high_price_m228)s, %(low_price_m228)s, %(close_price_m228)s, %(volume_m228)s), (%(stock_id_m229)s, %(trade_date_m229)s, %(open_price_m229)s, %(high_price_m229)s, %(low_price_m229)s, %(close_price_m229)s, %(volume_m229)s), (%(stock_id_m230)s, %(trade_date_m230)s, %(open_price_m230)s, %(high_price_m230)s, %(low_price_m230)s, %(close_price_m230)s, %(volume_m230)s), (%(stock_id_m231)s, %(trade_date_m231)s, %(open_price_m231)s, %(high_price_m231)s, %(low_price_m231)s, %(close_price_m231)s, %(volume_m231)s), (%(stock_id_m232)s, %(trade_date_m232)s, %(open_price_m232)s, %(high_price_m232)s, %(low_price_m232)s, %(close_price_m232)s, %(volume_m232)s), (%(stock_id_m233)s, %(trade_date_m233)s, %(open_price_m233)s, %(high_price_m233)s, %(low_price_m233)s, %(close_price_m233)s, %(volume_m233)s), (%(stock_id_m234)s, %(trade_date_m234)s, %(open_price_m234)s, %(high_price_m234)s, %(low_price_m234)s, %(close_price_m234)s, %(volume_m234)s), (%(stock_id_m235)s, %(trade_date_m235)s, %(open_price_m235)s, %(high_price_m235)s, %(low_price_m235)s, %(close_price_m235)s, %(volume_m235)s), (%(stock_id_m236)s, %(trade_date_m236)s, %(open_price_m236)s, %(high_price_m236)s, %(low_price_m236)s, %(close_price_m236)s, %(volume_m236)s), (%(stock_id_m237)s, %(trade_date_m237)s, %(open_price_m237)s, %(high_price_m237)s, %(low_price_m237)s, %(close_price_m237)s, %(volume_m237)s), (%(stock_id_m238)s, %(trade_date_m238)s, %(open_price_m238)s, %(high_price_m238)s, %(low_price_m238)s, %(close_price_m238)s, %(volume_m238)s), (%(stock_id_m239)s, %(trade_date_m239)s, %(open_price_m239)s, %(high_price_m239)s, %(low_price_m239)s, %(close_price_m239)s, %(volume_m239)s), (%(stock_id_m240)s, %(trade_date_m240)s, %(open_price_m240)s, %(high_price_m240)s, %(low_price_m240)s, %(close_price_m240)s, %(volume_m240)s), (%(stock_id_m241)s, %(trade_date_m241)s, %(open_price_m241)s, %(high_price_m241)s, %(low_price_m241)s, %(close_price_m241)s, %(volume_m241)s), (%(stock_id_m242)s, %(trade_date_m242)s, %(open_price_m242)s, %(high_price_m242)s, %(low_price_m242)s, %(close_price_m242)s, %(volume_m242)s), (%(stock_id_m243)s, %(trade_date_m243)s, %(open_price_m243)s, %(high_price_m243)s, %(low_price_m243)s, %(close_price_m243)s, %(volume_m243)s), (%(stock_id_m244)s, %(trade_date_m244)s, %(open_price_m244)s, %(high_price_m244)s, %(low_price_m244)s, %(close_price_m244)s, %(volume_m244)s), (%(stock_id_m245)s, %(trade_date_m245)s, %(open_price_m245)s, %(high_price_m245)s, %(low_price_m245)s, %(close_price_m245)s, %(volume_m245)s), (%(stock_id_m246)s, %(trade_date_m246)s, %(open_price_m246)s, %(high_price_m246)s, %(low_price_m246)s, %(close_price_m246)s, %(volume_m246)s), (%(stock_id_m247)s, %(trade_date_m247)s, %(open_price_m247)s, %(high_price_m247)s, %(low_price_m247)s, %(close_price_m247)s, %(volume_m247)s), (%(stock_id_m248)s, %(trade_date_m248)s, %(open_price_m248)s, %(high_price_m248)s, %(low_price_m248)s, %(close_price_m248)s, %(volume_m248)s), (%(stock_id_m249)s, %(trade_date_m249)s, %(open_price_m249)s, %(high_price_m249)s, %(low_price_m249)s, %(close_price_m249)s, %(volume_m249)s), (%(stock_id_m250)s, %(trade_date_m250)s, %(open_price_m250)s, %(high_price_m250)s, %(low_price_m250)s, %(close_price_m250)s, %(volume_m250)s), (%(stock_id_m251)s, %(trade_date_m251)s, %(open_price_m251)s, %(high_price_m251)s, %(low_price_m251)s, %(close_price_m251)s, %(volume_m251)s), (%(stock_id_m252)s, %(trade_date_m252)s, %(open_price_m252)s, %(high_price_m252)s, %(low_price_m252)s, %(close_price_m252)s, %(volume_m252)s), (%(stock_id_m253)s, %(trade_date_m253)s, %(open_price_m253)s, %(high_price_m253)s, %(low_price_m253)s, %(close_price_m253)s, %(volume_m253)s), (%(stock_id_m254)s, %(trade_date_m254)s, %(open_price_m254)s, %(high_price_m254)s, %(low_price_m254)s, %(close_price_m254)s, %(volume_m254)s), (%(stock_id_m255)s, %(trade_date_m255)s, %(open_price_m255)s, %(high_price_m255)s, %(low_price_m255)s, %(close_price_m255)s, %(volume_m255)s), (%(stock_id_m256)s, %(trade_date_m256)s, %(open_price_m256)s, %(high_price_m256)s, %(low_price_m256)s, %(close_price_m256)s, %(volume_m256)s), (%(stock_id_m257)s, %(trade_date_m257)s, %(open_price_m257)s, %(high_price_m257)s, %(low_price_m257)s, %(close_price_m257)s, %(volume_m257)s), (%(stock_id_m258)s, %(trade_date_m258)s, %(open_price_m258)s, %(high_price_m258)s, %(low_price_m258)s, %(close_price_m258)s, %(volume_m258)s), (%(stock_id_m259)s, %(trade_date_m259)s, %(open_price_m259)s, %(high_price_m259)s, %(low_price_m259)s, %(close_price_m259)s, %(volume_m259)s), (%(stock_id_m260)s, %(trade_date_m260)s, %(open_price_m260)s, %(high_price_m260)s, %(low_price_m260)s, %(close_price_m260)s, %(volume_m260)s), (%(stock_id_m261)s, %(trade_date_m261)s, %(open_price_m261)s, %(high_price_m261)s, %(low_price_m261)s, %(close_price_m261)s, %(volume_m261)s), (%(stock_id_m262)s, %(trade_date_m262)s, %(open_price_m262)s, %(high_price_m262)s, %(low_price_m262)s, %(close_price_m262)s, %(volume_m262)s), (%(stock_id_m263)s, %(trade_date_m263)s, %(open_price_m263)s, %(high_price_m263)s, %(low_price_m263)s, %(close_price_m263)s, %(volume_m263)s), (%(stock_id_m264)s, %(trade_date_m264)s, %(open_price_m264)s, %(high_price_m264)s, %(low_price_m264)s, %(close_price_m264)s, %(volume_m264)s), (%(stock_id_m265)s, %(trade_date_m265)s, %(open_price_m265)s, %(high_price_m265)s, %(low_price_m265)s, %(close_price_m265)s, %(volume_m265)s), (%(stock_id_m266)s, %(trade_date_m266)s, %(open_price_m266)s, %(high_price_m266)s, %(low_price_m266)s, %(close_price_m266)s, %(volume_m266)s), (%(stock_id_m267)s, %(trade_date_m267)s, %(open_price_m267)s, %(high_price_m267)s, %(low_price_m267)s, %(close_price_m267)s, %(volume_m267)s), (%(stock_id_m268)s, %(trade_date_m268)s, %(open_price_m268)s, %(high_price_m268)s, %(low_price_m268)s, %(close_price_m268)s, %(volume_m268)s), (%(stock_id_m269)s, %(trade_date_m269)s, %(open_price_m269)s, %(high_price_m269)s, %(low_price_m269)s, %(close_price_m269)s, %(volume_m269)s), (%(stock_id_m270)s, %(trade_date_m270)s, %(open_price_m270)s, %(high_price_m270)s, %(low_price_m270)s, %(close_price_m270)s, %(volume_m270)s), (%(stock_id_m271)s, %(trade_date_m271)s, %(open_price_m271)s, %(high_price_m271)s, %(low_price_m271)s, %(close_price_m271)s, %(volume_m271)s), (%(stock_id_m272)s, %(trade_date_m272)s, %(open_price_m272)s, %(high_price_m272)s, %(low_price_m272)s, %(close_price_m272)s, %(volume_m272)s), (%(stock_id_m273)s, %(trade_date_m273)s, %(open_price_m273)s, %(high_price_m273)s, %(low_price_m273)s, %(close_price_m273)s, %(volume_m273)s), (%(stock_id_m274)s, %(trade_date_m274)s, %(open_price_m274)s, %(high_price_m274)s, %(low_price_m274)s, %(close_price_m274)s, %(volume_m274)s), (%(stock_id_m275)s, %(trade_date_m275)s, %(open_price_m275)s, %(high_price_m275)s, %(low_price_m275)s, %(close_price_m275)s, %(volume_m275)s), (%(stock_id_m276)s, %(trade_date_m276)s, %(open_price_m276)s, %(high_price_m276)s, %(low_price_m276)s, %(close_price_m276)s, %(volume_m276)s), (%(stock_id_m277)s, %(trade_date_m277)s, %(open_price_m277)s, %(high_price_m277)s, %(low_price_m277)s, %(close_price_m277)s, %(volume_m277)s), (%(stock_id_m278)s, %(trade_date_m278)s, %(open_price_m278)s, %(high_price_m278)s, %(low_price_m278)s, %(close_price_m278)s, %(volume_m278)s), (%(stock_id_m279)s, %(trade_date_m279)s, %(open_price_m279)s, %(high_price_m279)s, %(low_price_m279)s, %(close_price_m279)s, %(volume_m279)s), (%(stock_id_m280)s, %(trade_date_m280)s, %(open_price_m280)s, %(high_price_m280)s, %(low_price_m280)s, %(close_price_m280)s, %(volume_m280)s), (%(stock_id_m281)s, %(trade_date_m281)s, %(open_price_m281)s, %(high_price_m281)s, %(low_price_m281)s, %(close_price_m281)s, %(volume_m281)s), (%(stock_id_m282)s, %(trade_date_m282)s, %(open_price_m282)s, %(high_price_m282)s, %(low_price_m282)s, %(close_price_m282)s, %(volume_m282)s), (%(stock_id_m283)s, %(trade_date_m283)s, %(open_price_m283)s, %(high_price_m283)s, %(low_price_m283)s, %(close_price_m283)s, %(volume_m283)s), (%(stock_id_m284)s, %(trade_date_m284)s, %(open_price_m284)s, %(high_price_m284)s, %(low_price_m284)s, %(close_price_m284)s, %(volume_m284)s), (%(stock_id_m285)s, %(trade_date_m285)s, %(open_price_m285)s, %(high_price_m285)s, %(low_price_m285)s, %(close_price_m285)s, %(volume_m285)s), (%(stock_id_m286)s, %(trade_date_m286)s, %(open_price_m286)s, %(high_price_m286)s, %(low_price_m286)s, %(close_price_m286)s, %(volume_m286)s), (%(stock_id_m287)s, %(trade_date_m287)s, %(open_price_m287)s, %(high_price_m287)s, %(low_price_m287)s, %(close_price_m287)s, %(volume_m287)s), (%(stock_id_m288)s, %(trade_date_m288)s, %(open_price_m288)s, %(high_price_m288)s, %(low_price_m288)s, %(close_price_m288)s, %(volume_m288)s), (%(stock_id_m289)s, %(trade_date_m289)s, %(open_price_m289)s, %(high_price_m289)s, %(low_price_m289)s, %(close_price_m289)s, %(volume_m289)s), (%(stock_id_m290)s, %(trade_date_m290)s, %(open_price_m290)s, %(high_price_m290)s, %(low_price_m290)s, %(close_price_m290)s, %(volume_m290)s), (%(stock_id_m291)s, %(trade_date_m291)s, %(open_price_m291)s, %(high_price_m291)s, %(low_price_m291)s, %(close_price_m291)s, %(volume_m291)s), (%(stock_id_m292)s, %(trade_date_m292)s, %(open_price_m292)s, %(high_price_m292)s, %(low_price_m292)s, %(close_price_m292)s, %(volume_m292)s), (%(stock_id_m293)s, %(trade_date_m293)s, %(open_price_m293)s, %(high_price_m293)s, %(low_price_m293)s, %(close_price_m293)s, %(volume_m293)s), (%(stock_id_m294)s, %(trade_date_m294)s, %(open_price_m294)s, %(high_price_m294)s, %(low_price_m294)s, %(close_price_m294)s, %(volume_m294)s), (%(stock_id_m295)s, %(trade_date_m295)s, %(open_price_m295)s, %(high_price_m295)s, %(low_price_m295)s, %(close_price_m295)s, %(volume_m295)s), (%(stock_id_m296)s, %(trade_date_m296)s, %(open_price_m296)s, %(high_price_m296)s, %(low_price_m296)s, %(close_price_m296)s, %(volume_m296)s), (%(stock_id_m297)s, %(trade_date_m297)s, %(open_price_m297)s, %(high_price_m297)s, %(low_price_m297)s, %(close_price_m297)s, %(volume_m297)s), (%(stock_id_m298)s, %(trade_date_m298)s, %(open_price_m298)s, %(high_price_m298)s, %(low_price_m298)s, %(close_price_m298)s, %(volume_m298)s), (%(stock_id_m299)s, %(trade_date_m299)s, %(open_price_m299)s, %(high_price_m299)s, %(low_price_m299)s, %(close_price_m299)s, %(volume_m299)s), (%(stock_id_m300)s, %(trade_date_m300)s, %(open_price_m300)s, %(high_price_m300)s, %(low_price_m300)s, %(close_price_m300)s, %(volume_m300)s), (%(stock_id_m301)s, %(trade_date_m301)s, %(open_price_m301)s, %(high_price_m301)s, %(low_price_m301)s, %(close_price_m301)s, %(volume_m301)s), (%(stock_id_m302)s, %(trade_date_m302)s, %(open_price_m302)s, %(high_price_m302)s, %(low_price_m302)s, %(close_price_m302)s, %(volume_m302)s), (%(stock_id_m303)s, %(trade_date_m303)s, %(open_price_m303)s, %(high_price_m303)s, %(low_price_m303)s, %(close_price_m303)s, %(volume_m303)s), (%(stock_id_m304)s, %(trade_date_m304)s, %(open_price_m304)s, %(high_price_m304)s, %(low_price_m304)s, %(close_price_m304)s, %(volume_m304)s), (%(stock_id_m305)s, %(trade_date_m305)s, %(open_price_m305)s, %(high_price_m305)s, %(low_price_m305)s, %(close_price_m305)s, %(volume_m305)s), (%(stock_id_m306)s, %(trade_date_m306)s, %(open_price_m306)s, %(high_price_m306)s, %(low_price_m306)s, %(close_price_m306)s, %(volume_m306)s), (%(stock_id_m307)s, %(trade_date_m307)s, %(open_price_m307)s, %(high_price_m307)s, %(low_price_m307)s, %(close_price_m307)s, %(volume_m307)s), (%(stock_id_m308)s, %(trade_date_m308)s, %(open_price_m308)s, %(high_price_m308)s, %(low_price_m308)s, %(close_price_m308)s, %(volume_m308)s), (%(stock_id_m309)s, %(trade_date_m309)s, %(open_price_m309)s, %(high_price_m309)s, %(low_price_m309)s, %(close_price_m309)s, %(volume_m309)s), (%(stock_id_m310)s, %(trade_date_m310)s, %(open_price_m310)s, %(high_price_m310)s, %(low_price_m310)s, %(close_price_m310)s, %(volume_m310)s), (%(stock_id_m311)s, %(trade_date_m311)s, %(open_price_m311)s, %(high_price_m311)s, %(low_price_m311)s, %(close_price_m311)s, %(volume_m311)s), (%(stock_id_m312)s, %(trade_date_m312)s, %(open_price_m312)s, %(high_price_m312)s, %(low_price_m312)s, %(close_price_m312)s, %(volume_m312)s), (%(stock_id_m313)s, %(trade_date_m313)s, %(open_price_m313)s, %(high_price_m313)s, %(low_price_m313)s, %(close_price_m313)s, %(volume_m313)s), (%(stock_id_m314)s, %(trade_date_m314)s, %(open_price_m314)s, %(high_price_m314)s, %(low_price_m314)s, %(close_price_m314)s, %(volume_m314)s), (%(stock_id_m315)s, %(trade_date_m315)s, %(open_price_m315)s, %(high_price_m315)s, %(low_price_m315)s, %(close_price_m315)s, %(volume_m315)s), (%(stock_id_m316)s, %(trade_date_m316)s, %(open_price_m316)s, %(high_price_m316)s, %(low_price_m316)s, %(close_price_m316)s, %(volume_m316)s), (%(stock_id_m317)s, %(trade_date_m317)s, %(open_price_m317)s, %(high_price_m317)s, %(low_price_m317)s, %(close_price_m317)s, %(volume_m317)s), (%(stock_id_m318)s, %(trade_date_m318)s, %(open_price_m318)s, %(high_price_m318)s, %(low_price_m318)s, %(close_price_m318)s, %(volume_m318)s), (%(stock_id_m319)s, %(trade_date_m319)s, %(open_price_m319)s, %(high_price_m319)s, %(low_price_m319)s, %(close_price_m319)s, %(volume_m319)s), (%(stock_id_m320)s, %(trade_date_m320)s, %(open_price_m320)s, %(high_price_m320)s, %(low_price_m320)s, %(close_price_m320)s, %(volume_m320)s), (%(stock_id_m321)s, %(trade_date_m321)s, %(open_price_m321)s, %(high_price_m321)s, %(low_price_m321)s, %(close_price_m321)s, %(volume_m321)s), (%(stock_id_m322)s, %(trade_date_m322)s, %(open_price_m322)s, %(high_price_m322)s, %(low_price_m322)s, %(close_price_m322)s, %(volume_m322)s), (%(stock_id_m323)s, %(trade_date_m323)s, %(open_price_m323)s, %(high_price_m323)s, %(low_price_m323)s, %(close_price_m323)s, %(volume_m323)s), (%(stock_id_m324)s, %(trade_date_m324)s, %(open_price_m324)s, %(high_price_m324)s, %(low_price_m324)s, %(close_price_m324)s, %(volume_m324)s), (%(stock_id_m325)s, %(trade_date_m325)s, %(open_price_m325)s, %(high_price_m325)s, %(low_price_m325)s, %(close_price_m325)s, %(volume_m325)s), (%(stock_id_m326)s, %(trade_date_m326)s, %(open_price_m326)s, %(high_price_m326)s, %(low_price_m326)s, %(close_price_m326)s, %(volume_m326)s), (%(stock_id_m327)s, %(trade_date_m327)s, %(open_price_m327)s, %(high_price_m327)s, %(low_price_m327)s, %(close_price_m327)s, %(volume_m327)s), (%(stock_id_m328)s, %(trade_date_m328)s, %(open_price_m328)s, %(high_price_m328)s, %(low_price_m328)s, %(close_price_m328)s, %(volume_m328)s), (%(stock_id_m329)s, %(trade_date_m329)s, %(open_price_m329)s, %(high_price_m329)s, %(low_price_m329)s, %(close_price_m329)s, %(volume_m329)s), (%(stock_id_m330)s, %(trade_date_m330)s, %(open_price_m330)s, %(high_price_m330)s, %(low_price_m330)s, %(close_price_m330)s, %(volume_m330)s), (%(stock_id_m331)s, %(trade_date_m331)s, %(open_price_m331)s, %(high_price_m331)s, %(low_price_m331)s, %(close_price_m331)s, %(volume_m331)s), (%(stock_id_m332)s, %(trade_date_m332)s, %(open_price_m332)s, %(high_price_m332)s, %(low_price_m332)s, %(close_price_m332)s, %(volume_m332)s), (%(stock_id_m333)s, %(trade_date_m333)s, %(open_price_m333)s, %(high_price_m333)s, %(low_price_m333)s, %(close_price_m333)s, %(volume_m333)s), (%(stock_id_m334)s, %(trade_date_m334)s, %(open_price_m334)s, %(high_price_m334)s, %(low_price_m334)s, %(close_price_m334)s, %(volume_m334)s), (%(stock_id_m335)s, %(trade_date_m335)s, %(open_price_m335)s, %(high_price_m335)s, %(low_price_m335)s, %(close_price_m335)s, %(volume_m335)s), (%(stock_id_m336)s, %(trade_date_m336)s, %(open_price_m336)s, %(high_price_m336)s, %(low_price_m336)s, %(close_price_m336)s, %(volume_m336)s), (%(stock_id_m337)s, %(trade_date_m337)s, %(open_price_m337)s, %(high_price_m337)s, %(low_price_m337)s, %(close_price_m337)s, %(volume_m337)s), (%(stock_id_m338)s, %(trade_date_m338)s, %(open_price_m338)s, %(high_price_m338)s, %(low_price_m338)s, %(close_price_m338)s, %(volume_m338)s), (%(stock_id_m339)s, %(trade_date_m339)s, %(open_price_m339)s, %(high_price_m339)s, %(low_price_m339)s, %(close_price_m339)s, %(volume_m339)s), (%(stock_id_m340)s, %(trade_date_m340)s, %(open_price_m340)s, %(high_price_m340)s, %(low_price_m340)s, %(close_price_m340)s, %(volume_m340)s), (%(stock_id_m341)s, %(trade_date_m341)s, %(open_price_m341)s, %(high_price_m341)s, %(low_price_m341)s, %(close_price_m341)s, %(volume_m341)s), (%(stock_id_m342)s, %(trade_date_m342)s, %(open_price_m342)s, %(high_price_m342)s, %(low_price_m342)s, %(close_price_m342)s, %(volume_m342)s), (%(stock_id_m343)s, %(trade_date_m343)s, %(open_price_m343)s, %(high_price_m343)s, %(low_price_m343)s, %(close_price_m343)s, %(volume_m343)s), (%(stock_id_m344)s, %(trade_date_m344)s, %(open_price_m344)s, %(high_price_m344)s, %(low_price_m344)s, %(close_price_m344)s, %(volume_m344)s), (%(stock_id_m345)s, %(trade_date_m345)s, %(open_price_m345)s, %(high_price_m345)s, %(low_price_m345)s, %(close_price_m345)s, %(volume_m345)s), (%(stock_id_m346)s, %(trade_date_m346)s, %(open_price_m346)s, %(high_price_m346)s, %(low_price_m346)s, %(close_price_m346)s, %(volume_m346)s), (%(stock_id_m347)s, %(trade_date_m347)s, %(open_price_m347)s, %(high_price_m347)s, %(low_price_m347)s, %(close_price_m347)s, %(volume_m347)s), (%(stock_id_m348)s, %(trade_date_m348)s, %(open_price_m348)s, %(high_price_m348)s, %(low_price_m348)s, %(close_price_m348)s, %(volume_m348)s), (%(stock_id_m349)s, %(trade_date_m349)s, %(open_price_m349)s, %(high_price_m349)s, %(low_price_m349)s, %(close_price_m349)s, %(volume_m349)s), (%(stock_id_m350)s, %(trade_date_m350)s, %(open_price_m350)s, %(high_price_m350)s, %(low_price_m350)s, %(close_price_m350)s, %(volume_m350)s), (%(stock_id_m351)s, %(trade_date_m351)s, %(open_price_m351)s, %(high_price_m351)s, %(low_price_m351)s, %(close_price_m351)s, %(volume_m351)s), (%(stock_id_m352)s, %(trade_date_m352)s, %(open_price_m352)s, %(high_price_m352)s, %(low_price_m352)s, %(close_price_m352)s, %(volume_m352)s), (%(stock_id_m353)s, %(trade_date_m353)s, %(open_price_m353)s, %(high_price_m353)s, %(low_price_m353)s, %(close_price_m353)s, %(volume_m353)s), (%(stock_id_m354)s, %(trade_date_m354)s, %(open_price_m354)s, %(high_price_m354)s, %(low_price_m354)s, %(close_price_m354)s, %(volume_m354)s), (%(stock_id_m355)s, %(trade_date_m355)s, %(open_price_m355)s, %(high_price_m355)s, %(low_price_m355)s, %(close_price_m355)s, %(volume_m355)s), (%(stock_id_m356)s, %(trade_date_m356)s, %(open_price_m356)s, %(high_price_m356)s, %(low_price_m356)s, %(close_price_m356)s, %(volume_m356)s), (%(stock_id_m357)s, %(trade_date_m357)s, %(open_price_m357)s, %(high_price_m357)s, %(low_price_m357)s, %(close_price_m357)s, %(volume_m357)s), (%(stock_id_m358)s, %(trade_date_m358)s, %(open_price_m358)s, %(high_price_m358)s, %(low_price_m358)s, %(close_price_m358)s, %(volume_m358)s), (%(stock_id_m359)s, %(trade_date_m359)s, %(open_price_m359)s, %(high_price_m359)s, %(low_price_m359)s, %(close_price_m359)s, %(volume_m359)s), (%(stock_id_m360)s, %(trade_date_m360)s, %(open_price_m360)s, %(high_price_m360)s, %(low_price_m360)s, %(close_price_m360)s, %(volume_m360)s), (%(stock_id_m361)s, %(trade_date_m361)s, %(open_price_m361)s, %(high_price_m361)s, %(low_price_m361)s, %(close_price_m361)s, %(volume_m361)s), (%(stock_id_m362)s, %(trade_date_m362)s, %(open_price_m362)s, %(high_price_m362)s, %(low_price_m362)s, %(close_price_m362)s, %(volume_m362)s), (%(stock_id_m363)s, %(trade_date_m363)s, %(open_price_m363)s, %(high_price_m363)s, %(low_price_m363)s, %(close_price_m363)s, %(volume_m363)s), (%(stock_id_m364)s, %(trade_date_m364)s, %(open_price_m364)s, %(high_price_m364)s, %(low_price_m364)s, %(close_price_m364)s, %(volume_m364)s), (%(stock_id_m365)s, %(trade_date_m365)s, %(open_price_m365)s, %(high_price_m365)s, %(low_price_m365)s, %(close_price_m365)s, %(volume_m365)s), (%(stock_id_m366)s, %(trade_date_m366)s, %(open_price_m366)s, %(high_price_m366)s, %(low_price_m366)s, %(close_price_m366)s, %(volume_m366)s), (%(stock_id_m367)s, %(trade_date_m367)s, %(open_price_m367)s, %(high_price_m367)s, %(low_price_m367)s, %(close_price_m367)s, %(volume_m367)s), (%(stock_id_m368)s, %(trade_date_m368)s, %(open_price_m368)s, %(high_price_m368)s, %(low_price_m368)s, %(close_price_m368)s, %(volume_m368)s), (%(stock_id_m369)s, %(trade_date_m369)s, %(open_price_m369)s, %(high_price_m369)s, %(low_price_m369)s, %(close_price_m369)s, %(volume_m369)s), (%(stock_id_m370)s, %(trade_date_m370)s, %(open_price_m370)s, %(high_price_m370)s, %(low_price_m370)s, %(close_price_m370)s, %(volume_m370)s), (%(stock_id_m371)s, %(trade_date_m371)s, %(open_price_m371)s, %(high_price_m371)s, %(low_price_m371)s, %(close_price_m371)s, %(volume_m371)s), (%(stock_id_m372)s, %(trade_date_m372)s, %(open_price_m372)s, %(high_price_m372)s, %(low_price_m372)s, %(close_price_m372)s, %(volume_m372)s), (%(stock_id_m373)s, %(trade_date_m373)s, %(open_price_m373)s, %(high_price_m373)s, %(low_price_m373)s, %(close_price_m373)s, %(volume_m373)s), (%(stock_id_m374)s, %(trade_date_m374)s, %(open_price_m374)s, %(high_price_m374)s, %(low_price_m374)s, %(close_price_m374)s, %(volume_m374)s), (%(stock_id_m375)s, %(trade_date_m375)s, %(open_price_m375)s, %(high_price_m375)s, %(low_price_m375)s, %(close_price_m375)s, %(volume_m375)s), (%(stock_id_m376)s, %(trade_date_m376)s, %(open_price_m376)s, %(high_price_m376)s, %(low_price_m376)s, %(close_price_m376)s, %(volume_m376)s), (%(stock_id_m377)s, %(trade_date_m377)s, %(open_price_m377)s, %(high_price_m377)s, %(low_price_m377)s, %(close_price_m377)s, %(volume_m377)s), (%(stock_id_m378)s, %(trade_date_m378)s, %(open_price_m378)s, %(high_price_m378)s, %(low_price_m378)s, %(close_price_m378)s, %(volume_m378)s), (%(stock_id_m379)s, %(trade_date_m379)s, %(open_price_m379)s, %(high_price_m379)s, %(low_price_m379)s, %(close_price_m379)s, %(volume_m379)s), (%(stock_id_m380)s, %(trade_date_m380)s, %(open_price_m380)s, %(high_price_m380)s, %(low_price_m380)s, %(close_price_m380)s, %(volume_m380)s), (%(stock_id_m381)s, %(trade_date_m381)s, %(open_price_m381)s, %(high_price_m381)s, %(low_price_m381)s, %(close_price_m381)s, %(volume_m381)s), (%(stock_id_m382)s, %(trade_date_m382)s, %(open_price_m382)s, %(high_price_m382)s, %(low_price_m382)s, %(close_price_m382)s, %(volume_m382)s), (%(stock_id_m383)s, %(trade_date_m383)s, %(open_price_m383)s, %(high_price_m383)s, %(low_price_m383)s, %(close_price_m383)s, %(volume_m383)s), (%(stock_id_m384)s, %(trade_date_m384)s, %(open_price_m384)s, %(high_price_m384)s, %(low_price_m384)s, %(close_price_m384)s, %(volume_m384)s), (%(stock_id_m385)s, %(trade_date_m385)s, %(open_price_m385)s, %(high_price_m385)s, %(low_price_m385)s, %(close_price_m385)s, %(volume_m385)s), (%(stock_id_m386)s, %(trade_date_m386)s, %(open_price_m386)s, %(high_price_m386)s, %(low_price_m386)s, %(close_price_m386)s, %(volume_m386)s), (%(stock_id_m387)s, %(trade_date_m387)s, %(open_price_m387)s, %(high_price_m387)s, %(low_price_m387)s, %(close_price_m387)s, %(volume_m387)s), (%(stock_id_m388)s, %(trade_date_m388)s, %(open_price_m388)s, %(high_price_m388)s, %(low_price_m388)s, %(close_price_m388)s, %(volume_m388)s), (%(stock_id_m389)s, %(trade_date_m389)s, %(open_price_m389)s, %(high_price_m389)s, %(low_price_m389)s, %(close_price_m389)s, %(volume_m389)s), (%(stock_id_m390)s, %(trade_date_m390)s, %(open_price_m390)s, %(high_price_m390)s, %(low_price_m390)s, %(close_price_m390)s, %(volume_m390)s), (%(stock_id_m391)s, %(trade_date_m391)s, %(open_price_m391)s, %(high_price_m391)s, %(low_price_m391)s, %(close_price_m391)s, %(volume_m391)s), (%(stock_id_m392)s, %(trade_date_m392)s, %(open_price_m392)s, %(high_price_m392)s, %(low_price_m392)s, %(close_price_m392)s, %(volume_m392)s), (%(stock_id_m393)s, %(trade_date_m393)s, %(open_price_m393)s, %(high_price_m393)s, %(low_price_m393)s, %(close_price_m393)s, %(volume_m393)s), (%(stock_id_m394)s, %(trade_date_m394)s, %(open_price_m394)s, %(high_price_m394)s, %(low_price_m394)s, %(close_price_m394)s, %(volume_m394)s), (%(stock_id_m395)s, %(trade_date_m395)s, %(open_price_m395)s, %(high_price_m395)s, %(low_price_m395)s, %(close_price_m395)s, %(volume_m395)s), (%(stock_id_m396)s, %(trade_date_m396)s, %(open_price_m396)s, %(high_price_m396)s, %(low_price_m396)s, %(close_price_m396)s, %(volume_m396)s), (%(stock_id_m397)s, %(trade_date_m397)s, %(open_price_m397)s, %(high_price_m397)s, %(low_price_m397)s, %(close_price_m397)s, %(volume_m397)s), (%(stock_id_m398)s, %(trade_date_m398)s, %(open_price_m398)s, %(high_price_m398)s, %(low_price_m398)s, %(close_price_m398)s, %(volume_m398)s), (%(stock_id_m399)s, %(trade_date_m399)s, %(open_price_m399)s, %(high_price_m399)s, %(low_price_m399)s, %(close_price_m399)s, %(volume_m399)s), (%(stock_id_m400)s, %(trade_date_m400)s, %(open_price_m400)s, %(high_price_m400)s, %(low_price_m400)s, %(close_price_m400)s, %(volume_m400)s), (%(stock_id_m401)s, %(trade_date_m401)s, %(open_price_m401)s, %(high_price_m401)s, %(low_price_m401)s, %(close_price_m401)s, %(volume_m401)s), (%(stock_id_m402)s, %(trade_date_m402)s, %(open_price_m402)s, %(high_price_m402)s, %(low_price_m402)s, %(close_price_m402)s, %(volume_m402)s), (%(stock_id_m403)s, %(trade_date_m403)s, %(open_price_m403)s, %(high_price_m403)s, %(low_price_m403)s, %(close_price_m403)s, %(volume_m403)s), (%(stock_id_m404)s, %(trade_date_m404)s, %(open_price_m404)s, %(high_price_m404)s, %(low_price_m404)s, %(close_price_m404)s, %(volume_m404)s), (%(stock_id_m405)s, %(trade_date_m405)s, %(open_price_m405)s, %(high_price_m405)s, %(low_price_m405)s, %(close_price_m405)s, %(volume_m405)s), (%(stock_id_m406)s, %(trade_date_m406)s, %(open_price_m406)s, %(high_price_m406)s, %(low_price_m406)s, %(close_price_m406)s, %(volume_m406)s), (%(stock_id_m407)s, %(trade_date_m407)s, %(open_price_m407)s, %(high_price_m407)s, %(low_price_m407)s, %(close_price_m407)s, %(volume_m407)s), (%(stock_id_m408)s, %(trade_date_m408)s, %(open_price_m408)s, %(high_price_m408)s, %(low_price_m408)s, %(close_price_m408)s, %(volume_m408)s), (%(stock_id_m409)s, %(trade_date_m409)s, %(open_price_m409)s, %(high_price_m409)s, %(low_price_m409)s, %(close_price_m409)s, %(volume_m409)s), (%(stock_id_m410)s, %(trade_date_m410)s, %(open_price_m410)s, %(high_price_m410)s, %(low_price_m410)s, %(close_price_m410)s, %(volume_m410)s), (%(stock_id_m411)s, %(trade_date_m411)s, %(open_price_m411)s, %(high_price_m411)s, %(low_price_m411)s, %(close_price_m411)s, %(volume_m411)s), (%(stock_id_m412)s, %(trade_date_m412)s, %(open_price_m412)s, %(high_price_m412)s, %(low_price_m412)s, %(close_price_m412)s, %(volume_m412)s), (%(stock_id_m413)s, %(trade_date_m413)s, %(open_price_m413)s, %(high_price_m413)s, %(low_price_m413)s, %(close_price_m413)s, %(volume_m413)s), (%(stock_id_m414)s, %(trade_date_m414)s, %(open_price_m414)s, %(high_price_m414)s, %(low_price_m414)s, %(close_price_m414)s, %(volume_m414)s), (%(stock_id_m415)s, %(trade_date_m415)s, %(open_price_m415)s, %(high_price_m415)s, %(low_price_m415)s, %(close_price_m415)s, %(volume_m415)s), (%(stock_id_m416)s, %(trade_date_m416)s, %(open_price_m416)s, %(high_price_m416)s, %(low_price_m416)s, %(close_price_m416)s, %(volume_m416)s), (%(stock_id_m417)s, %(trade_date_m417)s, %(open_price_m417)s, %(high_price_m417)s, %(low_price_m417)s, %(close_price_m417)s, %(volume_m417)s), (%(stock_id_m418)s, %(trade_date_m418)s, %(open_price_m418)s, %(high_price_m418)s, %(low_price_m418)s, %(close_price_m418)s, %(volume_m418)s), (%(stock_id_m419)s, %(trade_date_m419)s, %(open_price_m419)s, %(high_price_m419)s, %(low_price_m419)s, %(close_price_m419)s, %(volume_m419)s), (%(stock_id_m420)s, %(trade_date_m420)s, %(open_price_m420)s, %(high_price_m420)s, %(low_price_m420)s, %(close_price_m420)s, %(volume_m420)s), (%(stock_id_m421)s, %(trade_date_m421)s, %(open_price_m421)s, %(high_price_m421)s, %(low_price_m421)s, %(close_price_m421)s, %(volume_m421)s), (%(stock_id_m422)s, %(trade_date_m422)s, %(open_price_m422)s, %(high_price_m422)s, %(low_price_m422)s, %(close_price_m422)s, %(volume_m422)s), (%(stock_id_m423)s, %(trade_date_m423)s, %(open_price_m423)s, %(high_price_m423)s, %(low_price_m423)s, %(close_price_m423)s, %(volume_m423)s), (%(stock_id_m424)s, %(trade_date_m424)s, %(open_price_m424)s, %(high_price_m424)s, %(low_price_m424)s, %(close_price_m424)s, %(volume_m424)s), (%(stock_id_m425)s, %(trade_date_m425)s, %(open_price_m425)s, %(high_price_m425)s, %(low_price_m425)s, %(close_price_m425)s, %(volume_m425)s) ON DUPLICATE KEY UPDATE open_price = VALUES(open_price), high_price = VALUES(high_price), low_price = VALUES(low_price), close_price = VALUES(close_price), volume = VALUES(volume), updated_at = now()]
[parameters: {'stock_id_m0': 105, 'trade_date_m0': datetime.date(2025, 12, 31), 'open_price_m0': 1621.0, 'high_price_m0': 1628.6, 'low_price_m0': 1609.2, 'close_price_m0': 1615.4, 'volume_m0': 6538656, 'stock_id_m1': 105, 'trade_date_m1': datetime.date(2025, 12, 30), 'open_price_m1': 1647.0, 'high_price_m1': 1647.9, 'low_price_m1': 1616.8, 'close_price_m1': 1621.6, 'volume_m1': 9395937, 'stock_id_m2': 105, 'trade_date_m2': datetime.date(2025, 12, 29), 'open_price_m2': 1658.0, 'high_price_m2': 1673.1, 'low_price_m2': 1637.1, 'close_price_m2': 1644.7, 'volume_m2': 4062817, 'stock_id_m3': 105, 'trade_date_m3': datetime.date(2025, 12, 26), 'open_price_m3': 1663.4, 'high_price_m3': 1668.8, 'low_price_m3': 1651.7, 'close_price_m3': 1656.1, 'volume_m3': 2006491, 'stock_id_m4': 105, 'trade_date_m4': datetime.date(2025, 12, 24), 'open_price_m4': 1661.0, 'high_price_m4': 1667.6, 'low_price_m4': 1652.5, 'close_price_m4': 1663.4, 'volume_m4': 4271167, 'stock_id_m5': 105, 'trade_date_m5': datetime.date(2025, 12, 23), 'open_price_m5': 1679.0, 'high_price_m5': 1679.0, 'low_price_m5': 1656.4, 'close_price_m5': 1668.3, 'volume_m5': 6593060, 'stock_id_m6': 105, 'trade_date_m6': datetime.date(2025, 12, 22), 'open_price_m6': 1664.0, 'high_price_m6': 1693.2, 'low_price_m6': 1664.0, 'close_price_m6': 1689.6, 'volume_m6': 23098923, 'stock_id_m7': 105 ... 2882 parameters truncated ... 'volume_m418': 6985362, 'stock_id_m419': 105, 'trade_date_m419': datetime.date(2026, 1, 9), 'open_price_m419': 1610.0, 'high_price_m419': 1631.3, 'low_price_m419': 1607.0, 'close_price_m419': 1614.1, 'volume_m419': 6816681, 'stock_id_m420': 105, 'trade_date_m420': datetime.date(2026, 1, 8), 'open_price_m420': 1638.9, 'high_price_m420': 1644.3, 'low_price_m420': 1608.6, 'close_price_m420': 1613.3, 'volume_m420': 3942131, 'stock_id_m421': 105, 'trade_date_m421': datetime.date(2026, 1, 7), 'open_price_m421': 1615.0, 'high_price_m421': 1642.0, 'low_price_m421': 1615.0, 'close_price_m421': 1639.0, 'volume_m421': 4508079, 'stock_id_m422': 105, 'trade_date_m422': datetime.date(2026, 1, 6), 'open_price_m422': 1600.1, 'high_price_m422': 1619.9, 'low_price_m422': 1599.0, 'close_price_m422': 1612.2, 'volume_m422': 4466729, 'stock_id_m423': 105, 'trade_date_m423': datetime.date(2026, 1, 5), 'open_price_m423': 1637.0, 'high_price_m423': 1637.0, 'low_price_m423': 1583.1, 'close_price_m423': 1606.4, 'volume_m423': 5917885, 'stock_id_m424': 105, 'trade_date_m424': datetime.date(2026, 1, 2), 'open_price_m424': 1635.9, 'high_price_m424': 1643.5, 'low_price_m424': 1627.5, 'close_price_m424': 1640.4, 'volume_m424': 2524526, 'stock_id_m425': 105, 'trade_date_m425': datetime.date(2026, 1, 1), 'open_price_m425': 1615.4, 'high_price_m425': 1639.6, 'low_price_m425': 1614.1, 'close_price_m425': 1629.8, 'volume_m425': 3658165}]
(Background on this error at: https://sqlalche.me/e/20/e3q8)
[2026-09-03 23:51:23] [INFO] [cnx200_dashboard:historical_data_service.py:71] - [130/196] Processing historical backfill for symbol 'NESTLEIND'...
[2026-09-03 23:51:23] [INFO] [cnx200_dashboard:nse_client.py:59] - Fetching historical market data for NESTLEIND from 03-09-2025 to 03-09-2026...
[2026-09-03 23:51:23] [INFO] [cnx200_dashboard:historical_data_service.py:71] - [2/3] Processing historical backfill for symbol 'RELIANCE'...
[2026-09-03 23:51:23] [INFO] [cnx200_dashboard:nse_client.py:59] - Fetching historical market data for RELIANCE from 01-01-2025 to 03-09-2026...
[2026-09-03 23:51:24] [INFO] [cnx200_dashboard:nse_client.py:69] - Retrieved 249 price records for NESTLEIND.
[2026-09-03 23:51:24] [INFO] [cnx200_dashboard:repositories.py:164] - Bulk upserted 249 price records into daily_prices.
[2026-09-03 23:51:24] [INFO] [cnx200_dashboard:historical_data_service.py:122] - [OK] [130/196] 'NESTLEIND' backfill complete: 249 records upserted.
[2026-09-03 23:51:24] [INFO] [cnx200_dashboard:historical_data_service.py:71] - [131/196] Processing historical backfill for symbol 'NHPC'...
[2026-09-03 23:51:24] [INFO] [cnx200_dashboard:nse_client.py:59] - Fetching historical market data for NHPC from 03-09-2025 to 03-09-2026...
[2026-09-03 23:51:25] [INFO] [cnx200_dashboard:nse_client.py:69] - Retrieved 427 price records for RELIANCE.
[2026-09-03 23:51:25] [INFO] [cnx200_dashboard:repositories.py:164] - Bulk upserted 427 price records into daily_prices.
[2026-09-03 23:51:25] [INFO] [cnx200_dashboard:historical_data_service.py:122] - [OK] [2/3] 'RELIANCE' backfill complete: 427 records upserted.
[2026-09-03 23:51:25] [INFO] [cnx200_dashboard:historical_data_service.py:71] - [3/3] Processing historical backfill for symbol 'TCS'...
[2026-09-03 23:51:25] [INFO] [cnx200_dashboard:nse_client.py:59] - Fetching historical market data for TCS from 01-01-2025 to 03-09-2026...
[2026-09-03 23:51:25] [INFO] [cnx200_dashboard:nse_client.py:69] - Retrieved 250 price records for NHPC.
[2026-09-03 23:51:25] [INFO] [cnx200_dashboard:repositories.py:164] - Bulk upserted 250 price records into daily_prices.
[2026-09-03 23:51:25] [INFO] [cnx200_dashboard:historical_data_service.py:122] - [OK] [131/196] 'NHPC' backfill complete: 250 records upserted.
[2026-09-03 23:51:25] [INFO] [cnx200_dashboard:historical_data_service.py:71] - [132/196] Processing historical backfill for symbol 'NMDC'...
[2026-09-03 23:51:25] [INFO] [cnx200_dashboard:nse_client.py:59] - Fetching historical market data for NMDC from 03-09-2025 to 03-09-2026...
[2026-09-03 23:51:26] [INFO] [cnx200_dashboard:nse_client.py:69] - Retrieved 250 price records for NMDC.
[2026-09-03 23:51:26] [INFO] [cnx200_dashboard:repositories.py:164] - Bulk upserted 250 price records into daily_prices.
[2026-09-03 23:51:26] [INFO] [cnx200_dashboard:historical_data_service.py:122] - [OK] [132/196] 'NMDC' backfill complete: 250 records upserted.
[2026-09-03 23:51:26] [INFO] [cnx200_dashboard:historical_data_service.py:71] - [133/196] Processing historical backfill for symbol 'NTPC'...
[2026-09-03 23:51:26] [INFO] [cnx200_dashboard:nse_client.py:59] - Fetching historical market data for NTPC from 03-09-2025 to 03-09-2026...
[2026-09-03 23:51:26] [INFO] [cnx200_dashboard:nse_client.py:69] - Retrieved 420 price records for TCS.
[2026-09-03 23:51:26] [INFO] [cnx200_dashboard:nse_client.py:69] - Retrieved 252 price records for NTPC.
[2026-09-03 23:51:27] [INFO] [cnx200_dashboard:repositories.py:164] - Bulk upserted 252 price records into daily_prices.
[2026-09-03 23:51:27] [INFO] [cnx200_dashboard:historical_data_service.py:122] - [OK] [133/196] 'NTPC' backfill complete: 252 records upserted.
[2026-09-03 23:51:27] [INFO] [cnx200_dashboard:historical_data_service.py:71] - [134/196] Processing historical backfill for symbol 'NYKAA'...
[2026-09-03 23:51:27] [INFO] [cnx200_dashboard:nse_client.py:59] - Fetching historical market data for NYKAA from 03-09-2025 to 03-09-2026...
[2026-09-03 23:51:27] [INFO] [cnx200_dashboard:nse_client.py:69] - Retrieved 249 price records for NYKAA.
[2026-09-03 23:51:27] [INFO] [cnx200_dashboard:repositories.py:164] - Bulk upserted 249 price records into daily_prices.
[2026-09-03 23:51:27] [INFO] [cnx200_dashboard:historical_data_service.py:122] - [OK] [134/196] 'NYKAA' backfill complete: 249 records upserted.
[2026-09-03 23:51:27] [INFO] [cnx200_dashboard:historical_data_service.py:71] - [135/196] Processing historical backfill for symbol 'OBEROIRLTY'...
[2026-09-03 23:51:27] [INFO] [cnx200_dashboard:nse_client.py:59] - Fetching historical market data for OBEROIRLTY from 03-09-2025 to 03-09-2026...
[2026-09-03 23:51:28] [INFO] [cnx200_dashboard:nse_client.py:69] - Retrieved 251 price records for OBEROIRLTY.
[2026-09-03 23:51:28] [INFO] [cnx200_dashboard:repositories.py:164] - Bulk upserted 251 price records into daily_prices.
[2026-09-03 23:51:28] [INFO] [cnx200_dashboard:historical_data_service.py:122] - [OK] [135/196] 'OBEROIRLTY' backfill complete: 251 records upserted.
[2026-09-03 23:51:28] [INFO] [cnx200_dashboard:historical_data_service.py:71] - [136/196] Processing historical backfill for symbol 'OFSS'...
[2026-09-03 23:51:28] [INFO] [cnx200_dashboard:nse_client.py:59] - Fetching historical market data for OFSS from 03-09-2025 to 03-09-2026...
[2026-09-03 23:51:31] [INFO] [cnx200_dashboard:nse_client.py:69] - Retrieved 249 price records for OFSS.
[2026-09-03 23:51:32] [INFO] [cnx200_dashboard:repositories.py:164] - Bulk upserted 249 price records into daily_prices.
[2026-09-03 23:51:32] [INFO] [cnx200_dashboard:historical_data_service.py:122] - [OK] [136/196] 'OFSS' backfill complete: 249 records upserted.
[2026-09-03 23:51:32] [INFO] [cnx200_dashboard:historical_data_service.py:71] - [137/196] Processing historical backfill for symbol 'OIL'...
[2026-09-03 23:51:32] [INFO] [cnx200_dashboard:nse_client.py:59] - Fetching historical market data for OIL from 03-09-2025 to 03-09-2026...
[2026-09-03 23:51:33] [INFO] [cnx200_dashboard:nse_client.py:69] - Retrieved 249 price records for OIL.
[2026-09-03 23:51:33] [INFO] [cnx200_dashboard:repositories.py:164] - Bulk upserted 249 price records into daily_prices.
[2026-09-03 23:51:33] [INFO] [cnx200_dashboard:historical_data_service.py:122] - [OK] [137/196] 'OIL' backfill complete: 249 records upserted.
[2026-09-03 23:51:33] [INFO] [cnx200_dashboard:historical_data_service.py:71] - [138/196] Processing historical backfill for symbol 'ONGC'...
[2026-09-03 23:51:33] [INFO] [cnx200_dashboard:nse_client.py:59] - Fetching historical market data for ONGC from 03-09-2025 to 03-09-2026...
[2026-09-03 23:51:34] [INFO] [cnx200_dashboard:nse_client.py:69] - Retrieved 253 price records for ONGC.
[2026-09-03 23:51:34] [INFO] [cnx200_dashboard:repositories.py:164] - Bulk upserted 253 price records into daily_prices.
[2026-09-03 23:51:34] [INFO] [cnx200_dashboard:historical_data_service.py:122] - [OK] [138/196] 'ONGC' backfill complete: 253 records upserted.
[2026-09-03 23:51:34] [INFO] [cnx200_dashboard:historical_data_service.py:71] - [139/196] Processing historical backfill for symbol 'PAGEIND'...
[2026-09-03 23:51:34] [INFO] [cnx200_dashboard:nse_client.py:59] - Fetching historical market data for PAGEIND from 03-09-2025 to 03-09-2026...
[2026-09-03 23:51:36] [INFO] [cnx200_dashboard:nse_client.py:69] - Retrieved 249 price records for PAGEIND.
[2026-09-03 23:51:36] [INFO] [cnx200_dashboard:repositories.py:164] - Bulk upserted 249 price records into daily_prices.
[2026-09-03 23:51:36] [INFO] [cnx200_dashboard:historical_data_service.py:122] - [OK] [139/196] 'PAGEIND' backfill complete: 249 records upserted.
[2026-09-03 23:51:36] [INFO] [cnx200_dashboard:historical_data_service.py:71] - [140/196] Processing historical backfill for symbol 'PATANJALI'...
[2026-09-03 23:51:36] [INFO] [cnx200_dashboard:nse_client.py:59] - Fetching historical market data for PATANJALI from 03-09-2025 to 03-09-2026...
[2026-09-03 23:51:40] [INFO] [cnx200_dashboard:nse_client.py:69] - Retrieved 251 price records for PATANJALI.
[2026-09-03 23:51:40] [INFO] [cnx200_dashboard:repositories.py:164] - Bulk upserted 251 price records into daily_prices.
[2026-09-03 23:51:40] [INFO] [cnx200_dashboard:historical_data_service.py:122] - [OK] [140/196] 'PATANJALI' backfill complete: 251 records upserted.
[2026-09-03 23:51:40] [INFO] [cnx200_dashboard:historical_data_service.py:71] - [141/196] Processing historical backfill for symbol 'PAYTM'...
[2026-09-03 23:51:40] [INFO] [cnx200_dashboard:nse_client.py:59] - Fetching historical market data for PAYTM from 03-09-2025 to 03-09-2026...
[2026-09-03 23:51:41] [INFO] [cnx200_dashboard:nse_client.py:69] - Retrieved 256 price records for PAYTM.
[2026-09-03 23:51:41] [INFO] [cnx200_dashboard:repositories.py:164] - Bulk upserted 256 price records into daily_prices.
[2026-09-03 23:51:41] [INFO] [cnx200_dashboard:historical_data_service.py:122] - [OK] [141/196] 'PAYTM' backfill complete: 256 records upserted.
[2026-09-03 23:51:41] [INFO] [cnx200_dashboard:historical_data_service.py:71] - [142/196] Processing historical backfill for symbol 'PERSISTENT'...
[2026-09-03 23:51:41] [INFO] [cnx200_dashboard:nse_client.py:59] - Fetching historical market data for PERSISTENT from 03-09-2025 to 03-09-2026...
[2026-09-03 23:51:43] [INFO] [cnx200_dashboard:nse_client.py:69] - Retrieved 249 price records for PERSISTENT.
[2026-09-03 23:51:43] [INFO] [cnx200_dashboard:repositories.py:164] - Bulk upserted 249 price records into daily_prices.
[2026-09-03 23:51:43] [INFO] [cnx200_dashboard:historical_data_service.py:122] - [OK] [142/196] 'PERSISTENT' backfill complete: 249 records upserted.
[2026-09-03 23:51:43] [INFO] [cnx200_dashboard:historical_data_service.py:71] - [143/196] Processing historical backfill for symbol 'PFC'...
[2026-09-03 23:51:43] [INFO] [cnx200_dashboard:nse_client.py:59] - Fetching historical market data for PFC from 03-09-2025 to 03-09-2026...
[2026-09-03 23:51:44] [INFO] [cnx200_dashboard:nse_client.py:69] - Retrieved 254 price records for PFC.
[2026-09-03 23:51:45] [INFO] [cnx200_dashboard:repositories.py:164] - Bulk upserted 254 price records into daily_prices.
[2026-09-03 23:51:45] [INFO] [cnx200_dashboard:historical_data_service.py:122] - [OK] [143/196] 'PFC' backfill complete: 254 records upserted.
[2026-09-03 23:51:45] [INFO] [cnx200_dashboard:historical_data_service.py:71] - [144/196] Processing historical backfill for symbol 'PHOENIXLTD'...
[2026-09-03 23:51:45] [INFO] [cnx200_dashboard:nse_client.py:59] - Fetching historical market data for PHOENIXLTD from 03-09-2025 to 03-09-2026...
[2026-09-03 23:51:46] [INFO] [cnx200_dashboard:nse_client.py:69] - Retrieved 249 price records for PHOENIXLTD.
[2026-09-03 23:51:46] [INFO] [cnx200_dashboard:repositories.py:164] - Bulk upserted 249 price records into daily_prices.
[2026-09-03 23:51:46] [INFO] [cnx200_dashboard:historical_data_service.py:122] - [OK] [144/196] 'PHOENIXLTD' backfill complete: 249 records upserted.
[2026-09-03 23:51:46] [INFO] [cnx200_dashboard:historical_data_service.py:71] - [145/196] Processing historical backfill for symbol 'PIDILITIND'...
[2026-09-03 23:51:46] [INFO] [cnx200_dashboard:nse_client.py:59] - Fetching historical market data for PIDILITIND from 03-09-2025 to 03-09-2026...
[2026-09-03 23:51:47] [INFO] [cnx200_dashboard:nse_client.py:69] - Retrieved 249 price records for PIDILITIND.
[2026-09-03 23:51:47] [INFO] [cnx200_dashboard:repositories.py:164] - Bulk upserted 249 price records into daily_prices.
[2026-09-03 23:51:47] [INFO] [cnx200_dashboard:historical_data_service.py:122] - [OK] [145/196] 'PIDILITIND' backfill complete: 249 records upserted.
[2026-09-03 23:51:47] [INFO] [cnx200_dashboard:historical_data_service.py:71] - [146/196] Processing historical backfill for symbol 'PIIND'...
[2026-09-03 23:51:47] [INFO] [cnx200_dashboard:nse_client.py:59] - Fetching historical market data for PIIND from 03-09-2025 to 03-09-2026...
[2026-09-03 23:51:49] [INFO] [cnx200_dashboard:nse_client.py:69] - Retrieved 249 price records for PIIND.
[2026-09-03 23:51:49] [INFO] [cnx200_dashboard:repositories.py:164] - Bulk upserted 249 price records into daily_prices.
[2026-09-03 23:51:49] [INFO] [cnx200_dashboard:historical_data_service.py:122] - [OK] [146/196] 'PIIND' backfill complete: 249 records upserted.
[2026-09-03 23:51:49] [INFO] [cnx200_dashboard:historical_data_service.py:71] - [147/196] Processing historical backfill for symbol 'PNB'...
[2026-09-03 23:51:49] [INFO] [cnx200_dashboard:nse_client.py:59] - Fetching historical market data for PNB from 03-09-2025 to 03-09-2026...
[2026-09-03 23:51:51] [INFO] [cnx200_dashboard:nse_client.py:69] - Retrieved 257 price records for PNB.
[2026-09-03 23:51:51] [INFO] [cnx200_dashboard:repositories.py:164] - Bulk upserted 257 price records into daily_prices.
[2026-09-03 23:51:51] [INFO] [cnx200_dashboard:historical_data_service.py:122] - [OK] [147/196] 'PNB' backfill complete: 257 records upserted.
[2026-09-03 23:51:51] [INFO] [cnx200_dashboard:historical_data_service.py:71] - [148/196] Processing historical backfill for symbol 'POLICYBZR'...
[2026-09-03 23:51:51] [INFO] [cnx200_dashboard:nse_client.py:59] - Fetching historical market data for POLICYBZR from 03-09-2025 to 03-09-2026...
[2026-09-03 23:51:52] [INFO] [cnx200_dashboard:nse_client.py:69] - Retrieved 255 price records for POLICYBZR.
[2026-09-03 23:51:52] [INFO] [cnx200_dashboard:repositories.py:164] - Bulk upserted 255 price records into daily_prices.
[2026-09-03 23:51:52] [INFO] [cnx200_dashboard:historical_data_service.py:122] - [OK] [148/196] 'POLICYBZR' backfill complete: 255 records upserted.
[2026-09-03 23:51:52] [INFO] [cnx200_dashboard:historical_data_service.py:71] - [149/196] Processing historical backfill for symbol 'POLYCAB'...
[2026-09-03 23:51:52] [INFO] [cnx200_dashboard:nse_client.py:59] - Fetching historical market data for POLYCAB from 03-09-2025 to 03-09-2026...
[2026-09-03 23:51:54] [INFO] [cnx200_dashboard:nse_client.py:69] - Retrieved 251 price records for POLYCAB.
[2026-09-03 23:51:54] [INFO] [cnx200_dashboard:repositories.py:164] - Bulk upserted 251 price records into daily_prices.
[2026-09-03 23:51:54] [INFO] [cnx200_dashboard:historical_data_service.py:122] - [OK] [149/196] 'POLYCAB' backfill complete: 251 records upserted.
[2026-09-03 23:51:54] [INFO] [cnx200_dashboard:historical_data_service.py:71] - [150/196] Processing historical backfill for symbol 'POWERGRID'...
[2026-09-03 23:51:54] [INFO] [cnx200_dashboard:nse_client.py:59] - Fetching historical market data for POWERGRID from 03-09-2025 to 03-09-2026...
[2026-09-03 23:51:55] [INFO] [cnx200_dashboard:nse_client.py:69] - Retrieved 250 price records for POWERGRID.
[2026-09-03 23:51:55] [INFO] [cnx200_dashboard:repositories.py:164] - Bulk upserted 250 price records into daily_prices.
[2026-09-03 23:51:55] [INFO] [cnx200_dashboard:historical_data_service.py:122] - [OK] [150/196] 'POWERGRID' backfill complete: 250 records upserted.
[2026-09-03 23:51:55] [INFO] [cnx200_dashboard:historical_data_service.py:71] - [151/196] Processing historical backfill for symbol 'POWERINDIA'...
[2026-09-03 23:51:55] [INFO] [cnx200_dashboard:nse_client.py:59] - Fetching historical market data for POWERINDIA from 03-09-2025 to 03-09-2026...
[2026-09-03 23:51:57] [INFO] [cnx200_dashboard:nse_client.py:69] - Retrieved 250 price records for POWERINDIA.
[2026-09-03 23:51:57] [INFO] [cnx200_dashboard:repositories.py:164] - Bulk upserted 250 price records into daily_prices.
[2026-09-03 23:51:57] [INFO] [cnx200_dashboard:historical_data_service.py:122] - [OK] [151/196] 'POWERINDIA' backfill complete: 250 records upserted.
[2026-09-03 23:51:57] [INFO] [cnx200_dashboard:historical_data_service.py:71] - [152/196] Processing historical backfill for symbol 'PREMIERENE'...
[2026-09-03 23:51:57] [INFO] [cnx200_dashboard:nse_client.py:59] - Fetching historical market data for PREMIERENE from 03-09-2025 to 03-09-2026...
[2026-09-03 23:51:58] [INFO] [cnx200_dashboard:nse_client.py:69] - Retrieved 250 price records for PREMIERENE.
[2026-09-03 23:51:58] [INFO] [cnx200_dashboard:repositories.py:164] - Bulk upserted 250 price records into daily_prices.
[2026-09-03 23:51:58] [INFO] [cnx200_dashboard:historical_data_service.py:122] - [OK] [152/196] 'PREMIERENE' backfill complete: 250 records upserted.
[2026-09-03 23:51:58] [INFO] [cnx200_dashboard:historical_data_service.py:71] - [153/196] Processing historical backfill for symbol 'PRESTIGE'...
[2026-09-03 23:51:58] [INFO] [cnx200_dashboard:nse_client.py:59] - Fetching historical market data for PRESTIGE from 03-09-2025 to 03-09-2026...
[2026-09-03 23:52:00] [INFO] [cnx200_dashboard:nse_client.py:69] - Retrieved 249 price records for PRESTIGE.
[2026-09-03 23:52:00] [INFO] [cnx200_dashboard:repositories.py:164] - Bulk upserted 249 price records into daily_prices.
[2026-09-03 23:52:00] [INFO] [cnx200_dashboard:historical_data_service.py:122] - [OK] [153/196] 'PRESTIGE' backfill complete: 249 records upserted.
[2026-09-03 23:52:00] [INFO] [cnx200_dashboard:historical_data_service.py:71] - [154/196] Processing historical backfill for symbol 'RADICO'...
[2026-09-03 23:52:00] [INFO] [cnx200_dashboard:nse_client.py:59] - Fetching historical market data for RADICO from 03-09-2025 to 03-09-2026...
[2026-09-03 23:52:01] [INFO] [cnx200_dashboard:nse_client.py:69] - Retrieved 250 price records for RADICO.
[2026-09-03 23:52:01] [INFO] [cnx200_dashboard:repositories.py:164] - Bulk upserted 250 price records into daily_prices.
[2026-09-03 23:52:01] [INFO] [cnx200_dashboard:historical_data_service.py:122] - [OK] [154/196] 'RADICO' backfill complete: 250 records upserted.
[2026-09-03 23:52:01] [INFO] [cnx200_dashboard:historical_data_service.py:71] - [155/196] Processing historical backfill for symbol 'RECLTD'...
[2026-09-03 23:52:01] [INFO] [cnx200_dashboard:nse_client.py:59] - Fetching historical market data for RECLTD from 03-09-2025 to 03-09-2026...
[2026-09-03 23:52:03] [INFO] [cnx200_dashboard:nse_client.py:69] - Retrieved 252 price records for RECLTD.
[2026-09-03 23:52:03] [INFO] [cnx200_dashboard:repositories.py:164] - Bulk upserted 252 price records into daily_prices.
[2026-09-03 23:52:03] [INFO] [cnx200_dashboard:historical_data_service.py:122] - [OK] [155/196] 'RECLTD' backfill complete: 252 records upserted.
[2026-09-03 23:52:03] [INFO] [cnx200_dashboard:historical_data_service.py:71] - [156/196] Processing historical backfill for symbol 'RVNL'...
[2026-09-03 23:52:03] [INFO] [cnx200_dashboard:nse_client.py:59] - Fetching historical market data for RVNL from 03-09-2025 to 03-09-2026...
[2026-09-03 23:52:04] [INFO] [cnx200_dashboard:nse_client.py:69] - Retrieved 249 price records for RVNL.
[2026-09-03 23:52:04] [INFO] [cnx200_dashboard:repositories.py:164] - Bulk upserted 249 price records into daily_prices.
[2026-09-03 23:52:04] [INFO] [cnx200_dashboard:historical_data_service.py:122] - [OK] [156/196] 'RVNL' backfill complete: 249 records upserted.
[2026-09-03 23:52:04] [INFO] [cnx200_dashboard:historical_data_service.py:71] - [157/196] Processing historical backfill for symbol 'SAIL'...
[2026-09-03 23:52:04] [INFO] [cnx200_dashboard:nse_client.py:59] - Fetching historical market data for SAIL from 03-09-2025 to 03-09-2026...
[2026-09-03 23:52:06] [INFO] [cnx200_dashboard:nse_client.py:69] - Retrieved 249 price records for SAIL.
[2026-09-03 23:52:06] [INFO] [cnx200_dashboard:repositories.py:164] - Bulk upserted 249 price records into daily_prices.
[2026-09-03 23:52:06] [INFO] [cnx200_dashboard:historical_data_service.py:122] - [OK] [157/196] 'SAIL' backfill complete: 249 records upserted.
[2026-09-03 23:52:06] [INFO] [cnx200_dashboard:historical_data_service.py:71] - [158/196] Processing historical backfill for symbol 'SBICARD'...
[2026-09-03 23:52:06] [INFO] [cnx200_dashboard:nse_client.py:59] - Fetching historical market data for SBICARD from 03-09-2025 to 03-09-2026...
[2026-09-03 23:52:07] [INFO] [cnx200_dashboard:nse_client.py:69] - Retrieved 249 price records for SBICARD.
[2026-09-03 23:52:07] [INFO] [cnx200_dashboard:repositories.py:164] - Bulk upserted 249 price records into daily_prices.
[2026-09-03 23:52:07] [INFO] [cnx200_dashboard:historical_data_service.py:122] - [OK] [158/196] 'SBICARD' backfill complete: 249 records upserted.
[2026-09-03 23:52:07] [INFO] [cnx200_dashboard:historical_data_service.py:71] - [159/196] Processing historical backfill for symbol 'SBILIFE'...
[2026-09-03 23:52:07] [INFO] [cnx200_dashboard:nse_client.py:59] - Fetching historical market data for SBILIFE from 03-09-2025 to 03-09-2026...
[2026-09-03 23:52:09] [INFO] [cnx200_dashboard:nse_client.py:69] - Retrieved 252 price records for SBILIFE.
[2026-09-03 23:52:09] [INFO] [cnx200_dashboard:repositories.py:164] - Bulk upserted 252 price records into daily_prices.
[2026-09-03 23:52:09] [INFO] [cnx200_dashboard:historical_data_service.py:122] - [OK] [159/196] 'SBILIFE' backfill complete: 252 records upserted.
[2026-09-03 23:52:09] [INFO] [cnx200_dashboard:historical_data_service.py:71] - [160/196] Processing historical backfill for symbol 'SBIN'...
[2026-09-03 23:52:09] [INFO] [cnx200_dashboard:nse_client.py:59] - Fetching historical market data for SBIN from 03-09-2025 to 03-09-2026...
[2026-09-03 23:52:10] [INFO] [cnx200_dashboard:nse_client.py:69] - Retrieved 262 price records for SBIN.
[2026-09-03 23:52:10] [INFO] [cnx200_dashboard:repositories.py:164] - Bulk upserted 262 price records into daily_prices.
[2026-09-03 23:52:10] [INFO] [cnx200_dashboard:historical_data_service.py:122] - [OK] [160/196] 'SBIN' backfill complete: 262 records upserted.
[2026-09-03 23:52:10] [INFO] [cnx200_dashboard:historical_data_service.py:71] - [161/196] Processing historical backfill for symbol 'SHREECEM'...
[2026-09-03 23:52:10] [INFO] [cnx200_dashboard:nse_client.py:59] - Fetching historical market data for SHREECEM from 03-09-2025 to 03-09-2026...
[2026-09-03 23:52:12] [INFO] [cnx200_dashboard:nse_client.py:69] - Retrieved 251 price records for SHREECEM.
[2026-09-03 23:52:12] [INFO] [cnx200_dashboard:repositories.py:164] - Bulk upserted 251 price records into daily_prices.
[2026-09-03 23:52:12] [INFO] [cnx200_dashboard:historical_data_service.py:122] - [OK] [161/196] 'SHREECEM' backfill complete: 251 records upserted.
[2026-09-03 23:52:12] [INFO] [cnx200_dashboard:historical_data_service.py:71] - [162/196] Processing historical backfill for symbol 'SHRIRAMFIN'...
[2026-09-03 23:52:12] [INFO] [cnx200_dashboard:nse_client.py:59] - Fetching historical market data for SHRIRAMFIN from 03-09-2025 to 03-09-2026...
[2026-09-03 23:52:13] [INFO] [cnx200_dashboard:nse_client.py:69] - Retrieved 255 price records for SHRIRAMFIN.
[2026-09-03 23:52:13] [INFO] [cnx200_dashboard:repositories.py:164] - Bulk upserted 255 price records into daily_prices.
[2026-09-03 23:52:14] [INFO] [cnx200_dashboard:historical_data_service.py:122] - [OK] [162/196] 'SHRIRAMFIN' backfill complete: 255 records upserted.
[2026-09-03 23:52:14] [INFO] [cnx200_dashboard:historical_data_service.py:71] - [163/196] Processing historical backfill for symbol 'SIEMENS'...
[2026-09-03 23:52:14] [INFO] [cnx200_dashboard:nse_client.py:59] - Fetching historical market data for SIEMENS from 03-09-2025 to 03-09-2026...
[2026-09-03 23:52:15] [INFO] [cnx200_dashboard:nse_client.py:69] - Retrieved 249 price records for SIEMENS.
[2026-09-03 23:52:15] [INFO] [cnx200_dashboard:repositories.py:164] - Bulk upserted 249 price records into daily_prices.
[2026-09-03 23:52:15] [INFO] [cnx200_dashboard:historical_data_service.py:122] - [OK] [163/196] 'SIEMENS' backfill complete: 249 records upserted.
[2026-09-03 23:52:15] [INFO] [cnx200_dashboard:historical_data_service.py:71] - [164/196] Processing historical backfill for symbol 'SOLARINDS'...
[2026-09-03 23:52:15] [INFO] [cnx200_dashboard:nse_client.py:59] - Fetching historical market data for SOLARINDS from 03-09-2025 to 03-09-2026...
[2026-09-03 23:52:17] [INFO] [cnx200_dashboard:nse_client.py:69] - Retrieved 250 price records for SOLARINDS.
[2026-09-03 23:52:17] [INFO] [cnx200_dashboard:repositories.py:164] - Bulk upserted 250 price records into daily_prices.
[2026-09-03 23:52:17] [INFO] [cnx200_dashboard:historical_data_service.py:122] - [OK] [164/196] 'SOLARINDS' backfill complete: 250 records upserted.
[2026-09-03 23:52:17] [INFO] [cnx200_dashboard:historical_data_service.py:71] - [165/196] Processing historical backfill for symbol 'SRF'...
[2026-09-03 23:52:17] [INFO] [cnx200_dashboard:nse_client.py:59] - Fetching historical market data for SRF from 03-09-2025 to 03-09-2026...
[2026-09-03 23:52:17] [ERROR] [cnx200_dashboard:historical_data_service.py:125] - [FAIL] Failed to backfill historical data for symbol 'TCS': (pymysql.err.OperationalError) (1205, 'Lock wait timeout exceeded; try restarting transaction')
[SQL: INSERT INTO daily_prices (stock_id, trade_date, open_price, high_price, low_price, close_price, volume) VALUES (%(stock_id_m0)s, %(trade_date_m0)s, %(open_price_m0)s, %(high_price_m0)s, %(low_price_m0)s, %(close_price_m0)s, %(volume_m0)s), (%(stock_id_m1)s, %(trade_date_m1)s, %(open_price_m1)s, %(high_price_m1)s, %(low_price_m1)s, %(close_price_m1)s, %(volume_m1)s), (%(stock_id_m2)s, %(trade_date_m2)s, %(open_price_m2)s, %(high_price_m2)s, %(low_price_m2)s, %(close_price_m2)s, %(volume_m2)s), (%(stock_id_m3)s, %(trade_date_m3)s, %(open_price_m3)s, %(high_price_m3)s, %(low_price_m3)s, %(close_price_m3)s, %(volume_m3)s), (%(stock_id_m4)s, %(trade_date_m4)s, %(open_price_m4)s, %(high_price_m4)s, %(low_price_m4)s, %(close_price_m4)s, %(volume_m4)s), (%(stock_id_m5)s, %(trade_date_m5)s, %(open_price_m5)s, %(high_price_m5)s, %(low_price_m5)s, %(close_price_m5)s, %(volume_m5)s), (%(stock_id_m6)s, %(trade_date_m6)s, %(open_price_m6)s, %(high_price_m6)s, %(low_price_m6)s, %(close_price_m6)s, %(volume_m6)s), (%(stock_id_m7)s, %(trade_date_m7)s, %(open_price_m7)s, %(high_price_m7)s, %(low_price_m7)s, %(close_price_m7)s, %(volume_m7)s), (%(stock_id_m8)s, %(trade_date_m8)s, %(open_price_m8)s, %(high_price_m8)s, %(low_price_m8)s, %(close_price_m8)s, %(volume_m8)s), (%(stock_id_m9)s, %(trade_date_m9)s, %(open_price_m9)s, %(high_price_m9)s, %(low_price_m9)s, %(close_price_m9)s, %(volume_m9)s), (%(stock_id_m10)s, %(trade_date_m10)s, %(open_price_m10)s, %(high_price_m10)s, %(low_price_m10)s, %(close_price_m10)s, %(volume_m10)s), (%(stock_id_m11)s, %(trade_date_m11)s, %(open_price_m11)s, %(high_price_m11)s, %(low_price_m11)s, %(close_price_m11)s, %(volume_m11)s), (%(stock_id_m12)s, %(trade_date_m12)s, %(open_price_m12)s, %(high_price_m12)s, %(low_price_m12)s, %(close_price_m12)s, %(volume_m12)s), (%(stock_id_m13)s, %(trade_date_m13)s, %(open_price_m13)s, %(high_price_m13)s, %(low_price_m13)s, %(close_price_m13)s, %(volume_m13)s), (%(stock_id_m14)s, %(trade_date_m14)s, %(open_price_m14)s, %(high_price_m14)s, %(low_price_m14)s, %(close_price_m14)s, %(volume_m14)s), (%(stock_id_m15)s, %(trade_date_m15)s, %(open_price_m15)s, %(high_price_m15)s, %(low_price_m15)s, %(close_price_m15)s, %(volume_m15)s), (%(stock_id_m16)s, %(trade_date_m16)s, %(open_price_m16)s, %(high_price_m16)s, %(low_price_m16)s, %(close_price_m16)s, %(volume_m16)s), (%(stock_id_m17)s, %(trade_date_m17)s, %(open_price_m17)s, %(high_price_m17)s, %(low_price_m17)s, %(close_price_m17)s, %(volume_m17)s), (%(stock_id_m18)s, %(trade_date_m18)s, %(open_price_m18)s, %(high_price_m18)s, %(low_price_m18)s, %(close_price_m18)s, %(volume_m18)s), (%(stock_id_m19)s, %(trade_date_m19)s, %(open_price_m19)s, %(high_price_m19)s, %(low_price_m19)s, %(close_price_m19)s, %(volume_m19)s), (%(stock_id_m20)s, %(trade_date_m20)s, %(open_price_m20)s, %(high_price_m20)s, %(low_price_m20)s, %(close_price_m20)s, %(volume_m20)s), (%(stock_id_m21)s, %(trade_date_m21)s, %(open_price_m21)s, %(high_price_m21)s, %(low_price_m21)s, %(close_price_m21)s, %(volume_m21)s), (%(stock_id_m22)s, %(trade_date_m22)s, %(open_price_m22)s, %(high_price_m22)s, %(low_price_m22)s, %(close_price_m22)s, %(volume_m22)s), (%(stock_id_m23)s, %(trade_date_m23)s, %(open_price_m23)s, %(high_price_m23)s, %(low_price_m23)s, %(close_price_m23)s, %(volume_m23)s), (%(stock_id_m24)s, %(trade_date_m24)s, %(open_price_m24)s, %(high_price_m24)s, %(low_price_m24)s, %(close_price_m24)s, %(volume_m24)s), (%(stock_id_m25)s, %(trade_date_m25)s, %(open_price_m25)s, %(high_price_m25)s, %(low_price_m25)s, %(close_price_m25)s, %(volume_m25)s), (%(stock_id_m26)s, %(trade_date_m26)s, %(open_price_m26)s, %(high_price_m26)s, %(low_price_m26)s, %(close_price_m26)s, %(volume_m26)s), (%(stock_id_m27)s, %(trade_date_m27)s, %(open_price_m27)s, %(high_price_m27)s, %(low_price_m27)s, %(close_price_m27)s, %(volume_m27)s), (%(stock_id_m28)s, %(trade_date_m28)s, %(open_price_m28)s, %(high_price_m28)s, %(low_price_m28)s, %(close_price_m28)s, %(volume_m28)s), (%(stock_id_m29)s, %(trade_date_m29)s, %(open_price_m29)s, %(high_price_m29)s, %(low_price_m29)s, %(close_price_m29)s, %(volume_m29)s), (%(stock_id_m30)s, %(trade_date_m30)s, %(open_price_m30)s, %(high_price_m30)s, %(low_price_m30)s, %(close_price_m30)s, %(volume_m30)s), (%(stock_id_m31)s, %(trade_date_m31)s, %(open_price_m31)s, %(high_price_m31)s, %(low_price_m31)s, %(close_price_m31)s, %(volume_m31)s), (%(stock_id_m32)s, %(trade_date_m32)s, %(open_price_m32)s, %(high_price_m32)s, %(low_price_m32)s, %(close_price_m32)s, %(volume_m32)s), (%(stock_id_m33)s, %(trade_date_m33)s, %(open_price_m33)s, %(high_price_m33)s, %(low_price_m33)s, %(close_price_m33)s, %(volume_m33)s), (%(stock_id_m34)s, %(trade_date_m34)s, %(open_price_m34)s, %(high_price_m34)s, %(low_price_m34)s, %(close_price_m34)s, %(volume_m34)s), (%(stock_id_m35)s, %(trade_date_m35)s, %(open_price_m35)s, %(high_price_m35)s, %(low_price_m35)s, %(close_price_m35)s, %(volume_m35)s), (%(stock_id_m36)s, %(trade_date_m36)s, %(open_price_m36)s, %(high_price_m36)s, %(low_price_m36)s, %(close_price_m36)s, %(volume_m36)s), (%(stock_id_m37)s, %(trade_date_m37)s, %(open_price_m37)s, %(high_price_m37)s, %(low_price_m37)s, %(close_price_m37)s, %(volume_m37)s), (%(stock_id_m38)s, %(trade_date_m38)s, %(open_price_m38)s, %(high_price_m38)s, %(low_price_m38)s, %(close_price_m38)s, %(volume_m38)s), (%(stock_id_m39)s, %(trade_date_m39)s, %(open_price_m39)s, %(high_price_m39)s, %(low_price_m39)s, %(close_price_m39)s, %(volume_m39)s), (%(stock_id_m40)s, %(trade_date_m40)s, %(open_price_m40)s, %(high_price_m40)s, %(low_price_m40)s, %(close_price_m40)s, %(volume_m40)s), (%(stock_id_m41)s, %(trade_date_m41)s, %(open_price_m41)s, %(high_price_m41)s, %(low_price_m41)s, %(close_price_m41)s, %(volume_m41)s), (%(stock_id_m42)s, %(trade_date_m42)s, %(open_price_m42)s, %(high_price_m42)s, %(low_price_m42)s, %(close_price_m42)s, %(volume_m42)s), (%(stock_id_m43)s, %(trade_date_m43)s, %(open_price_m43)s, %(high_price_m43)s, %(low_price_m43)s, %(close_price_m43)s, %(volume_m43)s), (%(stock_id_m44)s, %(trade_date_m44)s, %(open_price_m44)s, %(high_price_m44)s, %(low_price_m44)s, %(close_price_m44)s, %(volume_m44)s), (%(stock_id_m45)s, %(trade_date_m45)s, %(open_price_m45)s, %(high_price_m45)s, %(low_price_m45)s, %(close_price_m45)s, %(volume_m45)s), (%(stock_id_m46)s, %(trade_date_m46)s, %(open_price_m46)s, %(high_price_m46)s, %(low_price_m46)s, %(close_price_m46)s, %(volume_m46)s), (%(stock_id_m47)s, %(trade_date_m47)s, %(open_price_m47)s, %(high_price_m47)s, %(low_price_m47)s, %(close_price_m47)s, %(volume_m47)s), (%(stock_id_m48)s, %(trade_date_m48)s, %(open_price_m48)s, %(high_price_m48)s, %(low_price_m48)s, %(close_price_m48)s, %(volume_m48)s), (%(stock_id_m49)s, %(trade_date_m49)s, %(open_price_m49)s, %(high_price_m49)s, %(low_price_m49)s, %(close_price_m49)s, %(volume_m49)s), (%(stock_id_m50)s, %(trade_date_m50)s, %(open_price_m50)s, %(high_price_m50)s, %(low_price_m50)s, %(close_price_m50)s, %(volume_m50)s), (%(stock_id_m51)s, %(trade_date_m51)s, %(open_price_m51)s, %(high_price_m51)s, %(low_price_m51)s, %(close_price_m51)s, %(volume_m51)s), (%(stock_id_m52)s, %(trade_date_m52)s, %(open_price_m52)s, %(high_price_m52)s, %(low_price_m52)s, %(close_price_m52)s, %(volume_m52)s), (%(stock_id_m53)s, %(trade_date_m53)s, %(open_price_m53)s, %(high_price_m53)s, %(low_price_m53)s, %(close_price_m53)s, %(volume_m53)s), (%(stock_id_m54)s, %(trade_date_m54)s, %(open_price_m54)s, %(high_price_m54)s, %(low_price_m54)s, %(close_price_m54)s, %(volume_m54)s), (%(stock_id_m55)s, %(trade_date_m55)s, %(open_price_m55)s, %(high_price_m55)s, %(low_price_m55)s, %(close_price_m55)s, %(volume_m55)s), (%(stock_id_m56)s, %(trade_date_m56)s, %(open_price_m56)s, %(high_price_m56)s, %(low_price_m56)s, %(close_price_m56)s, %(volume_m56)s), (%(stock_id_m57)s, %(trade_date_m57)s, %(open_price_m57)s, %(high_price_m57)s, %(low_price_m57)s, %(close_price_m57)s, %(volume_m57)s), (%(stock_id_m58)s, %(trade_date_m58)s, %(open_price_m58)s, %(high_price_m58)s, %(low_price_m58)s, %(close_price_m58)s, %(volume_m58)s), (%(stock_id_m59)s, %(trade_date_m59)s, %(open_price_m59)s, %(high_price_m59)s, %(low_price_m59)s, %(close_price_m59)s, %(volume_m59)s), (%(stock_id_m60)s, %(trade_date_m60)s, %(open_price_m60)s, %(high_price_m60)s, %(low_price_m60)s, %(close_price_m60)s, %(volume_m60)s), (%(stock_id_m61)s, %(trade_date_m61)s, %(open_price_m61)s, %(high_price_m61)s, %(low_price_m61)s, %(close_price_m61)s, %(volume_m61)s), (%(stock_id_m62)s, %(trade_date_m62)s, %(open_price_m62)s, %(high_price_m62)s, %(low_price_m62)s, %(close_price_m62)s, %(volume_m62)s), (%(stock_id_m63)s, %(trade_date_m63)s, %(open_price_m63)s, %(high_price_m63)s, %(low_price_m63)s, %(close_price_m63)s, %(volume_m63)s), (%(stock_id_m64)s, %(trade_date_m64)s, %(open_price_m64)s, %(high_price_m64)s, %(low_price_m64)s, %(close_price_m64)s, %(volume_m64)s), (%(stock_id_m65)s, %(trade_date_m65)s, %(open_price_m65)s, %(high_price_m65)s, %(low_price_m65)s, %(close_price_m65)s, %(volume_m65)s), (%(stock_id_m66)s, %(trade_date_m66)s, %(open_price_m66)s, %(high_price_m66)s, %(low_price_m66)s, %(close_price_m66)s, %(volume_m66)s), (%(stock_id_m67)s, %(trade_date_m67)s, %(open_price_m67)s, %(high_price_m67)s, %(low_price_m67)s, %(close_price_m67)s, %(volume_m67)s), (%(stock_id_m68)s, %(trade_date_m68)s, %(open_price_m68)s, %(high_price_m68)s, %(low_price_m68)s, %(close_price_m68)s, %(volume_m68)s), (%(stock_id_m69)s, %(trade_date_m69)s, %(open_price_m69)s, %(high_price_m69)s, %(low_price_m69)s, %(close_price_m69)s, %(volume_m69)s), (%(stock_id_m70)s, %(trade_date_m70)s, %(open_price_m70)s, %(high_price_m70)s, %(low_price_m70)s, %(close_price_m70)s, %(volume_m70)s), (%(stock_id_m71)s, %(trade_date_m71)s, %(open_price_m71)s, %(high_price_m71)s, %(low_price_m71)s, %(close_price_m71)s, %(volume_m71)s), (%(stock_id_m72)s, %(trade_date_m72)s, %(open_price_m72)s, %(high_price_m72)s, %(low_price_m72)s, %(close_price_m72)s, %(volume_m72)s), (%(stock_id_m73)s, %(trade_date_m73)s, %(open_price_m73)s, %(high_price_m73)s, %(low_price_m73)s, %(close_price_m73)s, %(volume_m73)s), (%(stock_id_m74)s, %(trade_date_m74)s, %(open_price_m74)s, %(high_price_m74)s, %(low_price_m74)s, %(close_price_m74)s, %(volume_m74)s), (%(stock_id_m75)s, %(trade_date_m75)s, %(open_price_m75)s, %(high_price_m75)s, %(low_price_m75)s, %(close_price_m75)s, %(volume_m75)s), (%(stock_id_m76)s, %(trade_date_m76)s, %(open_price_m76)s, %(high_price_m76)s, %(low_price_m76)s, %(close_price_m76)s, %(volume_m76)s), (%(stock_id_m77)s, %(trade_date_m77)s, %(open_price_m77)s, %(high_price_m77)s, %(low_price_m77)s, %(close_price_m77)s, %(volume_m77)s), (%(stock_id_m78)s, %(trade_date_m78)s, %(open_price_m78)s, %(high_price_m78)s, %(low_price_m78)s, %(close_price_m78)s, %(volume_m78)s), (%(stock_id_m79)s, %(trade_date_m79)s, %(open_price_m79)s, %(high_price_m79)s, %(low_price_m79)s, %(close_price_m79)s, %(volume_m79)s), (%(stock_id_m80)s, %(trade_date_m80)s, %(open_price_m80)s, %(high_price_m80)s, %(low_price_m80)s, %(close_price_m80)s, %(volume_m80)s), (%(stock_id_m81)s, %(trade_date_m81)s, %(open_price_m81)s, %(high_price_m81)s, %(low_price_m81)s, %(close_price_m81)s, %(volume_m81)s), (%(stock_id_m82)s, %(trade_date_m82)s, %(open_price_m82)s, %(high_price_m82)s, %(low_price_m82)s, %(close_price_m82)s, %(volume_m82)s), (%(stock_id_m83)s, %(trade_date_m83)s, %(open_price_m83)s, %(high_price_m83)s, %(low_price_m83)s, %(close_price_m83)s, %(volume_m83)s), (%(stock_id_m84)s, %(trade_date_m84)s, %(open_price_m84)s, %(high_price_m84)s, %(low_price_m84)s, %(close_price_m84)s, %(volume_m84)s), (%(stock_id_m85)s, %(trade_date_m85)s, %(open_price_m85)s, %(high_price_m85)s, %(low_price_m85)s, %(close_price_m85)s, %(volume_m85)s), (%(stock_id_m86)s, %(trade_date_m86)s, %(open_price_m86)s, %(high_price_m86)s, %(low_price_m86)s, %(close_price_m86)s, %(volume_m86)s), (%(stock_id_m87)s, %(trade_date_m87)s, %(open_price_m87)s, %(high_price_m87)s, %(low_price_m87)s, %(close_price_m87)s, %(volume_m87)s), (%(stock_id_m88)s, %(trade_date_m88)s, %(open_price_m88)s, %(high_price_m88)s, %(low_price_m88)s, %(close_price_m88)s, %(volume_m88)s), (%(stock_id_m89)s, %(trade_date_m89)s, %(open_price_m89)s, %(high_price_m89)s, %(low_price_m89)s, %(close_price_m89)s, %(volume_m89)s), (%(stock_id_m90)s, %(trade_date_m90)s, %(open_price_m90)s, %(high_price_m90)s, %(low_price_m90)s, %(close_price_m90)s, %(volume_m90)s), (%(stock_id_m91)s, %(trade_date_m91)s, %(open_price_m91)s, %(high_price_m91)s, %(low_price_m91)s, %(close_price_m91)s, %(volume_m91)s), (%(stock_id_m92)s, %(trade_date_m92)s, %(open_price_m92)s, %(high_price_m92)s, %(low_price_m92)s, %(close_price_m92)s, %(volume_m92)s), (%(stock_id_m93)s, %(trade_date_m93)s, %(open_price_m93)s, %(high_price_m93)s, %(low_price_m93)s, %(close_price_m93)s, %(volume_m93)s), (%(stock_id_m94)s, %(trade_date_m94)s, %(open_price_m94)s, %(high_price_m94)s, %(low_price_m94)s, %(close_price_m94)s, %(volume_m94)s), (%(stock_id_m95)s, %(trade_date_m95)s, %(open_price_m95)s, %(high_price_m95)s, %(low_price_m95)s, %(close_price_m95)s, %(volume_m95)s), (%(stock_id_m96)s, %(trade_date_m96)s, %(open_price_m96)s, %(high_price_m96)s, %(low_price_m96)s, %(close_price_m96)s, %(volume_m96)s), (%(stock_id_m97)s, %(trade_date_m97)s, %(open_price_m97)s, %(high_price_m97)s, %(low_price_m97)s, %(close_price_m97)s, %(volume_m97)s), (%(stock_id_m98)s, %(trade_date_m98)s, %(open_price_m98)s, %(high_price_m98)s, %(low_price_m98)s, %(close_price_m98)s, %(volume_m98)s), (%(stock_id_m99)s, %(trade_date_m99)s, %(open_price_m99)s, %(high_price_m99)s, %(low_price_m99)s, %(close_price_m99)s, %(volume_m99)s), (%(stock_id_m100)s, %(trade_date_m100)s, %(open_price_m100)s, %(high_price_m100)s, %(low_price_m100)s, %(close_price_m100)s, %(volume_m100)s), (%(stock_id_m101)s, %(trade_date_m101)s, %(open_price_m101)s, %(high_price_m101)s, %(low_price_m101)s, %(close_price_m101)s, %(volume_m101)s), (%(stock_id_m102)s, %(trade_date_m102)s, %(open_price_m102)s, %(high_price_m102)s, %(low_price_m102)s, %(close_price_m102)s, %(volume_m102)s), (%(stock_id_m103)s, %(trade_date_m103)s, %(open_price_m103)s, %(high_price_m103)s, %(low_price_m103)s, %(close_price_m103)s, %(volume_m103)s), (%(stock_id_m104)s, %(trade_date_m104)s, %(open_price_m104)s, %(high_price_m104)s, %(low_price_m104)s, %(close_price_m104)s, %(volume_m104)s), (%(stock_id_m105)s, %(trade_date_m105)s, %(open_price_m105)s, %(high_price_m105)s, %(low_price_m105)s, %(close_price_m105)s, %(volume_m105)s), (%(stock_id_m106)s, %(trade_date_m106)s, %(open_price_m106)s, %(high_price_m106)s, %(low_price_m106)s, %(close_price_m106)s, %(volume_m106)s), (%(stock_id_m107)s, %(trade_date_m107)s, %(open_price_m107)s, %(high_price_m107)s, %(low_price_m107)s, %(close_price_m107)s, %(volume_m107)s), (%(stock_id_m108)s, %(trade_date_m108)s, %(open_price_m108)s, %(high_price_m108)s, %(low_price_m108)s, %(close_price_m108)s, %(volume_m108)s), (%(stock_id_m109)s, %(trade_date_m109)s, %(open_price_m109)s, %(high_price_m109)s, %(low_price_m109)s, %(close_price_m109)s, %(volume_m109)s), (%(stock_id_m110)s, %(trade_date_m110)s, %(open_price_m110)s, %(high_price_m110)s, %(low_price_m110)s, %(close_price_m110)s, %(volume_m110)s), (%(stock_id_m111)s, %(trade_date_m111)s, %(open_price_m111)s, %(high_price_m111)s, %(low_price_m111)s, %(close_price_m111)s, %(volume_m111)s), (%(stock_id_m112)s, %(trade_date_m112)s, %(open_price_m112)s, %(high_price_m112)s, %(low_price_m112)s, %(close_price_m112)s, %(volume_m112)s), (%(stock_id_m113)s, %(trade_date_m113)s, %(open_price_m113)s, %(high_price_m113)s, %(low_price_m113)s, %(close_price_m113)s, %(volume_m113)s), (%(stock_id_m114)s, %(trade_date_m114)s, %(open_price_m114)s, %(high_price_m114)s, %(low_price_m114)s, %(close_price_m114)s, %(volume_m114)s), (%(stock_id_m115)s, %(trade_date_m115)s, %(open_price_m115)s, %(high_price_m115)s, %(low_price_m115)s, %(close_price_m115)s, %(volume_m115)s), (%(stock_id_m116)s, %(trade_date_m116)s, %(open_price_m116)s, %(high_price_m116)s, %(low_price_m116)s, %(close_price_m116)s, %(volume_m116)s), (%(stock_id_m117)s, %(trade_date_m117)s, %(open_price_m117)s, %(high_price_m117)s, %(low_price_m117)s, %(close_price_m117)s, %(volume_m117)s), (%(stock_id_m118)s, %(trade_date_m118)s, %(open_price_m118)s, %(high_price_m118)s, %(low_price_m118)s, %(close_price_m118)s, %(volume_m118)s), (%(stock_id_m119)s, %(trade_date_m119)s, %(open_price_m119)s, %(high_price_m119)s, %(low_price_m119)s, %(close_price_m119)s, %(volume_m119)s), (%(stock_id_m120)s, %(trade_date_m120)s, %(open_price_m120)s, %(high_price_m120)s, %(low_price_m120)s, %(close_price_m120)s, %(volume_m120)s), (%(stock_id_m121)s, %(trade_date_m121)s, %(open_price_m121)s, %(high_price_m121)s, %(low_price_m121)s, %(close_price_m121)s, %(volume_m121)s), (%(stock_id_m122)s, %(trade_date_m122)s, %(open_price_m122)s, %(high_price_m122)s, %(low_price_m122)s, %(close_price_m122)s, %(volume_m122)s), (%(stock_id_m123)s, %(trade_date_m123)s, %(open_price_m123)s, %(high_price_m123)s, %(low_price_m123)s, %(close_price_m123)s, %(volume_m123)s), (%(stock_id_m124)s, %(trade_date_m124)s, %(open_price_m124)s, %(high_price_m124)s, %(low_price_m124)s, %(close_price_m124)s, %(volume_m124)s), (%(stock_id_m125)s, %(trade_date_m125)s, %(open_price_m125)s, %(high_price_m125)s, %(low_price_m125)s, %(close_price_m125)s, %(volume_m125)s), (%(stock_id_m126)s, %(trade_date_m126)s, %(open_price_m126)s, %(high_price_m126)s, %(low_price_m126)s, %(close_price_m126)s, %(volume_m126)s), (%(stock_id_m127)s, %(trade_date_m127)s, %(open_price_m127)s, %(high_price_m127)s, %(low_price_m127)s, %(close_price_m127)s, %(volume_m127)s), (%(stock_id_m128)s, %(trade_date_m128)s, %(open_price_m128)s, %(high_price_m128)s, %(low_price_m128)s, %(close_price_m128)s, %(volume_m128)s), (%(stock_id_m129)s, %(trade_date_m129)s, %(open_price_m129)s, %(high_price_m129)s, %(low_price_m129)s, %(close_price_m129)s, %(volume_m129)s), (%(stock_id_m130)s, %(trade_date_m130)s, %(open_price_m130)s, %(high_price_m130)s, %(low_price_m130)s, %(close_price_m130)s, %(volume_m130)s), (%(stock_id_m131)s, %(trade_date_m131)s, %(open_price_m131)s, %(high_price_m131)s, %(low_price_m131)s, %(close_price_m131)s, %(volume_m131)s), (%(stock_id_m132)s, %(trade_date_m132)s, %(open_price_m132)s, %(high_price_m132)s, %(low_price_m132)s, %(close_price_m132)s, %(volume_m132)s), (%(stock_id_m133)s, %(trade_date_m133)s, %(open_price_m133)s, %(high_price_m133)s, %(low_price_m133)s, %(close_price_m133)s, %(volume_m133)s), (%(stock_id_m134)s, %(trade_date_m134)s, %(open_price_m134)s, %(high_price_m134)s, %(low_price_m134)s, %(close_price_m134)s, %(volume_m134)s), (%(stock_id_m135)s, %(trade_date_m135)s, %(open_price_m135)s, %(high_price_m135)s, %(low_price_m135)s, %(close_price_m135)s, %(volume_m135)s), (%(stock_id_m136)s, %(trade_date_m136)s, %(open_price_m136)s, %(high_price_m136)s, %(low_price_m136)s, %(close_price_m136)s, %(volume_m136)s), (%(stock_id_m137)s, %(trade_date_m137)s, %(open_price_m137)s, %(high_price_m137)s, %(low_price_m137)s, %(close_price_m137)s, %(volume_m137)s), (%(stock_id_m138)s, %(trade_date_m138)s, %(open_price_m138)s, %(high_price_m138)s, %(low_price_m138)s, %(close_price_m138)s, %(volume_m138)s), (%(stock_id_m139)s, %(trade_date_m139)s, %(open_price_m139)s, %(high_price_m139)s, %(low_price_m139)s, %(close_price_m139)s, %(volume_m139)s), (%(stock_id_m140)s, %(trade_date_m140)s, %(open_price_m140)s, %(high_price_m140)s, %(low_price_m140)s, %(close_price_m140)s, %(volume_m140)s), (%(stock_id_m141)s, %(trade_date_m141)s, %(open_price_m141)s, %(high_price_m141)s, %(low_price_m141)s, %(close_price_m141)s, %(volume_m141)s), (%(stock_id_m142)s, %(trade_date_m142)s, %(open_price_m142)s, %(high_price_m142)s, %(low_price_m142)s, %(close_price_m142)s, %(volume_m142)s), (%(stock_id_m143)s, %(trade_date_m143)s, %(open_price_m143)s, %(high_price_m143)s, %(low_price_m143)s, %(close_price_m143)s, %(volume_m143)s), (%(stock_id_m144)s, %(trade_date_m144)s, %(open_price_m144)s, %(high_price_m144)s, %(low_price_m144)s, %(close_price_m144)s, %(volume_m144)s), (%(stock_id_m145)s, %(trade_date_m145)s, %(open_price_m145)s, %(high_price_m145)s, %(low_price_m145)s, %(close_price_m145)s, %(volume_m145)s), (%(stock_id_m146)s, %(trade_date_m146)s, %(open_price_m146)s, %(high_price_m146)s, %(low_price_m146)s, %(close_price_m146)s, %(volume_m146)s), (%(stock_id_m147)s, %(trade_date_m147)s, %(open_price_m147)s, %(high_price_m147)s, %(low_price_m147)s, %(close_price_m147)s, %(volume_m147)s), (%(stock_id_m148)s, %(trade_date_m148)s, %(open_price_m148)s, %(high_price_m148)s, %(low_price_m148)s, %(close_price_m148)s, %(volume_m148)s), (%(stock_id_m149)s, %(trade_date_m149)s, %(open_price_m149)s, %(high_price_m149)s, %(low_price_m149)s, %(close_price_m149)s, %(volume_m149)s), (%(stock_id_m150)s, %(trade_date_m150)s, %(open_price_m150)s, %(high_price_m150)s, %(low_price_m150)s, %(close_price_m150)s, %(volume_m150)s), (%(stock_id_m151)s, %(trade_date_m151)s, %(open_price_m151)s, %(high_price_m151)s, %(low_price_m151)s, %(close_price_m151)s, %(volume_m151)s), (%(stock_id_m152)s, %(trade_date_m152)s, %(open_price_m152)s, %(high_price_m152)s, %(low_price_m152)s, %(close_price_m152)s, %(volume_m152)s), (%(stock_id_m153)s, %(trade_date_m153)s, %(open_price_m153)s, %(high_price_m153)s, %(low_price_m153)s, %(close_price_m153)s, %(volume_m153)s), (%(stock_id_m154)s, %(trade_date_m154)s, %(open_price_m154)s, %(high_price_m154)s, %(low_price_m154)s, %(close_price_m154)s, %(volume_m154)s), (%(stock_id_m155)s, %(trade_date_m155)s, %(open_price_m155)s, %(high_price_m155)s, %(low_price_m155)s, %(close_price_m155)s, %(volume_m155)s), (%(stock_id_m156)s, %(trade_date_m156)s, %(open_price_m156)s, %(high_price_m156)s, %(low_price_m156)s, %(close_price_m156)s, %(volume_m156)s), (%(stock_id_m157)s, %(trade_date_m157)s, %(open_price_m157)s, %(high_price_m157)s, %(low_price_m157)s, %(close_price_m157)s, %(volume_m157)s), (%(stock_id_m158)s, %(trade_date_m158)s, %(open_price_m158)s, %(high_price_m158)s, %(low_price_m158)s, %(close_price_m158)s, %(volume_m158)s), (%(stock_id_m159)s, %(trade_date_m159)s, %(open_price_m159)s, %(high_price_m159)s, %(low_price_m159)s, %(close_price_m159)s, %(volume_m159)s), (%(stock_id_m160)s, %(trade_date_m160)s, %(open_price_m160)s, %(high_price_m160)s, %(low_price_m160)s, %(close_price_m160)s, %(volume_m160)s), (%(stock_id_m161)s, %(trade_date_m161)s, %(open_price_m161)s, %(high_price_m161)s, %(low_price_m161)s, %(close_price_m161)s, %(volume_m161)s), (%(stock_id_m162)s, %(trade_date_m162)s, %(open_price_m162)s, %(high_price_m162)s, %(low_price_m162)s, %(close_price_m162)s, %(volume_m162)s), (%(stock_id_m163)s, %(trade_date_m163)s, %(open_price_m163)s, %(high_price_m163)s, %(low_price_m163)s, %(close_price_m163)s, %(volume_m163)s), (%(stock_id_m164)s, %(trade_date_m164)s, %(open_price_m164)s, %(high_price_m164)s, %(low_price_m164)s, %(close_price_m164)s, %(volume_m164)s), (%(stock_id_m165)s, %(trade_date_m165)s, %(open_price_m165)s, %(high_price_m165)s, %(low_price_m165)s, %(close_price_m165)s, %(volume_m165)s), (%(stock_id_m166)s, %(trade_date_m166)s, %(open_price_m166)s, %(high_price_m166)s, %(low_price_m166)s, %(close_price_m166)s, %(volume_m166)s), (%(stock_id_m167)s, %(trade_date_m167)s, %(open_price_m167)s, %(high_price_m167)s, %(low_price_m167)s, %(close_price_m167)s, %(volume_m167)s), (%(stock_id_m168)s, %(trade_date_m168)s, %(open_price_m168)s, %(high_price_m168)s, %(low_price_m168)s, %(close_price_m168)s, %(volume_m168)s), (%(stock_id_m169)s, %(trade_date_m169)s, %(open_price_m169)s, %(high_price_m169)s, %(low_price_m169)s, %(close_price_m169)s, %(volume_m169)s), (%(stock_id_m170)s, %(trade_date_m170)s, %(open_price_m170)s, %(high_price_m170)s, %(low_price_m170)s, %(close_price_m170)s, %(volume_m170)s), (%(stock_id_m171)s, %(trade_date_m171)s, %(open_price_m171)s, %(high_price_m171)s, %(low_price_m171)s, %(close_price_m171)s, %(volume_m171)s), (%(stock_id_m172)s, %(trade_date_m172)s, %(open_price_m172)s, %(high_price_m172)s, %(low_price_m172)s, %(close_price_m172)s, %(volume_m172)s), (%(stock_id_m173)s, %(trade_date_m173)s, %(open_price_m173)s, %(high_price_m173)s, %(low_price_m173)s, %(close_price_m173)s, %(volume_m173)s), (%(stock_id_m174)s, %(trade_date_m174)s, %(open_price_m174)s, %(high_price_m174)s, %(low_price_m174)s, %(close_price_m174)s, %(volume_m174)s), (%(stock_id_m175)s, %(trade_date_m175)s, %(open_price_m175)s, %(high_price_m175)s, %(low_price_m175)s, %(close_price_m175)s, %(volume_m175)s), (%(stock_id_m176)s, %(trade_date_m176)s, %(open_price_m176)s, %(high_price_m176)s, %(low_price_m176)s, %(close_price_m176)s, %(volume_m176)s), (%(stock_id_m177)s, %(trade_date_m177)s, %(open_price_m177)s, %(high_price_m177)s, %(low_price_m177)s, %(close_price_m177)s, %(volume_m177)s), (%(stock_id_m178)s, %(trade_date_m178)s, %(open_price_m178)s, %(high_price_m178)s, %(low_price_m178)s, %(close_price_m178)s, %(volume_m178)s), (%(stock_id_m179)s, %(trade_date_m179)s, %(open_price_m179)s, %(high_price_m179)s, %(low_price_m179)s, %(close_price_m179)s, %(volume_m179)s), (%(stock_id_m180)s, %(trade_date_m180)s, %(open_price_m180)s, %(high_price_m180)s, %(low_price_m180)s, %(close_price_m180)s, %(volume_m180)s), (%(stock_id_m181)s, %(trade_date_m181)s, %(open_price_m181)s, %(high_price_m181)s, %(low_price_m181)s, %(close_price_m181)s, %(volume_m181)s), (%(stock_id_m182)s, %(trade_date_m182)s, %(open_price_m182)s, %(high_price_m182)s, %(low_price_m182)s, %(close_price_m182)s, %(volume_m182)s), (%(stock_id_m183)s, %(trade_date_m183)s, %(open_price_m183)s, %(high_price_m183)s, %(low_price_m183)s, %(close_price_m183)s, %(volume_m183)s), (%(stock_id_m184)s, %(trade_date_m184)s, %(open_price_m184)s, %(high_price_m184)s, %(low_price_m184)s, %(close_price_m184)s, %(volume_m184)s), (%(stock_id_m185)s, %(trade_date_m185)s, %(open_price_m185)s, %(high_price_m185)s, %(low_price_m185)s, %(close_price_m185)s, %(volume_m185)s), (%(stock_id_m186)s, %(trade_date_m186)s, %(open_price_m186)s, %(high_price_m186)s, %(low_price_m186)s, %(close_price_m186)s, %(volume_m186)s), (%(stock_id_m187)s, %(trade_date_m187)s, %(open_price_m187)s, %(high_price_m187)s, %(low_price_m187)s, %(close_price_m187)s, %(volume_m187)s), (%(stock_id_m188)s, %(trade_date_m188)s, %(open_price_m188)s, %(high_price_m188)s, %(low_price_m188)s, %(close_price_m188)s, %(volume_m188)s), (%(stock_id_m189)s, %(trade_date_m189)s, %(open_price_m189)s, %(high_price_m189)s, %(low_price_m189)s, %(close_price_m189)s, %(volume_m189)s), (%(stock_id_m190)s, %(trade_date_m190)s, %(open_price_m190)s, %(high_price_m190)s, %(low_price_m190)s, %(close_price_m190)s, %(volume_m190)s), (%(stock_id_m191)s, %(trade_date_m191)s, %(open_price_m191)s, %(high_price_m191)s, %(low_price_m191)s, %(close_price_m191)s, %(volume_m191)s), (%(stock_id_m192)s, %(trade_date_m192)s, %(open_price_m192)s, %(high_price_m192)s, %(low_price_m192)s, %(close_price_m192)s, %(volume_m192)s), (%(stock_id_m193)s, %(trade_date_m193)s, %(open_price_m193)s, %(high_price_m193)s, %(low_price_m193)s, %(close_price_m193)s, %(volume_m193)s), (%(stock_id_m194)s, %(trade_date_m194)s, %(open_price_m194)s, %(high_price_m194)s, %(low_price_m194)s, %(close_price_m194)s, %(volume_m194)s), (%(stock_id_m195)s, %(trade_date_m195)s, %(open_price_m195)s, %(high_price_m195)s, %(low_price_m195)s, %(close_price_m195)s, %(volume_m195)s), (%(stock_id_m196)s, %(trade_date_m196)s, %(open_price_m196)s, %(high_price_m196)s, %(low_price_m196)s, %(close_price_m196)s, %(volume_m196)s), (%(stock_id_m197)s, %(trade_date_m197)s, %(open_price_m197)s, %(high_price_m197)s, %(low_price_m197)s, %(close_price_m197)s, %(volume_m197)s), (%(stock_id_m198)s, %(trade_date_m198)s, %(open_price_m198)s, %(high_price_m198)s, %(low_price_m198)s, %(close_price_m198)s, %(volume_m198)s), (%(stock_id_m199)s, %(trade_date_m199)s, %(open_price_m199)s, %(high_price_m199)s, %(low_price_m199)s, %(close_price_m199)s, %(volume_m199)s), (%(stock_id_m200)s, %(trade_date_m200)s, %(open_price_m200)s, %(high_price_m200)s, %(low_price_m200)s, %(close_price_m200)s, %(volume_m200)s), (%(stock_id_m201)s, %(trade_date_m201)s, %(open_price_m201)s, %(high_price_m201)s, %(low_price_m201)s, %(close_price_m201)s, %(volume_m201)s), (%(stock_id_m202)s, %(trade_date_m202)s, %(open_price_m202)s, %(high_price_m202)s, %(low_price_m202)s, %(close_price_m202)s, %(volume_m202)s), (%(stock_id_m203)s, %(trade_date_m203)s, %(open_price_m203)s, %(high_price_m203)s, %(low_price_m203)s, %(close_price_m203)s, %(volume_m203)s), (%(stock_id_m204)s, %(trade_date_m204)s, %(open_price_m204)s, %(high_price_m204)s, %(low_price_m204)s, %(close_price_m204)s, %(volume_m204)s), (%(stock_id_m205)s, %(trade_date_m205)s, %(open_price_m205)s, %(high_price_m205)s, %(low_price_m205)s, %(close_price_m205)s, %(volume_m205)s), (%(stock_id_m206)s, %(trade_date_m206)s, %(open_price_m206)s, %(high_price_m206)s, %(low_price_m206)s, %(close_price_m206)s, %(volume_m206)s), (%(stock_id_m207)s, %(trade_date_m207)s, %(open_price_m207)s, %(high_price_m207)s, %(low_price_m207)s, %(close_price_m207)s, %(volume_m207)s), (%(stock_id_m208)s, %(trade_date_m208)s, %(open_price_m208)s, %(high_price_m208)s, %(low_price_m208)s, %(close_price_m208)s, %(volume_m208)s), (%(stock_id_m209)s, %(trade_date_m209)s, %(open_price_m209)s, %(high_price_m209)s, %(low_price_m209)s, %(close_price_m209)s, %(volume_m209)s), (%(stock_id_m210)s, %(trade_date_m210)s, %(open_price_m210)s, %(high_price_m210)s, %(low_price_m210)s, %(close_price_m210)s, %(volume_m210)s), (%(stock_id_m211)s, %(trade_date_m211)s, %(open_price_m211)s, %(high_price_m211)s, %(low_price_m211)s, %(close_price_m211)s, %(volume_m211)s), (%(stock_id_m212)s, %(trade_date_m212)s, %(open_price_m212)s, %(high_price_m212)s, %(low_price_m212)s, %(close_price_m212)s, %(volume_m212)s), (%(stock_id_m213)s, %(trade_date_m213)s, %(open_price_m213)s, %(high_price_m213)s, %(low_price_m213)s, %(close_price_m213)s, %(volume_m213)s), (%(stock_id_m214)s, %(trade_date_m214)s, %(open_price_m214)s, %(high_price_m214)s, %(low_price_m214)s, %(close_price_m214)s, %(volume_m214)s), (%(stock_id_m215)s, %(trade_date_m215)s, %(open_price_m215)s, %(high_price_m215)s, %(low_price_m215)s, %(close_price_m215)s, %(volume_m215)s), (%(stock_id_m216)s, %(trade_date_m216)s, %(open_price_m216)s, %(high_price_m216)s, %(low_price_m216)s, %(close_price_m216)s, %(volume_m216)s), (%(stock_id_m217)s, %(trade_date_m217)s, %(open_price_m217)s, %(high_price_m217)s, %(low_price_m217)s, %(close_price_m217)s, %(volume_m217)s), (%(stock_id_m218)s, %(trade_date_m218)s, %(open_price_m218)s, %(high_price_m218)s, %(low_price_m218)s, %(close_price_m218)s, %(volume_m218)s), (%(stock_id_m219)s, %(trade_date_m219)s, %(open_price_m219)s, %(high_price_m219)s, %(low_price_m219)s, %(close_price_m219)s, %(volume_m219)s), (%(stock_id_m220)s, %(trade_date_m220)s, %(open_price_m220)s, %(high_price_m220)s, %(low_price_m220)s, %(close_price_m220)s, %(volume_m220)s), (%(stock_id_m221)s, %(trade_date_m221)s, %(open_price_m221)s, %(high_price_m221)s, %(low_price_m221)s, %(close_price_m221)s, %(volume_m221)s), (%(stock_id_m222)s, %(trade_date_m222)s, %(open_price_m222)s, %(high_price_m222)s, %(low_price_m222)s, %(close_price_m222)s, %(volume_m222)s), (%(stock_id_m223)s, %(trade_date_m223)s, %(open_price_m223)s, %(high_price_m223)s, %(low_price_m223)s, %(close_price_m223)s, %(volume_m223)s), (%(stock_id_m224)s, %(trade_date_m224)s, %(open_price_m224)s, %(high_price_m224)s, %(low_price_m224)s, %(close_price_m224)s, %(volume_m224)s), (%(stock_id_m225)s, %(trade_date_m225)s, %(open_price_m225)s, %(high_price_m225)s, %(low_price_m225)s, %(close_price_m225)s, %(volume_m225)s), (%(stock_id_m226)s, %(trade_date_m226)s, %(open_price_m226)s, %(high_price_m226)s, %(low_price_m226)s, %(close_price_m226)s, %(volume_m226)s), (%(stock_id_m227)s, %(trade_date_m227)s, %(open_price_m227)s, %(high_price_m227)s, %(low_price_m227)s, %(close_price_m227)s, %(volume_m227)s), (%(stock_id_m228)s, %(trade_date_m228)s, %(open_price_m228)s, %(high_price_m228)s, %(low_price_m228)s, %(close_price_m228)s, %(volume_m228)s), (%(stock_id_m229)s, %(trade_date_m229)s, %(open_price_m229)s, %(high_price_m229)s, %(low_price_m229)s, %(close_price_m229)s, %(volume_m229)s), (%(stock_id_m230)s, %(trade_date_m230)s, %(open_price_m230)s, %(high_price_m230)s, %(low_price_m230)s, %(close_price_m230)s, %(volume_m230)s), (%(stock_id_m231)s, %(trade_date_m231)s, %(open_price_m231)s, %(high_price_m231)s, %(low_price_m231)s, %(close_price_m231)s, %(volume_m231)s), (%(stock_id_m232)s, %(trade_date_m232)s, %(open_price_m232)s, %(high_price_m232)s, %(low_price_m232)s, %(close_price_m232)s, %(volume_m232)s), (%(stock_id_m233)s, %(trade_date_m233)s, %(open_price_m233)s, %(high_price_m233)s, %(low_price_m233)s, %(close_price_m233)s, %(volume_m233)s), (%(stock_id_m234)s, %(trade_date_m234)s, %(open_price_m234)s, %(high_price_m234)s, %(low_price_m234)s, %(close_price_m234)s, %(volume_m234)s), (%(stock_id_m235)s, %(trade_date_m235)s, %(open_price_m235)s, %(high_price_m235)s, %(low_price_m235)s, %(close_price_m235)s, %(volume_m235)s), (%(stock_id_m236)s, %(trade_date_m236)s, %(open_price_m236)s, %(high_price_m236)s, %(low_price_m236)s, %(close_price_m236)s, %(volume_m236)s), (%(stock_id_m237)s, %(trade_date_m237)s, %(open_price_m237)s, %(high_price_m237)s, %(low_price_m237)s, %(close_price_m237)s, %(volume_m237)s), (%(stock_id_m238)s, %(trade_date_m238)s, %(open_price_m238)s, %(high_price_m238)s, %(low_price_m238)s, %(close_price_m238)s, %(volume_m238)s), (%(stock_id_m239)s, %(trade_date_m239)s, %(open_price_m239)s, %(high_price_m239)s, %(low_price_m239)s, %(close_price_m239)s, %(volume_m239)s), (%(stock_id_m240)s, %(trade_date_m240)s, %(open_price_m240)s, %(high_price_m240)s, %(low_price_m240)s, %(close_price_m240)s, %(volume_m240)s), (%(stock_id_m241)s, %(trade_date_m241)s, %(open_price_m241)s, %(high_price_m241)s, %(low_price_m241)s, %(close_price_m241)s, %(volume_m241)s), (%(stock_id_m242)s, %(trade_date_m242)s, %(open_price_m242)s, %(high_price_m242)s, %(low_price_m242)s, %(close_price_m242)s, %(volume_m242)s), (%(stock_id_m243)s, %(trade_date_m243)s, %(open_price_m243)s, %(high_price_m243)s, %(low_price_m243)s, %(close_price_m243)s, %(volume_m243)s), (%(stock_id_m244)s, %(trade_date_m244)s, %(open_price_m244)s, %(high_price_m244)s, %(low_price_m244)s, %(close_price_m244)s, %(volume_m244)s), (%(stock_id_m245)s, %(trade_date_m245)s, %(open_price_m245)s, %(high_price_m245)s, %(low_price_m245)s, %(close_price_m245)s, %(volume_m245)s), (%(stock_id_m246)s, %(trade_date_m246)s, %(open_price_m246)s, %(high_price_m246)s, %(low_price_m246)s, %(close_price_m246)s, %(volume_m246)s), (%(stock_id_m247)s, %(trade_date_m247)s, %(open_price_m247)s, %(high_price_m247)s, %(low_price_m247)s, %(close_price_m247)s, %(volume_m247)s), (%(stock_id_m248)s, %(trade_date_m248)s, %(open_price_m248)s, %(high_price_m248)s, %(low_price_m248)s, %(close_price_m248)s, %(volume_m248)s), (%(stock_id_m249)s, %(trade_date_m249)s, %(open_price_m249)s, %(high_price_m249)s, %(low_price_m249)s, %(close_price_m249)s, %(volume_m249)s), (%(stock_id_m250)s, %(trade_date_m250)s, %(open_price_m250)s, %(high_price_m250)s, %(low_price_m250)s, %(close_price_m250)s, %(volume_m250)s), (%(stock_id_m251)s, %(trade_date_m251)s, %(open_price_m251)s, %(high_price_m251)s, %(low_price_m251)s, %(close_price_m251)s, %(volume_m251)s), (%(stock_id_m252)s, %(trade_date_m252)s, %(open_price_m252)s, %(high_price_m252)s, %(low_price_m252)s, %(close_price_m252)s, %(volume_m252)s), (%(stock_id_m253)s, %(trade_date_m253)s, %(open_price_m253)s, %(high_price_m253)s, %(low_price_m253)s, %(close_price_m253)s, %(volume_m253)s), (%(stock_id_m254)s, %(trade_date_m254)s, %(open_price_m254)s, %(high_price_m254)s, %(low_price_m254)s, %(close_price_m254)s, %(volume_m254)s), (%(stock_id_m255)s, %(trade_date_m255)s, %(open_price_m255)s, %(high_price_m255)s, %(low_price_m255)s, %(close_price_m255)s, %(volume_m255)s), (%(stock_id_m256)s, %(trade_date_m256)s, %(open_price_m256)s, %(high_price_m256)s, %(low_price_m256)s, %(close_price_m256)s, %(volume_m256)s), (%(stock_id_m257)s, %(trade_date_m257)s, %(open_price_m257)s, %(high_price_m257)s, %(low_price_m257)s, %(close_price_m257)s, %(volume_m257)s), (%(stock_id_m258)s, %(trade_date_m258)s, %(open_price_m258)s, %(high_price_m258)s, %(low_price_m258)s, %(close_price_m258)s, %(volume_m258)s), (%(stock_id_m259)s, %(trade_date_m259)s, %(open_price_m259)s, %(high_price_m259)s, %(low_price_m259)s, %(close_price_m259)s, %(volume_m259)s), (%(stock_id_m260)s, %(trade_date_m260)s, %(open_price_m260)s, %(high_price_m260)s, %(low_price_m260)s, %(close_price_m260)s, %(volume_m260)s), (%(stock_id_m261)s, %(trade_date_m261)s, %(open_price_m261)s, %(high_price_m261)s, %(low_price_m261)s, %(close_price_m261)s, %(volume_m261)s), (%(stock_id_m262)s, %(trade_date_m262)s, %(open_price_m262)s, %(high_price_m262)s, %(low_price_m262)s, %(close_price_m262)s, %(volume_m262)s), (%(stock_id_m263)s, %(trade_date_m263)s, %(open_price_m263)s, %(high_price_m263)s, %(low_price_m263)s, %(close_price_m263)s, %(volume_m263)s), (%(stock_id_m264)s, %(trade_date_m264)s, %(open_price_m264)s, %(high_price_m264)s, %(low_price_m264)s, %(close_price_m264)s, %(volume_m264)s), (%(stock_id_m265)s, %(trade_date_m265)s, %(open_price_m265)s, %(high_price_m265)s, %(low_price_m265)s, %(close_price_m265)s, %(volume_m265)s), (%(stock_id_m266)s, %(trade_date_m266)s, %(open_price_m266)s, %(high_price_m266)s, %(low_price_m266)s, %(close_price_m266)s, %(volume_m266)s), (%(stock_id_m267)s, %(trade_date_m267)s, %(open_price_m267)s, %(high_price_m267)s, %(low_price_m267)s, %(close_price_m267)s, %(volume_m267)s), (%(stock_id_m268)s, %(trade_date_m268)s, %(open_price_m268)s, %(high_price_m268)s, %(low_price_m268)s, %(close_price_m268)s, %(volume_m268)s), (%(stock_id_m269)s, %(trade_date_m269)s, %(open_price_m269)s, %(high_price_m269)s, %(low_price_m269)s, %(close_price_m269)s, %(volume_m269)s), (%(stock_id_m270)s, %(trade_date_m270)s, %(open_price_m270)s, %(high_price_m270)s, %(low_price_m270)s, %(close_price_m270)s, %(volume_m270)s), (%(stock_id_m271)s, %(trade_date_m271)s, %(open_price_m271)s, %(high_price_m271)s, %(low_price_m271)s, %(close_price_m271)s, %(volume_m271)s), (%(stock_id_m272)s, %(trade_date_m272)s, %(open_price_m272)s, %(high_price_m272)s, %(low_price_m272)s, %(close_price_m272)s, %(volume_m272)s), (%(stock_id_m273)s, %(trade_date_m273)s, %(open_price_m273)s, %(high_price_m273)s, %(low_price_m273)s, %(close_price_m273)s, %(volume_m273)s), (%(stock_id_m274)s, %(trade_date_m274)s, %(open_price_m274)s, %(high_price_m274)s, %(low_price_m274)s, %(close_price_m274)s, %(volume_m274)s), (%(stock_id_m275)s, %(trade_date_m275)s, %(open_price_m275)s, %(high_price_m275)s, %(low_price_m275)s, %(close_price_m275)s, %(volume_m275)s), (%(stock_id_m276)s, %(trade_date_m276)s, %(open_price_m276)s, %(high_price_m276)s, %(low_price_m276)s, %(close_price_m276)s, %(volume_m276)s), (%(stock_id_m277)s, %(trade_date_m277)s, %(open_price_m277)s, %(high_price_m277)s, %(low_price_m277)s, %(close_price_m277)s, %(volume_m277)s), (%(stock_id_m278)s, %(trade_date_m278)s, %(open_price_m278)s, %(high_price_m278)s, %(low_price_m278)s, %(close_price_m278)s, %(volume_m278)s), (%(stock_id_m279)s, %(trade_date_m279)s, %(open_price_m279)s, %(high_price_m279)s, %(low_price_m279)s, %(close_price_m279)s, %(volume_m279)s), (%(stock_id_m280)s, %(trade_date_m280)s, %(open_price_m280)s, %(high_price_m280)s, %(low_price_m280)s, %(close_price_m280)s, %(volume_m280)s), (%(stock_id_m281)s, %(trade_date_m281)s, %(open_price_m281)s, %(high_price_m281)s, %(low_price_m281)s, %(close_price_m281)s, %(volume_m281)s), (%(stock_id_m282)s, %(trade_date_m282)s, %(open_price_m282)s, %(high_price_m282)s, %(low_price_m282)s, %(close_price_m282)s, %(volume_m282)s), (%(stock_id_m283)s, %(trade_date_m283)s, %(open_price_m283)s, %(high_price_m283)s, %(low_price_m283)s, %(close_price_m283)s, %(volume_m283)s), (%(stock_id_m284)s, %(trade_date_m284)s, %(open_price_m284)s, %(high_price_m284)s, %(low_price_m284)s, %(close_price_m284)s, %(volume_m284)s), (%(stock_id_m285)s, %(trade_date_m285)s, %(open_price_m285)s, %(high_price_m285)s, %(low_price_m285)s, %(close_price_m285)s, %(volume_m285)s), (%(stock_id_m286)s, %(trade_date_m286)s, %(open_price_m286)s, %(high_price_m286)s, %(low_price_m286)s, %(close_price_m286)s, %(volume_m286)s), (%(stock_id_m287)s, %(trade_date_m287)s, %(open_price_m287)s, %(high_price_m287)s, %(low_price_m287)s, %(close_price_m287)s, %(volume_m287)s), (%(stock_id_m288)s, %(trade_date_m288)s, %(open_price_m288)s, %(high_price_m288)s, %(low_price_m288)s, %(close_price_m288)s, %(volume_m288)s), (%(stock_id_m289)s, %(trade_date_m289)s, %(open_price_m289)s, %(high_price_m289)s, %(low_price_m289)s, %(close_price_m289)s, %(volume_m289)s), (%(stock_id_m290)s, %(trade_date_m290)s, %(open_price_m290)s, %(high_price_m290)s, %(low_price_m290)s, %(close_price_m290)s, %(volume_m290)s), (%(stock_id_m291)s, %(trade_date_m291)s, %(open_price_m291)s, %(high_price_m291)s, %(low_price_m291)s, %(close_price_m291)s, %(volume_m291)s), (%(stock_id_m292)s, %(trade_date_m292)s, %(open_price_m292)s, %(high_price_m292)s, %(low_price_m292)s, %(close_price_m292)s, %(volume_m292)s), (%(stock_id_m293)s, %(trade_date_m293)s, %(open_price_m293)s, %(high_price_m293)s, %(low_price_m293)s, %(close_price_m293)s, %(volume_m293)s), (%(stock_id_m294)s, %(trade_date_m294)s, %(open_price_m294)s, %(high_price_m294)s, %(low_price_m294)s, %(close_price_m294)s, %(volume_m294)s), (%(stock_id_m295)s, %(trade_date_m295)s, %(open_price_m295)s, %(high_price_m295)s, %(low_price_m295)s, %(close_price_m295)s, %(volume_m295)s), (%(stock_id_m296)s, %(trade_date_m296)s, %(open_price_m296)s, %(high_price_m296)s, %(low_price_m296)s, %(close_price_m296)s, %(volume_m296)s), (%(stock_id_m297)s, %(trade_date_m297)s, %(open_price_m297)s, %(high_price_m297)s, %(low_price_m297)s, %(close_price_m297)s, %(volume_m297)s), (%(stock_id_m298)s, %(trade_date_m298)s, %(open_price_m298)s, %(high_price_m298)s, %(low_price_m298)s, %(close_price_m298)s, %(volume_m298)s), (%(stock_id_m299)s, %(trade_date_m299)s, %(open_price_m299)s, %(high_price_m299)s, %(low_price_m299)s, %(close_price_m299)s, %(volume_m299)s), (%(stock_id_m300)s, %(trade_date_m300)s, %(open_price_m300)s, %(high_price_m300)s, %(low_price_m300)s, %(close_price_m300)s, %(volume_m300)s), (%(stock_id_m301)s, %(trade_date_m301)s, %(open_price_m301)s, %(high_price_m301)s, %(low_price_m301)s, %(close_price_m301)s, %(volume_m301)s), (%(stock_id_m302)s, %(trade_date_m302)s, %(open_price_m302)s, %(high_price_m302)s, %(low_price_m302)s, %(close_price_m302)s, %(volume_m302)s), (%(stock_id_m303)s, %(trade_date_m303)s, %(open_price_m303)s, %(high_price_m303)s, %(low_price_m303)s, %(close_price_m303)s, %(volume_m303)s), (%(stock_id_m304)s, %(trade_date_m304)s, %(open_price_m304)s, %(high_price_m304)s, %(low_price_m304)s, %(close_price_m304)s, %(volume_m304)s), (%(stock_id_m305)s, %(trade_date_m305)s, %(open_price_m305)s, %(high_price_m305)s, %(low_price_m305)s, %(close_price_m305)s, %(volume_m305)s), (%(stock_id_m306)s, %(trade_date_m306)s, %(open_price_m306)s, %(high_price_m306)s, %(low_price_m306)s, %(close_price_m306)s, %(volume_m306)s), (%(stock_id_m307)s, %(trade_date_m307)s, %(open_price_m307)s, %(high_price_m307)s, %(low_price_m307)s, %(close_price_m307)s, %(volume_m307)s), (%(stock_id_m308)s, %(trade_date_m308)s, %(open_price_m308)s, %(high_price_m308)s, %(low_price_m308)s, %(close_price_m308)s, %(volume_m308)s), (%(stock_id_m309)s, %(trade_date_m309)s, %(open_price_m309)s, %(high_price_m309)s, %(low_price_m309)s, %(close_price_m309)s, %(volume_m309)s), (%(stock_id_m310)s, %(trade_date_m310)s, %(open_price_m310)s, %(high_price_m310)s, %(low_price_m310)s, %(close_price_m310)s, %(volume_m310)s), (%(stock_id_m311)s, %(trade_date_m311)s, %(open_price_m311)s, %(high_price_m311)s, %(low_price_m311)s, %(close_price_m311)s, %(volume_m311)s), (%(stock_id_m312)s, %(trade_date_m312)s, %(open_price_m312)s, %(high_price_m312)s, %(low_price_m312)s, %(close_price_m312)s, %(volume_m312)s), (%(stock_id_m313)s, %(trade_date_m313)s, %(open_price_m313)s, %(high_price_m313)s, %(low_price_m313)s, %(close_price_m313)s, %(volume_m313)s), (%(stock_id_m314)s, %(trade_date_m314)s, %(open_price_m314)s, %(high_price_m314)s, %(low_price_m314)s, %(close_price_m314)s, %(volume_m314)s), (%(stock_id_m315)s, %(trade_date_m315)s, %(open_price_m315)s, %(high_price_m315)s, %(low_price_m315)s, %(close_price_m315)s, %(volume_m315)s), (%(stock_id_m316)s, %(trade_date_m316)s, %(open_price_m316)s, %(high_price_m316)s, %(low_price_m316)s, %(close_price_m316)s, %(volume_m316)s), (%(stock_id_m317)s, %(trade_date_m317)s, %(open_price_m317)s, %(high_price_m317)s, %(low_price_m317)s, %(close_price_m317)s, %(volume_m317)s), (%(stock_id_m318)s, %(trade_date_m318)s, %(open_price_m318)s, %(high_price_m318)s, %(low_price_m318)s, %(close_price_m318)s, %(volume_m318)s), (%(stock_id_m319)s, %(trade_date_m319)s, %(open_price_m319)s, %(high_price_m319)s, %(low_price_m319)s, %(close_price_m319)s, %(volume_m319)s), (%(stock_id_m320)s, %(trade_date_m320)s, %(open_price_m320)s, %(high_price_m320)s, %(low_price_m320)s, %(close_price_m320)s, %(volume_m320)s), (%(stock_id_m321)s, %(trade_date_m321)s, %(open_price_m321)s, %(high_price_m321)s, %(low_price_m321)s, %(close_price_m321)s, %(volume_m321)s), (%(stock_id_m322)s, %(trade_date_m322)s, %(open_price_m322)s, %(high_price_m322)s, %(low_price_m322)s, %(close_price_m322)s, %(volume_m322)s), (%(stock_id_m323)s, %(trade_date_m323)s, %(open_price_m323)s, %(high_price_m323)s, %(low_price_m323)s, %(close_price_m323)s, %(volume_m323)s), (%(stock_id_m324)s, %(trade_date_m324)s, %(open_price_m324)s, %(high_price_m324)s, %(low_price_m324)s, %(close_price_m324)s, %(volume_m324)s), (%(stock_id_m325)s, %(trade_date_m325)s, %(open_price_m325)s, %(high_price_m325)s, %(low_price_m325)s, %(close_price_m325)s, %(volume_m325)s), (%(stock_id_m326)s, %(trade_date_m326)s, %(open_price_m326)s, %(high_price_m326)s, %(low_price_m326)s, %(close_price_m326)s, %(volume_m326)s), (%(stock_id_m327)s, %(trade_date_m327)s, %(open_price_m327)s, %(high_price_m327)s, %(low_price_m327)s, %(close_price_m327)s, %(volume_m327)s), (%(stock_id_m328)s, %(trade_date_m328)s, %(open_price_m328)s, %(high_price_m328)s, %(low_price_m328)s, %(close_price_m328)s, %(volume_m328)s), (%(stock_id_m329)s, %(trade_date_m329)s, %(open_price_m329)s, %(high_price_m329)s, %(low_price_m329)s, %(close_price_m329)s, %(volume_m329)s), (%(stock_id_m330)s, %(trade_date_m330)s, %(open_price_m330)s, %(high_price_m330)s, %(low_price_m330)s, %(close_price_m330)s, %(volume_m330)s), (%(stock_id_m331)s, %(trade_date_m331)s, %(open_price_m331)s, %(high_price_m331)s, %(low_price_m331)s, %(close_price_m331)s, %(volume_m331)s), (%(stock_id_m332)s, %(trade_date_m332)s, %(open_price_m332)s, %(high_price_m332)s, %(low_price_m332)s, %(close_price_m332)s, %(volume_m332)s), (%(stock_id_m333)s, %(trade_date_m333)s, %(open_price_m333)s, %(high_price_m333)s, %(low_price_m333)s, %(close_price_m333)s, %(volume_m333)s), (%(stock_id_m334)s, %(trade_date_m334)s, %(open_price_m334)s, %(high_price_m334)s, %(low_price_m334)s, %(close_price_m334)s, %(volume_m334)s), (%(stock_id_m335)s, %(trade_date_m335)s, %(open_price_m335)s, %(high_price_m335)s, %(low_price_m335)s, %(close_price_m335)s, %(volume_m335)s), (%(stock_id_m336)s, %(trade_date_m336)s, %(open_price_m336)s, %(high_price_m336)s, %(low_price_m336)s, %(close_price_m336)s, %(volume_m336)s), (%(stock_id_m337)s, %(trade_date_m337)s, %(open_price_m337)s, %(high_price_m337)s, %(low_price_m337)s, %(close_price_m337)s, %(volume_m337)s), (%(stock_id_m338)s, %(trade_date_m338)s, %(open_price_m338)s, %(high_price_m338)s, %(low_price_m338)s, %(close_price_m338)s, %(volume_m338)s), (%(stock_id_m339)s, %(trade_date_m339)s, %(open_price_m339)s, %(high_price_m339)s, %(low_price_m339)s, %(close_price_m339)s, %(volume_m339)s), (%(stock_id_m340)s, %(trade_date_m340)s, %(open_price_m340)s, %(high_price_m340)s, %(low_price_m340)s, %(close_price_m340)s, %(volume_m340)s), (%(stock_id_m341)s, %(trade_date_m341)s, %(open_price_m341)s, %(high_price_m341)s, %(low_price_m341)s, %(close_price_m341)s, %(volume_m341)s), (%(stock_id_m342)s, %(trade_date_m342)s, %(open_price_m342)s, %(high_price_m342)s, %(low_price_m342)s, %(close_price_m342)s, %(volume_m342)s), (%(stock_id_m343)s, %(trade_date_m343)s, %(open_price_m343)s, %(high_price_m343)s, %(low_price_m343)s, %(close_price_m343)s, %(volume_m343)s), (%(stock_id_m344)s, %(trade_date_m344)s, %(open_price_m344)s, %(high_price_m344)s, %(low_price_m344)s, %(close_price_m344)s, %(volume_m344)s), (%(stock_id_m345)s, %(trade_date_m345)s, %(open_price_m345)s, %(high_price_m345)s, %(low_price_m345)s, %(close_price_m345)s, %(volume_m345)s), (%(stock_id_m346)s, %(trade_date_m346)s, %(open_price_m346)s, %(high_price_m346)s, %(low_price_m346)s, %(close_price_m346)s, %(volume_m346)s), (%(stock_id_m347)s, %(trade_date_m347)s, %(open_price_m347)s, %(high_price_m347)s, %(low_price_m347)s, %(close_price_m347)s, %(volume_m347)s), (%(stock_id_m348)s, %(trade_date_m348)s, %(open_price_m348)s, %(high_price_m348)s, %(low_price_m348)s, %(close_price_m348)s, %(volume_m348)s), (%(stock_id_m349)s, %(trade_date_m349)s, %(open_price_m349)s, %(high_price_m349)s, %(low_price_m349)s, %(close_price_m349)s, %(volume_m349)s), (%(stock_id_m350)s, %(trade_date_m350)s, %(open_price_m350)s, %(high_price_m350)s, %(low_price_m350)s, %(close_price_m350)s, %(volume_m350)s), (%(stock_id_m351)s, %(trade_date_m351)s, %(open_price_m351)s, %(high_price_m351)s, %(low_price_m351)s, %(close_price_m351)s, %(volume_m351)s), (%(stock_id_m352)s, %(trade_date_m352)s, %(open_price_m352)s, %(high_price_m352)s, %(low_price_m352)s, %(close_price_m352)s, %(volume_m352)s), (%(stock_id_m353)s, %(trade_date_m353)s, %(open_price_m353)s, %(high_price_m353)s, %(low_price_m353)s, %(close_price_m353)s, %(volume_m353)s), (%(stock_id_m354)s, %(trade_date_m354)s, %(open_price_m354)s, %(high_price_m354)s, %(low_price_m354)s, %(close_price_m354)s, %(volume_m354)s), (%(stock_id_m355)s, %(trade_date_m355)s, %(open_price_m355)s, %(high_price_m355)s, %(low_price_m355)s, %(close_price_m355)s, %(volume_m355)s), (%(stock_id_m356)s, %(trade_date_m356)s, %(open_price_m356)s, %(high_price_m356)s, %(low_price_m356)s, %(close_price_m356)s, %(volume_m356)s), (%(stock_id_m357)s, %(trade_date_m357)s, %(open_price_m357)s, %(high_price_m357)s, %(low_price_m357)s, %(close_price_m357)s, %(volume_m357)s), (%(stock_id_m358)s, %(trade_date_m358)s, %(open_price_m358)s, %(high_price_m358)s, %(low_price_m358)s, %(close_price_m358)s, %(volume_m358)s), (%(stock_id_m359)s, %(trade_date_m359)s, %(open_price_m359)s, %(high_price_m359)s, %(low_price_m359)s, %(close_price_m359)s, %(volume_m359)s), (%(stock_id_m360)s, %(trade_date_m360)s, %(open_price_m360)s, %(high_price_m360)s, %(low_price_m360)s, %(close_price_m360)s, %(volume_m360)s), (%(stock_id_m361)s, %(trade_date_m361)s, %(open_price_m361)s, %(high_price_m361)s, %(low_price_m361)s, %(close_price_m361)s, %(volume_m361)s), (%(stock_id_m362)s, %(trade_date_m362)s, %(open_price_m362)s, %(high_price_m362)s, %(low_price_m362)s, %(close_price_m362)s, %(volume_m362)s), (%(stock_id_m363)s, %(trade_date_m363)s, %(open_price_m363)s, %(high_price_m363)s, %(low_price_m363)s, %(close_price_m363)s, %(volume_m363)s), (%(stock_id_m364)s, %(trade_date_m364)s, %(open_price_m364)s, %(high_price_m364)s, %(low_price_m364)s, %(close_price_m364)s, %(volume_m364)s), (%(stock_id_m365)s, %(trade_date_m365)s, %(open_price_m365)s, %(high_price_m365)s, %(low_price_m365)s, %(close_price_m365)s, %(volume_m365)s), (%(stock_id_m366)s, %(trade_date_m366)s, %(open_price_m366)s, %(high_price_m366)s, %(low_price_m366)s, %(close_price_m366)s, %(volume_m366)s), (%(stock_id_m367)s, %(trade_date_m367)s, %(open_price_m367)s, %(high_price_m367)s, %(low_price_m367)s, %(close_price_m367)s, %(volume_m367)s), (%(stock_id_m368)s, %(trade_date_m368)s, %(open_price_m368)s, %(high_price_m368)s, %(low_price_m368)s, %(close_price_m368)s, %(volume_m368)s), (%(stock_id_m369)s, %(trade_date_m369)s, %(open_price_m369)s, %(high_price_m369)s, %(low_price_m369)s, %(close_price_m369)s, %(volume_m369)s), (%(stock_id_m370)s, %(trade_date_m370)s, %(open_price_m370)s, %(high_price_m370)s, %(low_price_m370)s, %(close_price_m370)s, %(volume_m370)s), (%(stock_id_m371)s, %(trade_date_m371)s, %(open_price_m371)s, %(high_price_m371)s, %(low_price_m371)s, %(close_price_m371)s, %(volume_m371)s), (%(stock_id_m372)s, %(trade_date_m372)s, %(open_price_m372)s, %(high_price_m372)s, %(low_price_m372)s, %(close_price_m372)s, %(volume_m372)s), (%(stock_id_m373)s, %(trade_date_m373)s, %(open_price_m373)s, %(high_price_m373)s, %(low_price_m373)s, %(close_price_m373)s, %(volume_m373)s), (%(stock_id_m374)s, %(trade_date_m374)s, %(open_price_m374)s, %(high_price_m374)s, %(low_price_m374)s, %(close_price_m374)s, %(volume_m374)s), (%(stock_id_m375)s, %(trade_date_m375)s, %(open_price_m375)s, %(high_price_m375)s, %(low_price_m375)s, %(close_price_m375)s, %(volume_m375)s), (%(stock_id_m376)s, %(trade_date_m376)s, %(open_price_m376)s, %(high_price_m376)s, %(low_price_m376)s, %(close_price_m376)s, %(volume_m376)s), (%(stock_id_m377)s, %(trade_date_m377)s, %(open_price_m377)s, %(high_price_m377)s, %(low_price_m377)s, %(close_price_m377)s, %(volume_m377)s), (%(stock_id_m378)s, %(trade_date_m378)s, %(open_price_m378)s, %(high_price_m378)s, %(low_price_m378)s, %(close_price_m378)s, %(volume_m378)s), (%(stock_id_m379)s, %(trade_date_m379)s, %(open_price_m379)s, %(high_price_m379)s, %(low_price_m379)s, %(close_price_m379)s, %(volume_m379)s), (%(stock_id_m380)s, %(trade_date_m380)s, %(open_price_m380)s, %(high_price_m380)s, %(low_price_m380)s, %(close_price_m380)s, %(volume_m380)s), (%(stock_id_m381)s, %(trade_date_m381)s, %(open_price_m381)s, %(high_price_m381)s, %(low_price_m381)s, %(close_price_m381)s, %(volume_m381)s), (%(stock_id_m382)s, %(trade_date_m382)s, %(open_price_m382)s, %(high_price_m382)s, %(low_price_m382)s, %(close_price_m382)s, %(volume_m382)s), (%(stock_id_m383)s, %(trade_date_m383)s, %(open_price_m383)s, %(high_price_m383)s, %(low_price_m383)s, %(close_price_m383)s, %(volume_m383)s), (%(stock_id_m384)s, %(trade_date_m384)s, %(open_price_m384)s, %(high_price_m384)s, %(low_price_m384)s, %(close_price_m384)s, %(volume_m384)s), (%(stock_id_m385)s, %(trade_date_m385)s, %(open_price_m385)s, %(high_price_m385)s, %(low_price_m385)s, %(close_price_m385)s, %(volume_m385)s), (%(stock_id_m386)s, %(trade_date_m386)s, %(open_price_m386)s, %(high_price_m386)s, %(low_price_m386)s, %(close_price_m386)s, %(volume_m386)s), (%(stock_id_m387)s, %(trade_date_m387)s, %(open_price_m387)s, %(high_price_m387)s, %(low_price_m387)s, %(close_price_m387)s, %(volume_m387)s), (%(stock_id_m388)s, %(trade_date_m388)s, %(open_price_m388)s, %(high_price_m388)s, %(low_price_m388)s, %(close_price_m388)s, %(volume_m388)s), (%(stock_id_m389)s, %(trade_date_m389)s, %(open_price_m389)s, %(high_price_m389)s, %(low_price_m389)s, %(close_price_m389)s, %(volume_m389)s), (%(stock_id_m390)s, %(trade_date_m390)s, %(open_price_m390)s, %(high_price_m390)s, %(low_price_m390)s, %(close_price_m390)s, %(volume_m390)s), (%(stock_id_m391)s, %(trade_date_m391)s, %(open_price_m391)s, %(high_price_m391)s, %(low_price_m391)s, %(close_price_m391)s, %(volume_m391)s), (%(stock_id_m392)s, %(trade_date_m392)s, %(open_price_m392)s, %(high_price_m392)s, %(low_price_m392)s, %(close_price_m392)s, %(volume_m392)s), (%(stock_id_m393)s, %(trade_date_m393)s, %(open_price_m393)s, %(high_price_m393)s, %(low_price_m393)s, %(close_price_m393)s, %(volume_m393)s), (%(stock_id_m394)s, %(trade_date_m394)s, %(open_price_m394)s, %(high_price_m394)s, %(low_price_m394)s, %(close_price_m394)s, %(volume_m394)s), (%(stock_id_m395)s, %(trade_date_m395)s, %(open_price_m395)s, %(high_price_m395)s, %(low_price_m395)s, %(close_price_m395)s, %(volume_m395)s), (%(stock_id_m396)s, %(trade_date_m396)s, %(open_price_m396)s, %(high_price_m396)s, %(low_price_m396)s, %(close_price_m396)s, %(volume_m396)s), (%(stock_id_m397)s, %(trade_date_m397)s, %(open_price_m397)s, %(high_price_m397)s, %(low_price_m397)s, %(close_price_m397)s, %(volume_m397)s), (%(stock_id_m398)s, %(trade_date_m398)s, %(open_price_m398)s, %(high_price_m398)s, %(low_price_m398)s, %(close_price_m398)s, %(volume_m398)s), (%(stock_id_m399)s, %(trade_date_m399)s, %(open_price_m399)s, %(high_price_m399)s, %(low_price_m399)s, %(close_price_m399)s, %(volume_m399)s), (%(stock_id_m400)s, %(trade_date_m400)s, %(open_price_m400)s, %(high_price_m400)s, %(low_price_m400)s, %(close_price_m400)s, %(volume_m400)s), (%(stock_id_m401)s, %(trade_date_m401)s, %(open_price_m401)s, %(high_price_m401)s, %(low_price_m401)s, %(close_price_m401)s, %(volume_m401)s), (%(stock_id_m402)s, %(trade_date_m402)s, %(open_price_m402)s, %(high_price_m402)s, %(low_price_m402)s, %(close_price_m402)s, %(volume_m402)s), (%(stock_id_m403)s, %(trade_date_m403)s, %(open_price_m403)s, %(high_price_m403)s, %(low_price_m403)s, %(close_price_m403)s, %(volume_m403)s), (%(stock_id_m404)s, %(trade_date_m404)s, %(open_price_m404)s, %(high_price_m404)s, %(low_price_m404)s, %(close_price_m404)s, %(volume_m404)s), (%(stock_id_m405)s, %(trade_date_m405)s, %(open_price_m405)s, %(high_price_m405)s, %(low_price_m405)s, %(close_price_m405)s, %(volume_m405)s), (%(stock_id_m406)s, %(trade_date_m406)s, %(open_price_m406)s, %(high_price_m406)s, %(low_price_m406)s, %(close_price_m406)s, %(volume_m406)s), (%(stock_id_m407)s, %(trade_date_m407)s, %(open_price_m407)s, %(high_price_m407)s, %(low_price_m407)s, %(close_price_m407)s, %(volume_m407)s), (%(stock_id_m408)s, %(trade_date_m408)s, %(open_price_m408)s, %(high_price_m408)s, %(low_price_m408)s, %(close_price_m408)s, %(volume_m408)s), (%(stock_id_m409)s, %(trade_date_m409)s, %(open_price_m409)s, %(high_price_m409)s, %(low_price_m409)s, %(close_price_m409)s, %(volume_m409)s), (%(stock_id_m410)s, %(trade_date_m410)s, %(open_price_m410)s, %(high_price_m410)s, %(low_price_m410)s, %(close_price_m410)s, %(volume_m410)s), (%(stock_id_m411)s, %(trade_date_m411)s, %(open_price_m411)s, %(high_price_m411)s, %(low_price_m411)s, %(close_price_m411)s, %(volume_m411)s), (%(stock_id_m412)s, %(trade_date_m412)s, %(open_price_m412)s, %(high_price_m412)s, %(low_price_m412)s, %(close_price_m412)s, %(volume_m412)s), (%(stock_id_m413)s, %(trade_date_m413)s, %(open_price_m413)s, %(high_price_m413)s, %(low_price_m413)s, %(close_price_m413)s, %(volume_m413)s), (%(stock_id_m414)s, %(trade_date_m414)s, %(open_price_m414)s, %(high_price_m414)s, %(low_price_m414)s, %(close_price_m414)s, %(volume_m414)s), (%(stock_id_m415)s, %(trade_date_m415)s, %(open_price_m415)s, %(high_price_m415)s, %(low_price_m415)s, %(close_price_m415)s, %(volume_m415)s), (%(stock_id_m416)s, %(trade_date_m416)s, %(open_price_m416)s, %(high_price_m416)s, %(low_price_m416)s, %(close_price_m416)s, %(volume_m416)s), (%(stock_id_m417)s, %(trade_date_m417)s, %(open_price_m417)s, %(high_price_m417)s, %(low_price_m417)s, %(close_price_m417)s, %(volume_m417)s), (%(stock_id_m418)s, %(trade_date_m418)s, %(open_price_m418)s, %(high_price_m418)s, %(low_price_m418)s, %(close_price_m418)s, %(volume_m418)s), (%(stock_id_m419)s, %(trade_date_m419)s, %(open_price_m419)s, %(high_price_m419)s, %(low_price_m419)s, %(close_price_m419)s, %(volume_m419)s) ON DUPLICATE KEY UPDATE open_price = VALUES(open_price), high_price = VALUES(high_price), low_price = VALUES(low_price), close_price = VALUES(close_price), volume = VALUES(volume), updated_at = now()]
[parameters: {'stock_id_m0': 8, 'trade_date_m0': datetime.date(2025, 12, 31), 'open_price_m0': 3240.0, 'high_price_m0': 3246.0, 'low_price_m0': 3198.5, 'close_price_m0': 3206.2, 'volume_m0': 3362634, 'stock_id_m1': 8, 'trade_date_m1': datetime.date(2025, 12, 30), 'open_price_m1': 3250.0, 'high_price_m1': 3267.5, 'low_price_m1': 3239.5, 'close_price_m1': 3246.8, 'volume_m1': 2807593, 'stock_id_m2': 8, 'trade_date_m2': datetime.date(2025, 12, 29), 'open_price_m2': 3280.0, 'high_price_m2': 3288.0, 'low_price_m2': 3242.9, 'close_price_m2': 3251.5, 'volume_m2': 2079473, 'stock_id_m3': 8, 'trade_date_m3': datetime.date(2025, 12, 26), 'open_price_m3': 3313.1, 'high_price_m3': 3320.0, 'low_price_m3': 3271.8, 'close_price_m3': 3280.0, 'volume_m3': 1176664, 'stock_id_m4': 8, 'trade_date_m4': datetime.date(2025, 12, 24), 'open_price_m4': 3304.1, 'high_price_m4': 3327.1, 'low_price_m4': 3296.1, 'close_price_m4': 3319.0, 'volume_m4': 1367708, 'stock_id_m5': 8, 'trade_date_m5': datetime.date(2025, 12, 23), 'open_price_m5': 3319.9, 'high_price_m5': 3319.9, 'low_price_m5': 3293.5, 'close_price_m5': 3310.0, 'volume_m5': 2365420, 'stock_id_m6': 8, 'trade_date_m6': datetime.date(2025, 12, 22), 'open_price_m6': 3310.0, 'high_price_m6': 3328.6, 'low_price_m6': 3291.0, 'close_price_m6': 3324.9, 'volume_m6': 2632816, 'stock_id_m7': 8 ... 2840 parameters truncated ... 'volume_m412': 2228342, 'stock_id_m413': 8, 'trade_date_m413': datetime.date(2026, 1, 9), 'open_price_m413': 3191.0, 'high_price_m413': 3229.7, 'low_price_m413': 3191.0, 'close_price_m413': 3207.8, 'volume_m413': 1938673, 'stock_id_m414': 8, 'trade_date_m414': datetime.date(2026, 1, 8), 'open_price_m414': 3286.9, 'high_price_m414': 3286.9, 'low_price_m414': 3182.0, 'close_price_m414': 3203.9, 'volume_m414': 4159336, 'stock_id_m415': 8, 'trade_date_m415': datetime.date(2026, 1, 7), 'open_price_m415': 3242.9, 'high_price_m415': 3300.6, 'low_price_m415': 3223.2, 'close_price_m415': 3295.6, 'volume_m415': 1989442, 'stock_id_m416': 8, 'trade_date_m416': datetime.date(2026, 1, 6), 'open_price_m416': 3210.0, 'high_price_m416': 3263.2, 'low_price_m416': 3205.0, 'close_price_m416': 3255.8, 'volume_m416': 2912325, 'stock_id_m417': 8, 'trade_date_m417': datetime.date(2026, 1, 5), 'open_price_m417': 3240.5, 'high_price_m417': 3247.0, 'low_price_m417': 3191.0, 'close_price_m417': 3216.1, 'volume_m417': 2341703, 'stock_id_m418': 8, 'trade_date_m418': datetime.date(2026, 1, 2), 'open_price_m418': 3234.0, 'high_price_m418': 3254.3, 'low_price_m418': 3219.5, 'close_price_m418': 3250.7, 'volume_m418': 1184324, 'stock_id_m419': 8, 'trade_date_m419': datetime.date(2026, 1, 1), 'open_price_m419': 3215.0, 'high_price_m419': 3234.1, 'low_price_m419': 3198.2, 'close_price_m419': 3227.4, 'volume_m419': 1255735}]
(Background on this error at: https://sqlalche.me/e/20/e3q8)
[2026-09-03 23:52:17] [INFO] [cnx200_dashboard:historical_data_service.py:144] - Historical Backfill Finished. Total Stocks: 3, Success: 1, Failed: 2, Total Records: 427.
[2026-09-03 23:52:17] [ERROR] [cnx200_dashboard:ingestion_service.py:142] - Critical failure in historical backfill job: Instance '<JobRun at 0x26d3a45f620>' has been deleted, or its row is otherwise not present.
[2026-09-03 23:52:17] [ERROR] [cnx200_dashboard:connection.py:64] - Database session error. Transaction rolled back: Instance '<JobRun at 0x26d3a45f620>' has been deleted, or its row is otherwise not present.
[2026-09-03 23:52:19] [INFO] [cnx200_dashboard:nse_client.py:69] - Retrieved 249 price records for SRF.
[2026-09-03 23:52:19] [INFO] [cnx200_dashboard:repositories.py:164] - Bulk upserted 249 price records into daily_prices.
[2026-09-03 23:52:19] [INFO] [cnx200_dashboard:historical_data_service.py:122] - [OK] [165/196] 'SRF' backfill complete: 249 records upserted.
[2026-09-03 23:52:19] [INFO] [cnx200_dashboard:historical_data_service.py:71] - [166/196] Processing historical backfill for symbol 'SUNPHARMA'...
[2026-09-03 23:52:19] [INFO] [cnx200_dashboard:nse_client.py:59] - Fetching historical market data for SUNPHARMA from 03-09-2025 to 03-09-2026...
[2026-09-03 23:52:20] [INFO] [cnx200_dashboard:nse_client.py:69] - Retrieved 252 price records for SUNPHARMA.
[2026-09-03 23:52:20] [INFO] [cnx200_dashboard:repositories.py:164] - Bulk upserted 252 price records into daily_prices.
[2026-09-03 23:52:20] [INFO] [cnx200_dashboard:historical_data_service.py:122] - [OK] [166/196] 'SUNPHARMA' backfill complete: 252 records upserted.
[2026-09-03 23:52:20] [INFO] [cnx200_dashboard:historical_data_service.py:71] - [167/196] Processing historical backfill for symbol 'SUPREMEIND'...
[2026-09-03 23:52:20] [INFO] [cnx200_dashboard:nse_client.py:59] - Fetching historical market data for SUPREMEIND from 03-09-2025 to 03-09-2026...
[2026-09-03 23:52:21] [INFO] [cnx200_dashboard:nse_client.py:69] - Retrieved 249 price records for SUPREMEIND.
[2026-09-03 23:52:22] [INFO] [cnx200_dashboard:repositories.py:164] - Bulk upserted 249 price records into daily_prices.
[2026-09-03 23:52:22] [INFO] [cnx200_dashboard:historical_data_service.py:122] - [OK] [167/196] 'SUPREMEIND' backfill complete: 249 records upserted.
[2026-09-03 23:52:22] [INFO] [cnx200_dashboard:historical_data_service.py:71] - [168/196] Processing historical backfill for symbol 'SUZLON'...
[2026-09-03 23:52:22] [INFO] [cnx200_dashboard:nse_client.py:59] - Fetching historical market data for SUZLON from 03-09-2025 to 03-09-2026...
[2026-09-03 23:52:23] [INFO] [cnx200_dashboard:nse_client.py:69] - Retrieved 250 price records for SUZLON.
[2026-09-03 23:52:23] [INFO] [cnx200_dashboard:repositories.py:164] - Bulk upserted 250 price records into daily_prices.
[2026-09-03 23:52:23] [INFO] [cnx200_dashboard:historical_data_service.py:122] - [OK] [168/196] 'SUZLON' backfill complete: 250 records upserted.
[2026-09-03 23:52:23] [INFO] [cnx200_dashboard:historical_data_service.py:71] - [169/196] Processing historical backfill for symbol 'SWIGGY'...
[2026-09-03 23:52:23] [INFO] [cnx200_dashboard:nse_client.py:59] - Fetching historical market data for SWIGGY from 03-09-2025 to 03-09-2026...
[2026-09-03 23:52:25] [INFO] [cnx200_dashboard:nse_client.py:69] - Retrieved 252 price records for SWIGGY.
[2026-09-03 23:52:26] [INFO] [cnx200_dashboard:repositories.py:164] - Bulk upserted 252 price records into daily_prices.
[2026-09-03 23:52:26] [INFO] [cnx200_dashboard:historical_data_service.py:122] - [OK] [169/196] 'SWIGGY' backfill complete: 252 records upserted.
[2026-09-03 23:52:26] [INFO] [cnx200_dashboard:historical_data_service.py:71] - [170/196] Processing historical backfill for symbol 'TATACAP'...
[2026-09-03 23:52:26] [INFO] [cnx200_dashboard:nse_client.py:59] - Fetching historical market data for TATACAP from 03-09-2025 to 03-09-2026...
[2026-09-03 23:52:27] [INFO] [cnx200_dashboard:nse_client.py:69] - Retrieved 224 price records for TATACAP.
[2026-09-03 23:52:27] [INFO] [cnx200_dashboard:repositories.py:164] - Bulk upserted 224 price records into daily_prices.
[2026-09-03 23:52:27] [INFO] [cnx200_dashboard:historical_data_service.py:122] - [OK] [170/196] 'TATACAP' backfill complete: 224 records upserted.
[2026-09-03 23:52:27] [INFO] [cnx200_dashboard:historical_data_service.py:71] - [171/196] Processing historical backfill for symbol 'TATACOMM'...
[2026-09-03 23:52:27] [INFO] [cnx200_dashboard:nse_client.py:59] - Fetching historical market data for TATACOMM from 03-09-2025 to 03-09-2026...
[2026-09-03 23:52:28] [INFO] [cnx200_dashboard:nse_client.py:69] - Retrieved 250 price records for TATACOMM.
[2026-09-03 23:52:29] [INFO] [cnx200_dashboard:repositories.py:164] - Bulk upserted 250 price records into daily_prices.
[2026-09-03 23:52:29] [INFO] [cnx200_dashboard:historical_data_service.py:122] - [OK] [171/196] 'TATACOMM' backfill complete: 250 records upserted.
[2026-09-03 23:52:29] [INFO] [cnx200_dashboard:historical_data_service.py:71] - [172/196] Processing historical backfill for symbol 'TATACONSUM'...
[2026-09-03 23:52:29] [INFO] [cnx200_dashboard:nse_client.py:59] - Fetching historical market data for TATACONSUM from 03-09-2025 to 03-09-2026...
[2026-09-03 23:52:30] [INFO] [cnx200_dashboard:nse_client.py:69] - Retrieved 249 price records for TATACONSUM.
[2026-09-03 23:52:30] [INFO] [cnx200_dashboard:repositories.py:164] - Bulk upserted 249 price records into daily_prices.
[2026-09-03 23:52:30] [INFO] [cnx200_dashboard:historical_data_service.py:122] - [OK] [172/196] 'TATACONSUM' backfill complete: 249 records upserted.
[2026-09-03 23:52:30] [INFO] [cnx200_dashboard:historical_data_service.py:71] - [173/196] Processing historical backfill for symbol 'TATAELXSI'...
[2026-09-03 23:52:30] [INFO] [cnx200_dashboard:nse_client.py:59] - Fetching historical market data for TATAELXSI from 03-09-2025 to 03-09-2026...
[2026-09-03 23:52:31] [INFO] [cnx200_dashboard:nse_client.py:69] - Retrieved 249 price records for TATAELXSI.
[2026-09-03 23:52:32] [INFO] [cnx200_dashboard:repositories.py:164] - Bulk upserted 249 price records into daily_prices.
[2026-09-03 23:52:32] [INFO] [cnx200_dashboard:historical_data_service.py:122] - [OK] [173/196] 'TATAELXSI' backfill complete: 249 records upserted.
[2026-09-03 23:52:32] [INFO] [cnx200_dashboard:historical_data_service.py:71] - [174/196] Processing historical backfill for symbol 'TATAINVEST'...
[2026-09-03 23:52:32] [INFO] [cnx200_dashboard:nse_client.py:59] - Fetching historical market data for TATAINVEST from 03-09-2025 to 03-09-2026...
[2026-09-03 23:52:33] [INFO] [cnx200_dashboard:nse_client.py:69] - Retrieved 249 price records for TATAINVEST.
[2026-09-03 23:52:33] [INFO] [cnx200_dashboard:repositories.py:164] - Bulk upserted 249 price records into daily_prices.
[2026-09-03 23:52:33] [INFO] [cnx200_dashboard:historical_data_service.py:122] - [OK] [174/196] 'TATAINVEST' backfill complete: 249 records upserted.
[2026-09-03 23:52:33] [INFO] [cnx200_dashboard:historical_data_service.py:71] - [175/196] Processing historical backfill for symbol 'TATAPOWER'...
[2026-09-03 23:52:33] [INFO] [cnx200_dashboard:nse_client.py:59] - Fetching historical market data for TATAPOWER from 03-09-2025 to 03-09-2026...
[2026-09-03 23:52:34] [INFO] [cnx200_dashboard:nse_client.py:69] - Retrieved 249 price records for TATAPOWER.
[2026-09-03 23:52:34] [INFO] [cnx200_dashboard:repositories.py:164] - Bulk upserted 249 price records into daily_prices.
[2026-09-03 23:52:34] [INFO] [cnx200_dashboard:historical_data_service.py:122] - [OK] [175/196] 'TATAPOWER' backfill complete: 249 records upserted.
[2026-09-03 23:52:34] [INFO] [cnx200_dashboard:historical_data_service.py:71] - [176/196] Processing historical backfill for symbol 'TATASTEEL'...
[2026-09-03 23:52:35] [INFO] [cnx200_dashboard:nse_client.py:59] - Fetching historical market data for TATASTEEL from 03-09-2025 to 03-09-2026...
[2026-09-03 23:52:36] [INFO] [cnx200_dashboard:nse_client.py:69] - Retrieved 257 price records for TATASTEEL.
[2026-09-03 23:52:36] [INFO] [cnx200_dashboard:repositories.py:164] - Bulk upserted 257 price records into daily_prices.
[2026-09-03 23:52:36] [INFO] [cnx200_dashboard:historical_data_service.py:122] - [OK] [176/196] 'TATASTEEL' backfill complete: 257 records upserted.
[2026-09-03 23:52:36] [INFO] [cnx200_dashboard:historical_data_service.py:71] - [177/196] Processing historical backfill for symbol 'TECHM'...
[2026-09-03 23:52:36] [INFO] [cnx200_dashboard:nse_client.py:59] - Fetching historical market data for TECHM from 03-09-2025 to 03-09-2026...
[2026-09-03 23:52:37] [INFO] [cnx200_dashboard:nse_client.py:69] - Retrieved 250 price records for TECHM.
[2026-09-03 23:52:38] [INFO] [cnx200_dashboard:repositories.py:164] - Bulk upserted 250 price records into daily_prices.
[2026-09-03 23:52:38] [INFO] [cnx200_dashboard:historical_data_service.py:122] - [OK] [177/196] 'TECHM' backfill complete: 250 records upserted.
[2026-09-03 23:52:38] [INFO] [cnx200_dashboard:historical_data_service.py:71] - [178/196] Processing historical backfill for symbol 'TIINDIA'...
[2026-09-03 23:52:38] [INFO] [cnx200_dashboard:nse_client.py:59] - Fetching historical market data for TIINDIA from 03-09-2025 to 03-09-2026...
[2026-09-03 23:52:39] [INFO] [cnx200_dashboard:nse_client.py:69] - Retrieved 249 price records for TIINDIA.
[2026-09-03 23:52:39] [INFO] [cnx200_dashboard:repositories.py:164] - Bulk upserted 249 price records into daily_prices.
[2026-09-03 23:52:39] [INFO] [cnx200_dashboard:historical_data_service.py:122] - [OK] [178/196] 'TIINDIA' backfill complete: 249 records upserted.
[2026-09-03 23:52:39] [INFO] [cnx200_dashboard:historical_data_service.py:71] - [179/196] Processing historical backfill for symbol 'TITAN'...
[2026-09-03 23:52:39] [INFO] [cnx200_dashboard:nse_client.py:59] - Fetching historical market data for TITAN from 03-09-2025 to 03-09-2026...
[2026-09-03 23:52:41] [INFO] [cnx200_dashboard:nse_client.py:69] - Retrieved 250 price records for TITAN.
[2026-09-03 23:52:41] [INFO] [cnx200_dashboard:repositories.py:164] - Bulk upserted 250 price records into daily_prices.
[2026-09-03 23:52:41] [INFO] [cnx200_dashboard:historical_data_service.py:122] - [OK] [179/196] 'TITAN' backfill complete: 250 records upserted.
[2026-09-03 23:52:41] [INFO] [cnx200_dashboard:historical_data_service.py:71] - [180/196] Processing historical backfill for symbol 'TMCV'...
[2026-09-03 23:52:41] [INFO] [cnx200_dashboard:nse_client.py:59] - Fetching historical market data for TMCV from 03-09-2025 to 03-09-2026...
[2026-09-03 23:52:42] [INFO] [cnx200_dashboard:nse_client.py:69] - Retrieved 204 price records for TMCV.
[2026-09-03 23:52:42] [INFO] [cnx200_dashboard:repositories.py:164] - Bulk upserted 204 price records into daily_prices.
[2026-09-03 23:52:42] [INFO] [cnx200_dashboard:historical_data_service.py:122] - [OK] [180/196] 'TMCV' backfill complete: 204 records upserted.
[2026-09-03 23:52:42] [INFO] [cnx200_dashboard:historical_data_service.py:71] - [181/196] Processing historical backfill for symbol 'TMPV'...
[2026-09-03 23:52:42] [INFO] [cnx200_dashboard:nse_client.py:59] - Fetching historical market data for TMPV from 03-09-2025 to 03-09-2026...
[2026-09-03 23:52:44] [INFO] [cnx200_dashboard:nse_client.py:69] - Retrieved 251 price records for TMPV.
[2026-09-03 23:52:44] [WARNING] [cnx200_dashboard:data_validator.py:95] - Validation failed for record TATAMOTORS (2025-10-23): Symbol 'TATAMOTORS' is not present in stock_master.
[2026-09-03 23:52:44] [WARNING] [cnx200_dashboard:data_validator.py:95] - Validation failed for record TATAMOTORS (2025-10-21): Symbol 'TATAMOTORS' is not present in stock_master.
[2026-09-03 23:52:44] [WARNING] [cnx200_dashboard:data_validator.py:95] - Validation failed for record TATAMOTORS (2025-10-20): Symbol 'TATAMOTORS' is not present in stock_master.
[2026-09-03 23:52:44] [WARNING] [cnx200_dashboard:data_validator.py:95] - Validation failed for record TATAMOTORS (2025-10-17): Symbol 'TATAMOTORS' is not present in stock_master.
[2026-09-03 23:52:44] [WARNING] [cnx200_dashboard:data_validator.py:95] - Validation failed for record TATAMOTORS (2025-10-16): Symbol 'TATAMOTORS' is not present in stock_master.
[2026-09-03 23:52:44] [WARNING] [cnx200_dashboard:data_validator.py:95] - Validation failed for record TATAMOTORS (2025-10-15): Symbol 'TATAMOTORS' is not present in stock_master.
[2026-09-03 23:52:44] [WARNING] [cnx200_dashboard:data_validator.py:95] - Validation failed for record TATAMOTORS (2025-10-14): Symbol 'TATAMOTORS' is not present in stock_master.
[2026-09-03 23:52:44] [WARNING] [cnx200_dashboard:data_validator.py:95] - Validation failed for record TATAMOTORS (2025-10-13): Symbol 'TATAMOTORS' is not present in stock_master.
[2026-09-03 23:52:44] [WARNING] [cnx200_dashboard:data_validator.py:95] - Validation failed for record TATAMOTORS (2025-10-10): Symbol 'TATAMOTORS' is not present in stock_master.
[2026-09-03 23:52:44] [WARNING] [cnx200_dashboard:data_validator.py:95] - Validation failed for record TATAMOTORS (2025-10-09): Symbol 'TATAMOTORS' is not present in stock_master.
[2026-09-03 23:52:44] [WARNING] [cnx200_dashboard:data_validator.py:95] - Validation failed for record TATAMOTORS (2025-10-09): Symbol 'TATAMOTORS' is not present in stock_master.
[2026-09-03 23:52:44] [WARNING] [cnx200_dashboard:data_validator.py:95] - Validation failed for record TATAMOTORS (2025-10-08): Symbol 'TATAMOTORS' is not present in stock_master.
[2026-09-03 23:52:44] [WARNING] [cnx200_dashboard:data_validator.py:95] - Validation failed for record TATAMOTORS (2025-10-07): Symbol 'TATAMOTORS' is not present in stock_master.
[2026-09-03 23:52:44] [WARNING] [cnx200_dashboard:data_validator.py:95] - Validation failed for record TATAMOTORS (2025-10-06): Symbol 'TATAMOTORS' is not present in stock_master.
[2026-09-03 23:52:44] [WARNING] [cnx200_dashboard:data_validator.py:95] - Validation failed for record TATAMOTORS (2025-10-03): Symbol 'TATAMOTORS' is not present in stock_master.
[2026-09-03 23:52:44] [WARNING] [cnx200_dashboard:data_validator.py:95] - Validation failed for record TATAMOTORS (2025-10-01): Symbol 'TATAMOTORS' is not present in stock_master.
[2026-09-03 23:52:44] [WARNING] [cnx200_dashboard:data_validator.py:95] - Validation failed for record TATAMOTORS (2025-09-30): Symbol 'TATAMOTORS' is not present in stock_master.
[2026-09-03 23:52:44] [WARNING] [cnx200_dashboard:data_validator.py:95] - Validation failed for record TATAMOTORS (2025-09-29): Symbol 'TATAMOTORS' is not present in stock_master.
[2026-09-03 23:52:44] [WARNING] [cnx200_dashboard:data_validator.py:95] - Validation failed for record TATAMOTORS (2025-09-26): Symbol 'TATAMOTORS' is not present in stock_master.
[2026-09-03 23:52:44] [WARNING] [cnx200_dashboard:data_validator.py:95] - Validation failed for record TATAMOTORS (2025-09-25): Symbol 'TATAMOTORS' is not present in stock_master.
[2026-09-03 23:52:44] [WARNING] [cnx200_dashboard:data_validator.py:95] - Validation failed for record TATAMOTORS (2025-09-24): Symbol 'TATAMOTORS' is not present in stock_master.
[2026-09-03 23:52:44] [WARNING] [cnx200_dashboard:data_validator.py:95] - Validation failed for record TATAMOTORS (2025-09-23): Symbol 'TATAMOTORS' is not present in stock_master.
[2026-09-03 23:52:44] [WARNING] [cnx200_dashboard:data_validator.py:95] - Validation failed for record TATAMOTORS (2025-09-22): Symbol 'TATAMOTORS' is not present in stock_master.
[2026-09-03 23:52:44] [WARNING] [cnx200_dashboard:data_validator.py:95] - Validation failed for record TATAMOTORS (2025-09-19): Symbol 'TATAMOTORS' is not present in stock_master.
[2026-09-03 23:52:44] [WARNING] [cnx200_dashboard:data_validator.py:95] - Validation failed for record TATAMOTORS (2025-09-18): Symbol 'TATAMOTORS' is not present in stock_master.
[2026-09-03 23:52:44] [WARNING] [cnx200_dashboard:data_validator.py:95] - Validation failed for record TATAMOTORS (2025-09-17): Symbol 'TATAMOTORS' is not present in stock_master.
[2026-09-03 23:52:44] [WARNING] [cnx200_dashboard:data_validator.py:95] - Validation failed for record TATAMOTORS (2025-09-16): Symbol 'TATAMOTORS' is not present in stock_master.
[2026-09-03 23:52:44] [WARNING] [cnx200_dashboard:data_validator.py:95] - Validation failed for record TATAMOTORS (2025-09-15): Symbol 'TATAMOTORS' is not present in stock_master.
[2026-09-03 23:52:44] [WARNING] [cnx200_dashboard:data_validator.py:95] - Validation failed for record TATAMOTORS (2025-09-12): Symbol 'TATAMOTORS' is not present in stock_master.
[2026-09-03 23:52:44] [WARNING] [cnx200_dashboard:data_validator.py:95] - Validation failed for record TATAMOTORS (2025-09-11): Symbol 'TATAMOTORS' is not present in stock_master.
[2026-09-03 23:52:44] [WARNING] [cnx200_dashboard:data_validator.py:95] - Validation failed for record TATAMOTORS (2025-09-10): Symbol 'TATAMOTORS' is not present in stock_master.
[2026-09-03 23:52:44] [WARNING] [cnx200_dashboard:data_validator.py:95] - Validation failed for record TATAMOTORS (2025-09-09): Symbol 'TATAMOTORS' is not present in stock_master.
[2026-09-03 23:52:44] [WARNING] [cnx200_dashboard:data_validator.py:95] - Validation failed for record TATAMOTORS (2025-09-09): Symbol 'TATAMOTORS' is not present in stock_master.
[2026-09-03 23:52:44] [WARNING] [cnx200_dashboard:data_validator.py:95] - Validation failed for record TATAMOTORS (2025-09-08): Symbol 'TATAMOTORS' is not present in stock_master.
[2026-09-03 23:52:44] [WARNING] [cnx200_dashboard:data_validator.py:95] - Validation failed for record TATAMOTORS (2025-09-05): Symbol 'TATAMOTORS' is not present in stock_master.
[2026-09-03 23:52:44] [WARNING] [cnx200_dashboard:data_validator.py:95] - Validation failed for record TATAMOTORS (2025-09-04): Symbol 'TATAMOTORS' is not present in stock_master.
[2026-09-03 23:52:44] [WARNING] [cnx200_dashboard:data_validator.py:95] - Validation failed for record TATAMOTORS (2025-09-03): Symbol 'TATAMOTORS' is not present in stock_master.
[2026-09-03 23:52:44] [INFO] [cnx200_dashboard:repositories.py:164] - Bulk upserted 214 price records into daily_prices.
[2026-09-03 23:52:44] [INFO] [cnx200_dashboard:historical_data_service.py:122] - [OK] [181/196] 'TMPV' backfill complete: 214 records upserted.
[2026-09-03 23:52:44] [INFO] [cnx200_dashboard:historical_data_service.py:71] - [182/196] Processing historical backfill for symbol 'TORNTPHARM'...
[2026-09-03 23:52:44] [INFO] [cnx200_dashboard:nse_client.py:59] - Fetching historical market data for TORNTPHARM from 03-09-2025 to 03-09-2026...
[2026-09-03 23:52:45] [INFO] [cnx200_dashboard:nse_client.py:69] - Retrieved 249 price records for TORNTPHARM.
[2026-09-03 23:52:45] [INFO] [cnx200_dashboard:repositories.py:164] - Bulk upserted 249 price records into daily_prices.
[2026-09-03 23:52:45] [INFO] [cnx200_dashboard:historical_data_service.py:122] - [OK] [182/196] 'TORNTPHARM' backfill complete: 249 records upserted.
[2026-09-03 23:52:45] [INFO] [cnx200_dashboard:historical_data_service.py:71] - [183/196] Processing historical backfill for symbol 'TRENT'...
[2026-09-03 23:52:45] [INFO] [cnx200_dashboard:nse_client.py:59] - Fetching historical market data for TRENT from 03-09-2025 to 03-09-2026...
[2026-09-03 23:52:47] [INFO] [cnx200_dashboard:nse_client.py:69] - Retrieved 249 price records for TRENT.
[2026-09-03 23:52:47] [INFO] [cnx200_dashboard:repositories.py:164] - Bulk upserted 249 price records into daily_prices.
[2026-09-03 23:52:47] [INFO] [cnx200_dashboard:historical_data_service.py:122] - [OK] [183/196] 'TRENT' backfill complete: 249 records upserted.
[2026-09-03 23:52:47] [INFO] [cnx200_dashboard:historical_data_service.py:71] - [184/196] Processing historical backfill for symbol 'TVSMOTOR'...
[2026-09-03 23:52:47] [INFO] [cnx200_dashboard:nse_client.py:59] - Fetching historical market data for TVSMOTOR from 03-09-2025 to 03-09-2026...
[2026-09-03 23:52:50] [INFO] [cnx200_dashboard:nse_client.py:69] - Retrieved 249 price records for TVSMOTOR.
[2026-09-03 23:52:50] [INFO] [cnx200_dashboard:repositories.py:164] - Bulk upserted 249 price records into daily_prices.
[2026-09-03 23:52:50] [INFO] [cnx200_dashboard:historical_data_service.py:122] - [OK] [184/196] 'TVSMOTOR' backfill complete: 249 records upserted.
[2026-09-03 23:52:50] [INFO] [cnx200_dashboard:historical_data_service.py:71] - [185/196] Processing historical backfill for symbol 'ULTRACEMCO'...
[2026-09-03 23:52:50] [INFO] [cnx200_dashboard:nse_client.py:59] - Fetching historical market data for ULTRACEMCO from 03-09-2025 to 03-09-2026...
[2026-09-03 23:52:52] [INFO] [cnx200_dashboard:nse_client.py:69] - Retrieved 249 price records for ULTRACEMCO.
[2026-09-03 23:52:52] [INFO] [cnx200_dashboard:repositories.py:164] - Bulk upserted 249 price records into daily_prices.
[2026-09-03 23:52:52] [INFO] [cnx200_dashboard:historical_data_service.py:122] - [OK] [185/196] 'ULTRACEMCO' backfill complete: 249 records upserted.
[2026-09-03 23:52:52] [INFO] [cnx200_dashboard:historical_data_service.py:71] - [186/196] Processing historical backfill for symbol 'UNIONBANK'...
[2026-09-03 23:52:52] [INFO] [cnx200_dashboard:nse_client.py:59] - Fetching historical market data for UNIONBANK from 03-09-2025 to 03-09-2026...
[2026-09-03 23:52:55] [INFO] [cnx200_dashboard:nse_client.py:69] - Retrieved 249 price records for UNIONBANK.
[2026-09-03 23:52:56] [INFO] [cnx200_dashboard:repositories.py:164] - Bulk upserted 249 price records into daily_prices.
[2026-09-03 23:52:56] [INFO] [cnx200_dashboard:historical_data_service.py:122] - [OK] [186/196] 'UNIONBANK' backfill complete: 249 records upserted.
[2026-09-03 23:52:56] [INFO] [cnx200_dashboard:historical_data_service.py:71] - [187/196] Processing historical backfill for symbol 'UNITDSPR'...
[2026-09-03 23:52:56] [INFO] [cnx200_dashboard:nse_client.py:59] - Fetching historical market data for UNITDSPR from 03-09-2025 to 03-09-2026...
[2026-09-03 23:52:57] [INFO] [cnx200_dashboard:nse_client.py:69] - Retrieved 249 price records for UNITDSPR.
[2026-09-03 23:52:57] [INFO] [cnx200_dashboard:repositories.py:164] - Bulk upserted 249 price records into daily_prices.
[2026-09-03 23:52:57] [INFO] [cnx200_dashboard:historical_data_service.py:122] - [OK] [187/196] 'UNITDSPR' backfill complete: 249 records upserted.
[2026-09-03 23:52:57] [INFO] [cnx200_dashboard:historical_data_service.py:71] - [188/196] Processing historical backfill for symbol 'UPL'...
[2026-09-03 23:52:57] [INFO] [cnx200_dashboard:nse_client.py:59] - Fetching historical market data for UPL from 03-09-2025 to 03-09-2026...
[2026-09-03 23:52:58] [INFO] [cnx200_dashboard:nse_client.py:69] - Retrieved 249 price records for UPL.
[2026-09-03 23:52:59] [INFO] [cnx200_dashboard:repositories.py:164] - Bulk upserted 249 price records into daily_prices.
[2026-09-03 23:52:59] [INFO] [cnx200_dashboard:historical_data_service.py:122] - [OK] [188/196] 'UPL' backfill complete: 249 records upserted.
[2026-09-03 23:52:59] [INFO] [cnx200_dashboard:historical_data_service.py:71] - [189/196] Processing historical backfill for symbol 'VBL'...
[2026-09-03 23:52:59] [INFO] [cnx200_dashboard:nse_client.py:59] - Fetching historical market data for VBL from 03-09-2025 to 03-09-2026...
[2026-09-03 23:53:00] [INFO] [cnx200_dashboard:nse_client.py:69] - Retrieved 253 price records for VBL.
[2026-09-03 23:53:00] [INFO] [cnx200_dashboard:repositories.py:164] - Bulk upserted 253 price records into daily_prices.
[2026-09-03 23:53:00] [INFO] [cnx200_dashboard:historical_data_service.py:122] - [OK] [189/196] 'VBL' backfill complete: 253 records upserted.
[2026-09-03 23:53:00] [INFO] [cnx200_dashboard:historical_data_service.py:71] - [190/196] Processing historical backfill for symbol 'VEDL'...
[2026-09-03 23:53:00] [INFO] [cnx200_dashboard:nse_client.py:59] - Fetching historical market data for VEDL from 03-09-2025 to 03-09-2026...
[2026-09-03 23:53:03] [INFO] [cnx200_dashboard:nse_client.py:69] - Retrieved 253 price records for VEDL.
[2026-09-03 23:53:04] [INFO] [cnx200_dashboard:repositories.py:164] - Bulk upserted 253 price records into daily_prices.
[2026-09-03 23:53:04] [INFO] [cnx200_dashboard:historical_data_service.py:122] - [OK] [190/196] 'VEDL' backfill complete: 253 records upserted.
[2026-09-03 23:53:04] [INFO] [cnx200_dashboard:historical_data_service.py:71] - [191/196] Processing historical backfill for symbol 'VMM'...
[2026-09-03 23:53:04] [INFO] [cnx200_dashboard:nse_client.py:59] - Fetching historical market data for VMM from 03-09-2025 to 03-09-2026...
[2026-09-03 23:53:05] [INFO] [cnx200_dashboard:nse_client.py:69] - Retrieved 250 price records for VMM.
[2026-09-03 23:53:05] [INFO] [cnx200_dashboard:repositories.py:164] - Bulk upserted 250 price records into daily_prices.
[2026-09-03 23:53:05] [INFO] [cnx200_dashboard:historical_data_service.py:122] - [OK] [191/196] 'VMM' backfill complete: 250 records upserted.
[2026-09-03 23:53:05] [INFO] [cnx200_dashboard:historical_data_service.py:71] - [192/196] Processing historical backfill for symbol 'VOLTAS'...
[2026-09-03 23:53:05] [INFO] [cnx200_dashboard:nse_client.py:59] - Fetching historical market data for VOLTAS from 03-09-2025 to 03-09-2026...
[2026-09-03 23:53:06] [INFO] [cnx200_dashboard:nse_client.py:69] - Retrieved 249 price records for VOLTAS.
[2026-09-03 23:53:07] [INFO] [cnx200_dashboard:repositories.py:164] - Bulk upserted 249 price records into daily_prices.
[2026-09-03 23:53:07] [INFO] [cnx200_dashboard:historical_data_service.py:122] - [OK] [192/196] 'VOLTAS' backfill complete: 249 records upserted.
[2026-09-03 23:53:07] [INFO] [cnx200_dashboard:historical_data_service.py:71] - [193/196] Processing historical backfill for symbol 'WAAREEENER'...
[2026-09-03 23:53:07] [INFO] [cnx200_dashboard:nse_client.py:59] - Fetching historical market data for WAAREEENER from 03-09-2025 to 03-09-2026...
[2026-09-03 23:53:08] [INFO] [cnx200_dashboard:nse_client.py:69] - Retrieved 250 price records for WAAREEENER.
[2026-09-03 23:53:08] [INFO] [cnx200_dashboard:repositories.py:164] - Bulk upserted 250 price records into daily_prices.
[2026-09-03 23:53:08] [INFO] [cnx200_dashboard:historical_data_service.py:122] - [OK] [193/196] 'WAAREEENER' backfill complete: 250 records upserted.
[2026-09-03 23:53:08] [INFO] [cnx200_dashboard:historical_data_service.py:71] - [194/196] Processing historical backfill for symbol 'WIPRO'...
[2026-09-03 23:53:08] [INFO] [cnx200_dashboard:nse_client.py:59] - Fetching historical market data for WIPRO from 03-09-2025 to 03-09-2026...
[2026-09-03 23:53:12] [INFO] [cnx200_dashboard:nse_client.py:69] - Retrieved 258 price records for WIPRO.
[2026-09-03 23:53:12] [INFO] [cnx200_dashboard:repositories.py:164] - Bulk upserted 258 price records into daily_prices.
[2026-09-03 23:53:12] [INFO] [cnx200_dashboard:historical_data_service.py:122] - [OK] [194/196] 'WIPRO' backfill complete: 258 records upserted.
[2026-09-03 23:53:12] [INFO] [cnx200_dashboard:historical_data_service.py:71] - [195/196] Processing historical backfill for symbol 'YESBANK'...
[2026-09-03 23:53:12] [INFO] [cnx200_dashboard:nse_client.py:59] - Fetching historical market data for YESBANK from 03-09-2025 to 03-09-2026...
[2026-09-03 23:53:13] [INFO] [cnx200_dashboard:nse_client.py:69] - Retrieved 263 price records for YESBANK.
[2026-09-03 23:53:13] [INFO] [cnx200_dashboard:repositories.py:164] - Bulk upserted 263 price records into daily_prices.
[2026-09-03 23:53:13] [INFO] [cnx200_dashboard:historical_data_service.py:122] - [OK] [195/196] 'YESBANK' backfill complete: 263 records upserted.
[2026-09-03 23:53:13] [INFO] [cnx200_dashboard:historical_data_service.py:71] - [196/196] Processing historical backfill for symbol 'ZYDUSLIFE'...
[2026-09-03 23:53:13] [INFO] [cnx200_dashboard:nse_client.py:59] - Fetching historical market data for ZYDUSLIFE from 03-09-2025 to 03-09-2026...
[2026-09-03 23:53:14] [INFO] [cnx200_dashboard:nse_client.py:69] - Retrieved 249 price records for ZYDUSLIFE.
[2026-09-03 23:53:15] [INFO] [cnx200_dashboard:repositories.py:164] - Bulk upserted 249 price records into daily_prices.
[2026-09-03 23:53:15] [INFO] [cnx200_dashboard:historical_data_service.py:122] - [OK] [196/196] 'ZYDUSLIFE' backfill complete: 249 records upserted.
[2026-09-03 23:53:15] [INFO] [cnx200_dashboard:historical_data_service.py:144] - Historical Backfill Finished. Total Stocks: 196, Success: 196, Failed: 0, Total Records: 48862.
[2026-09-03 23:53:15] [INFO] [cnx200_dashboard:repositories.py:291] - Completed JobRun ID 8 with status 'SUCCESS'.
[2026-09-03 23:53:52] [INFO] [cnx200_dashboard:init_db.py:13] - Checking/Creating MySQL Database 'cnx200_rsi_dashboard'...
[2026-09-03 23:53:53] [INFO] [cnx200_dashboard:init_db.py:25] - Database 'cnx200_rsi_dashboard' ensured.
[2026-09-03 23:53:53] [INFO] [cnx200_dashboard:connection.py:34] - SQLAlchemy Database Engine initialized successfully.
[2026-09-03 23:53:53] [INFO] [cnx200_dashboard:init_db.py:31] - Creating tables, foreign keys, and indexes if they do not exist...
[2026-09-03 23:53:53] [INFO] [cnx200_dashboard:init_db.py:34] - All database tables initialized successfully.
[2026-09-03 23:53:53] [INFO] [cnx200_dashboard:connection.py:79] - Database connection test successful on target 'cnx200_rsi_dashboard'.
[2026-09-03 23:53:53] [INFO] [cnx200_dashboard:repositories.py:28] - Stock 'RELIANCE' already exists in stock_master (ID: 7).
[2026-09-03 23:53:53] [INFO] [cnx200_dashboard:repositories.py:28] - Stock 'TCS' already exists in stock_master (ID: 8).
[2026-09-03 23:53:53] [INFO] [cnx200_dashboard:repositories.py:164] - Bulk upserted 1 price records into daily_prices.
[2026-09-03 23:53:53] [INFO] [cnx200_dashboard:repositories.py:164] - Bulk upserted 1 price records into daily_prices.
[2026-09-03 23:53:53] [INFO] [cnx200_dashboard:repositories.py:247] - Created JobRun 'Daily Market Update' (ID: 13).
[2026-09-03 23:53:53] [WARNING] [cnx200_dashboard:repositories.py:317] - Logged JobError for JobRun ID 13 (Type: API_TIMEOUT).
[2026-09-03 23:53:53] [INFO] [cnx200_dashboard:repositories.py:291] - Completed JobRun ID 13 with status 'PARTIAL_SUCCESS'.
[2026-09-03 23:54:20] [INFO] [cnx200_dashboard:init_db.py:13] - Checking/Creating MySQL Database 'cnx200_rsi_dashboard'...
[2026-09-03 23:54:20] [INFO] [cnx200_dashboard:init_db.py:25] - Database 'cnx200_rsi_dashboard' ensured.
[2026-09-03 23:54:20] [INFO] [cnx200_dashboard:connection.py:34] - SQLAlchemy Database Engine initialized successfully.
[2026-09-03 23:54:20] [INFO] [cnx200_dashboard:init_db.py:31] - Creating tables, foreign keys, and indexes if they do not exist...
[2026-09-03 23:54:20] [INFO] [cnx200_dashboard:init_db.py:34] - All database tables initialized successfully.
[2026-09-03 23:54:20] [INFO] [cnx200_dashboard:connection.py:79] - Database connection test successful on target 'cnx200_rsi_dashboard'.
[2026-09-03 23:54:20] [INFO] [cnx200_dashboard:repositories.py:28] - Stock 'RELIANCE' already exists in stock_master (ID: 7).
[2026-09-03 23:54:20] [INFO] [cnx200_dashboard:repositories.py:28] - Stock 'TCS' already exists in stock_master (ID: 8).
[2026-09-03 23:54:20] [INFO] [cnx200_dashboard:repositories.py:164] - Bulk upserted 1 price records into daily_prices.
[2026-09-03 23:54:20] [INFO] [cnx200_dashboard:repositories.py:164] - Bulk upserted 1 price records into daily_prices.
[2026-09-03 23:54:20] [INFO] [cnx200_dashboard:repositories.py:247] - Created JobRun 'Daily Market Update' (ID: 14).
[2026-09-03 23:54:20] [WARNING] [cnx200_dashboard:repositories.py:317] - Logged JobError for JobRun ID 14 (Type: API_TIMEOUT).
[2026-09-03 23:54:20] [INFO] [cnx200_dashboard:repositories.py:291] - Completed JobRun ID 14 with status 'PARTIAL_SUCCESS'.
[2026-09-03 23:54:28] [INFO] [cnx200_dashboard:nse_client.py:28] - Fetching official NIFTY 200 constituents from https://nsearchives.nseindia.com/content/indices/ind_nifty200list.csv...
[2026-09-03 23:54:30] [INFO] [cnx200_dashboard:nse_client.py:36] - Successfully retrieved 200 NIFTY 200 constituents.
[2026-09-03 23:54:30] [INFO] [cnx200_dashboard:nse_client.py:59] - Fetching historical market data for RELIANCE from 01-08-2026 to 15-08-2026...
[2026-09-03 23:54:31] [INFO] [cnx200_dashboard:nse_client.py:69] - Retrieved 10 price records for RELIANCE.
[2026-09-03 23:54:31] [INFO] [cnx200_dashboard:nse_client.py:83] - Fetching NSE Bhavcopy for date 01-09-2026...
[2026-09-03 23:54:33] [INFO] [cnx200_dashboard:nse_client.py:90] - Retrieved Bhavcopy with 3656 total market rows for date 01-09-2026.
[2026-09-03 23:54:44] [INFO] [cnx200_dashboard:init_db.py:13] - Checking/Creating MySQL Database 'cnx200_rsi_dashboard'...
[2026-09-03 23:54:44] [INFO] [cnx200_dashboard:init_db.py:25] - Database 'cnx200_rsi_dashboard' ensured.
[2026-09-03 23:54:44] [INFO] [cnx200_dashboard:connection.py:34] - SQLAlchemy Database Engine initialized successfully.
[2026-09-03 23:54:44] [INFO] [cnx200_dashboard:init_db.py:31] - Creating tables, foreign keys, and indexes if they do not exist...
[2026-09-03 23:54:44] [INFO] [cnx200_dashboard:init_db.py:34] - All database tables initialized successfully.
[2026-09-03 23:54:44] [INFO] [cnx200_dashboard:main.py:65] - Starting NIFTY 200 Universe Synchronization...
[2026-09-03 23:54:44] [INFO] [cnx200_dashboard:repositories.py:247] - Created JobRun 'NIFTY200_UNIVERSE_SYNC' (ID: 15).
[2026-09-03 23:54:44] [INFO] [cnx200_dashboard:stock_universe_service.py:23] - Starting NIFTY 200 Stock Universe Synchronization...
[2026-09-03 23:54:44] [INFO] [cnx200_dashboard:nse_client.py:28] - Fetching official NIFTY 200 constituents from https://nsearchives.nseindia.com/content/indices/ind_nifty200list.csv...
[2026-09-03 23:54:46] [INFO] [cnx200_dashboard:nse_client.py:36] - Successfully retrieved 200 NIFTY 200 constituents.
[2026-09-03 23:54:46] [INFO] [cnx200_dashboard:stock_universe_service.py:114] - Stock universe sync successfully flushed to database session.
[2026-09-03 23:54:46] [INFO] [cnx200_dashboard:stock_universe_service.py:122] - NIFTY 200 Universe Sync complete. Fetched: 200, New: 0, Updated/Retained: 200, Deactivated: 0.
[2026-09-03 23:54:46] [INFO] [cnx200_dashboard:repositories.py:291] - Completed JobRun ID 15 with status 'SUCCESS'.
[2026-09-03 23:54:57] [INFO] [cnx200_dashboard:init_db.py:13] - Checking/Creating MySQL Database 'cnx200_rsi_dashboard'...
[2026-09-03 23:54:57] [INFO] [cnx200_dashboard:init_db.py:25] - Database 'cnx200_rsi_dashboard' ensured.
[2026-09-03 23:54:57] [INFO] [cnx200_dashboard:connection.py:34] - SQLAlchemy Database Engine initialized successfully.
[2026-09-03 23:54:57] [INFO] [cnx200_dashboard:init_db.py:31] - Creating tables, foreign keys, and indexes if they do not exist...
[2026-09-03 23:54:57] [INFO] [cnx200_dashboard:init_db.py:34] - All database tables initialized successfully.
[2026-09-03 23:54:57] [WARNING] [cnx200_dashboard:date_utils.py:35] - Could not parse date string: 'today'
[2026-09-03 23:54:57] [INFO] [cnx200_dashboard:repositories.py:247] - Created JobRun 'NIFTY200_HISTORICAL_BACKFILL' (ID: 16).
[2026-09-03 23:54:57] [INFO] [cnx200_dashboard:historical_data_service.py:37] - Starting Historical Market Data Backfill from 2025-01-01 to 2026-09-03...
[2026-09-03 23:54:57] [INFO] [cnx200_dashboard:historical_data_service.py:67] - Targeting 3 active stocks for historical backfill.
[2026-09-03 23:54:57] [INFO] [cnx200_dashboard:historical_data_service.py:71] - [1/3] Processing historical backfill for symbol 'INFY'...
[2026-09-03 23:54:57] [INFO] [cnx200_dashboard:nse_client.py:59] - Fetching historical market data for INFY from 01-01-2025 to 03-09-2026...
[2026-09-03 23:55:00] [INFO] [cnx200_dashboard:nse_client.py:69] - Retrieved 426 price records for INFY.
[2026-09-03 23:55:01] [INFO] [cnx200_dashboard:repositories.py:164] - Bulk upserted 426 price records into daily_prices.
[2026-09-03 23:55:01] [INFO] [cnx200_dashboard:historical_data_service.py:122] - [OK] [1/3] 'INFY' backfill complete: 426 records upserted.
[2026-09-03 23:55:01] [INFO] [cnx200_dashboard:historical_data_service.py:71] - [2/3] Processing historical backfill for symbol 'RELIANCE'...
[2026-09-03 23:55:01] [INFO] [cnx200_dashboard:nse_client.py:59] - Fetching historical market data for RELIANCE from 01-01-2025 to 03-09-2026...
[2026-09-03 23:55:03] [INFO] [cnx200_dashboard:nse_client.py:69] - Retrieved 427 price records for RELIANCE.
[2026-09-03 23:55:04] [INFO] [cnx200_dashboard:repositories.py:164] - Bulk upserted 427 price records into daily_prices.
[2026-09-03 23:55:04] [INFO] [cnx200_dashboard:historical_data_service.py:122] - [OK] [2/3] 'RELIANCE' backfill complete: 427 records upserted.
[2026-09-03 23:55:04] [INFO] [cnx200_dashboard:historical_data_service.py:71] - [3/3] Processing historical backfill for symbol 'TCS'...
[2026-09-03 23:55:04] [INFO] [cnx200_dashboard:nse_client.py:59] - Fetching historical market data for TCS from 01-01-2025 to 03-09-2026...
[2026-09-03 23:55:06] [INFO] [cnx200_dashboard:nse_client.py:69] - Retrieved 420 price records for TCS.
[2026-09-03 23:55:06] [INFO] [cnx200_dashboard:repositories.py:164] - Bulk upserted 420 price records into daily_prices.
[2026-09-03 23:55:06] [INFO] [cnx200_dashboard:historical_data_service.py:122] - [OK] [3/3] 'TCS' backfill complete: 420 records upserted.
[2026-09-03 23:55:06] [INFO] [cnx200_dashboard:historical_data_service.py:144] - Historical Backfill Finished. Total Stocks: 3, Success: 3, Failed: 0, Total Records: 1273.
[2026-09-03 23:55:06] [INFO] [cnx200_dashboard:repositories.py:291] - Completed JobRun ID 16 with status 'SUCCESS'.
[2026-09-04 00:01:25] [INFO] [cnx200_dashboard:init_db.py:13] - Checking/Creating MySQL Database 'cnx200_rsi_dashboard'...
[2026-09-04 00:01:25] [INFO] [cnx200_dashboard:init_db.py:25] - Database 'cnx200_rsi_dashboard' ensured.
[2026-09-04 00:01:25] [INFO] [cnx200_dashboard:connection.py:34] - SQLAlchemy Database Engine initialized successfully.
[2026-09-04 00:01:25] [INFO] [cnx200_dashboard:init_db.py:31] - Creating tables, foreign keys, and indexes if they do not exist...
[2026-09-04 00:01:26] [INFO] [cnx200_dashboard:init_db.py:34] - All database tables initialized successfully.
[2026-09-04 00:02:37] [INFO] [cnx200_dashboard:init_db.py:13] - Checking/Creating MySQL Database 'cnx200_rsi_dashboard'...
[2026-09-04 00:02:38] [INFO] [cnx200_dashboard:init_db.py:25] - Database 'cnx200_rsi_dashboard' ensured.
[2026-09-04 00:02:38] [INFO] [cnx200_dashboard:connection.py:34] - SQLAlchemy Database Engine initialized successfully.
[2026-09-04 00:02:38] [INFO] [cnx200_dashboard:init_db.py:31] - Creating tables, foreign keys, and indexes if they do not exist...
[2026-09-04 00:02:38] [INFO] [cnx200_dashboard:init_db.py:34] - All database tables initialized successfully.
[2026-09-04 00:02:38] [INFO] [cnx200_dashboard:historical_data_service.py:37] - Starting Historical Market Data Backfill from 2026-05-07 to 2026-09-04...
[2026-09-04 00:02:38] [INFO] [cnx200_dashboard:historical_data_service.py:67] - Targeting 1 active stocks for historical backfill.
[2026-09-04 00:02:38] [INFO] [cnx200_dashboard:historical_data_service.py:71] - [1/1] Processing historical backfill for symbol 'RELIANCE'...
[2026-09-04 00:02:38] [INFO] [cnx200_dashboard:nse_client.py:59] - Fetching historical market data for RELIANCE from 07-05-2026 to 04-09-2026...
[2026-09-04 00:02:39] [INFO] [cnx200_dashboard:nse_client.py:69] - Retrieved 85 price records for RELIANCE.
[2026-09-04 00:02:39] [INFO] [cnx200_dashboard:repositories.py:164] - Bulk upserted 85 price records into daily_prices.
[2026-09-04 00:02:39] [INFO] [cnx200_dashboard:historical_data_service.py:122] - [OK] [1/1] 'RELIANCE' backfill complete: 85 records upserted.
[2026-09-04 00:02:39] [INFO] [cnx200_dashboard:historical_data_service.py:144] - Historical Backfill Finished. Total Stocks: 1, Success: 1, Failed: 0, Total Records: 85.
[2026-09-04 00:03:07] [INFO] [cnx200_dashboard:init_db.py:13] - Checking/Creating MySQL Database 'cnx200_rsi_dashboard'...
[2026-09-04 00:03:07] [INFO] [cnx200_dashboard:init_db.py:25] - Database 'cnx200_rsi_dashboard' ensured.
[2026-09-04 00:03:07] [INFO] [cnx200_dashboard:connection.py:34] - SQLAlchemy Database Engine initialized successfully.
[2026-09-04 00:03:07] [INFO] [cnx200_dashboard:init_db.py:31] - Creating tables, foreign keys, and indexes if they do not exist...
[2026-09-04 00:03:07] [INFO] [cnx200_dashboard:init_db.py:34] - All database tables initialized successfully.
[2026-09-04 00:03:08] [INFO] [cnx200_dashboard:repositories.py:392] - Bulk upserted 394 RSI metrics into stock_rsi_metrics.
[2026-09-04 00:03:38] [INFO] [cnx200_dashboard:init_db.py:13] - Checking/Creating MySQL Database 'cnx200_rsi_dashboard'...
[2026-09-04 00:03:38] [INFO] [cnx200_dashboard:init_db.py:25] - Database 'cnx200_rsi_dashboard' ensured.
[2026-09-04 00:03:38] [INFO] [cnx200_dashboard:connection.py:34] - SQLAlchemy Database Engine initialized successfully.
[2026-09-04 00:03:38] [INFO] [cnx200_dashboard:init_db.py:31] - Creating tables, foreign keys, and indexes if they do not exist...
[2026-09-04 00:03:38] [INFO] [cnx200_dashboard:init_db.py:34] - All database tables initialized successfully.
[2026-09-04 00:03:38] [INFO] [cnx200_dashboard:stock_universe_service.py:23] - Starting NIFTY 200 Stock Universe Synchronization...
[2026-09-04 00:03:38] [INFO] [cnx200_dashboard:nse_client.py:28] - Fetching official NIFTY 200 constituents from https://nsearchives.nseindia.com/content/indices/ind_nifty200list.csv...
[2026-09-04 00:03:40] [INFO] [cnx200_dashboard:nse_client.py:36] - Successfully retrieved 200 NIFTY 200 constituents.
[2026-09-04 00:03:40] [INFO] [cnx200_dashboard:stock_universe_service.py:114] - Stock universe sync successfully flushed to database session.
[2026-09-04 00:03:40] [INFO] [cnx200_dashboard:stock_universe_service.py:122] - NIFTY 200 Universe Sync complete. Fetched: 200, New: 0, Updated/Retained: 200, Deactivated: 0.
[2026-09-04 00:03:40] [INFO] [cnx200_dashboard:historical_data_service.py:37] - Starting Historical Market Data Backfill from 2026-04-27 to 2026-09-04...
[2026-09-04 00:03:40] [INFO] [cnx200_dashboard:historical_data_service.py:67] - Targeting 1 active stocks for historical backfill.
[2026-09-04 00:03:40] [INFO] [cnx200_dashboard:historical_data_service.py:71] - [1/1] Processing historical backfill for symbol '360ONE'...
[2026-09-04 00:03:40] [INFO] [cnx200_dashboard:nse_client.py:59] - Fetching historical market data for 360ONE from 27-04-2026 to 04-09-2026...
[2026-09-04 00:03:42] [INFO] [cnx200_dashboard:nse_client.py:69] - Retrieved 91 price records for 360ONE.
[2026-09-04 00:03:42] [INFO] [cnx200_dashboard:repositories.py:164] - Bulk upserted 91 price records into daily_prices.
[2026-09-04 00:03:42] [INFO] [cnx200_dashboard:historical_data_service.py:122] - [OK] [1/1] '360ONE' backfill complete: 91 records upserted.
[2026-09-04 00:03:42] [INFO] [cnx200_dashboard:historical_data_service.py:144] - Historical Backfill Finished. Total Stocks: 1, Success: 1, Failed: 0, Total Records: 91.
[2026-09-04 00:03:42] [INFO] [cnx200_dashboard:repositories.py:392] - Bulk upserted 227 RSI metrics into stock_rsi_metrics.
[2026-09-04 00:03:42] [INFO] [cnx200_dashboard:historical_data_service.py:37] - Starting Historical Market Data Backfill from 2026-04-27 to 2026-09-04...
[2026-09-04 00:03:42] [INFO] [cnx200_dashboard:historical_data_service.py:67] - Targeting 1 active stocks for historical backfill.
[2026-09-04 00:03:42] [INFO] [cnx200_dashboard:historical_data_service.py:71] - [1/1] Processing historical backfill for symbol 'ABB'...
[2026-09-04 00:03:42] [INFO] [cnx200_dashboard:nse_client.py:59] - Fetching historical market data for ABB from 27-04-2026 to 04-09-2026...
[2026-09-04 00:03:43] [INFO] [cnx200_dashboard:nse_client.py:69] - Retrieved 91 price records for ABB.
[2026-09-04 00:03:44] [INFO] [cnx200_dashboard:repositories.py:164] - Bulk upserted 91 price records into daily_prices.
[2026-09-04 00:03:44] [INFO] [cnx200_dashboard:historical_data_service.py:122] - [OK] [1/1] 'ABB' backfill complete: 91 records upserted.
[2026-09-04 00:03:44] [INFO] [cnx200_dashboard:historical_data_service.py:144] - Historical Backfill Finished. Total Stocks: 1, Success: 1, Failed: 0, Total Records: 91.
[2026-09-04 00:03:44] [INFO] [cnx200_dashboard:repositories.py:392] - Bulk upserted 227 RSI metrics into stock_rsi_metrics.
[2026-09-04 00:03:44] [INFO] [cnx200_dashboard:historical_data_service.py:37] - Starting Historical Market Data Backfill from 2026-04-27 to 2026-09-04...
[2026-09-04 00:03:44] [INFO] [cnx200_dashboard:historical_data_service.py:67] - Targeting 1 active stocks for historical backfill.
[2026-09-04 00:03:44] [INFO] [cnx200_dashboard:historical_data_service.py:71] - [1/1] Processing historical backfill for symbol 'ABCAPITAL'...
[2026-09-04 00:03:44] [INFO] [cnx200_dashboard:nse_client.py:59] - Fetching historical market data for ABCAPITAL from 27-04-2026 to 04-09-2026...
[2026-09-04 00:03:45] [INFO] [cnx200_dashboard:nse_client.py:69] - Retrieved 91 price records for ABCAPITAL.
[2026-09-04 00:03:45] [INFO] [cnx200_dashboard:repositories.py:164] - Bulk upserted 91 price records into daily_prices.
[2026-09-04 00:03:45] [INFO] [cnx200_dashboard:historical_data_service.py:122] - [OK] [1/1] 'ABCAPITAL' backfill complete: 91 records upserted.
[2026-09-04 00:03:45] [INFO] [cnx200_dashboard:historical_data_service.py:144] - Historical Backfill Finished. Total Stocks: 1, Success: 1, Failed: 0, Total Records: 91.
[2026-09-04 00:03:46] [INFO] [cnx200_dashboard:repositories.py:392] - Bulk upserted 227 RSI metrics into stock_rsi_metrics.
[2026-09-04 00:03:46] [INFO] [cnx200_dashboard:historical_data_service.py:37] - Starting Historical Market Data Backfill from 2026-04-27 to 2026-09-04...
[2026-09-04 00:03:46] [INFO] [cnx200_dashboard:historical_data_service.py:67] - Targeting 1 active stocks for historical backfill.
[2026-09-04 00:03:46] [INFO] [cnx200_dashboard:historical_data_service.py:71] - [1/1] Processing historical backfill for symbol 'ADANIENSOL'...
[2026-09-04 00:03:46] [INFO] [cnx200_dashboard:nse_client.py:59] - Fetching historical market data for ADANIENSOL from 27-04-2026 to 04-09-2026...
[2026-09-04 00:03:47] [INFO] [cnx200_dashboard:nse_client.py:69] - Retrieved 92 price records for ADANIENSOL.
[2026-09-04 00:03:47] [INFO] [cnx200_dashboard:repositories.py:164] - Bulk upserted 92 price records into daily_prices.
[2026-09-04 00:03:47] [INFO] [cnx200_dashboard:historical_data_service.py:122] - [OK] [1/1] 'ADANIENSOL' backfill complete: 92 records upserted.
[2026-09-04 00:03:47] [INFO] [cnx200_dashboard:historical_data_service.py:144] - Historical Backfill Finished. Total Stocks: 1, Success: 1, Failed: 0, Total Records: 92.
[2026-09-04 00:03:48] [INFO] [cnx200_dashboard:repositories.py:392] - Bulk upserted 227 RSI metrics into stock_rsi_metrics.
[2026-09-04 00:03:48] [INFO] [cnx200_dashboard:historical_data_service.py:37] - Starting Historical Market Data Backfill from 2026-04-27 to 2026-09-04...
[2026-09-04 00:03:48] [INFO] [cnx200_dashboard:historical_data_service.py:67] - Targeting 1 active stocks for historical backfill.
[2026-09-04 00:03:48] [INFO] [cnx200_dashboard:historical_data_service.py:71] - [1/1] Processing historical backfill for symbol 'ADANIENT'...
[2026-09-04 00:03:48] [INFO] [cnx200_dashboard:nse_client.py:59] - Fetching historical market data for ADANIENT from 27-04-2026 to 04-09-2026...
[2026-09-04 00:03:49] [INFO] [cnx200_dashboard:nse_client.py:69] - Retrieved 93 price records for ADANIENT.
[2026-09-04 00:03:49] [INFO] [cnx200_dashboard:repositories.py:164] - Bulk upserted 93 price records into daily_prices.
[2026-09-04 00:03:49] [INFO] [cnx200_dashboard:historical_data_service.py:122] - [OK] [1/1] 'ADANIENT' backfill complete: 93 records upserted.
[2026-09-04 00:03:49] [INFO] [cnx200_dashboard:historical_data_service.py:144] - Historical Backfill Finished. Total Stocks: 1, Success: 1, Failed: 0, Total Records: 93.
[2026-09-04 00:03:49] [INFO] [cnx200_dashboard:repositories.py:392] - Bulk upserted 227 RSI metrics into stock_rsi_metrics.
[2026-09-04 00:03:49] [INFO] [cnx200_dashboard:historical_data_service.py:37] - Starting Historical Market Data Backfill from 2026-04-27 to 2026-09-04...
[2026-09-04 00:03:49] [INFO] [cnx200_dashboard:historical_data_service.py:67] - Targeting 1 active stocks for historical backfill.
[2026-09-04 00:03:49] [INFO] [cnx200_dashboard:historical_data_service.py:71] - [1/1] Processing historical backfill for symbol 'ADANIGREEN'...
[2026-09-04 00:03:49] [INFO] [cnx200_dashboard:nse_client.py:59] - Fetching historical market data for ADANIGREEN from 27-04-2026 to 04-09-2026...
[2026-09-04 00:03:51] [INFO] [cnx200_dashboard:nse_client.py:69] - Retrieved 93 price records for ADANIGREEN.
[2026-09-04 00:03:51] [INFO] [cnx200_dashboard:repositories.py:164] - Bulk upserted 93 price records into daily_prices.
[2026-09-04 00:03:51] [INFO] [cnx200_dashboard:historical_data_service.py:122] - [OK] [1/1] 'ADANIGREEN' backfill complete: 93 records upserted.
[2026-09-04 00:03:51] [INFO] [cnx200_dashboard:historical_data_service.py:144] - Historical Backfill Finished. Total Stocks: 1, Success: 1, Failed: 0, Total Records: 93.
[2026-09-04 00:03:51] [INFO] [cnx200_dashboard:repositories.py:392] - Bulk upserted 227 RSI metrics into stock_rsi_metrics.
[2026-09-04 00:03:51] [INFO] [cnx200_dashboard:historical_data_service.py:37] - Starting Historical Market Data Backfill from 2026-04-27 to 2026-09-04...
[2026-09-04 00:03:51] [INFO] [cnx200_dashboard:historical_data_service.py:67] - Targeting 1 active stocks for historical backfill.
[2026-09-04 00:03:51] [INFO] [cnx200_dashboard:historical_data_service.py:71] - [1/1] Processing historical backfill for symbol 'ADANIPORTS'...
[2026-09-04 00:03:51] [INFO] [cnx200_dashboard:nse_client.py:59] - Fetching historical market data for ADANIPORTS from 27-04-2026 to 04-09-2026...
[2026-09-04 00:03:52] [INFO] [cnx200_dashboard:nse_client.py:69] - Retrieved 91 price records for ADANIPORTS.
[2026-09-04 00:03:52] [INFO] [cnx200_dashboard:repositories.py:164] - Bulk upserted 91 price records into daily_prices.
[2026-09-04 00:03:52] [INFO] [cnx200_dashboard:historical_data_service.py:122] - [OK] [1/1] 'ADANIPORTS' backfill complete: 91 records upserted.
[2026-09-04 00:03:52] [INFO] [cnx200_dashboard:historical_data_service.py:144] - Historical Backfill Finished. Total Stocks: 1, Success: 1, Failed: 0, Total Records: 91.
[2026-09-04 00:03:52] [INFO] [cnx200_dashboard:repositories.py:392] - Bulk upserted 227 RSI metrics into stock_rsi_metrics.
[2026-09-04 00:03:52] [INFO] [cnx200_dashboard:historical_data_service.py:37] - Starting Historical Market Data Backfill from 2026-04-27 to 2026-09-04...
[2026-09-04 00:03:52] [INFO] [cnx200_dashboard:historical_data_service.py:67] - Targeting 1 active stocks for historical backfill.
[2026-09-04 00:03:52] [INFO] [cnx200_dashboard:historical_data_service.py:71] - [1/1] Processing historical backfill for symbol 'ADANIPOWER'...
[2026-09-04 00:03:52] [INFO] [cnx200_dashboard:nse_client.py:59] - Fetching historical market data for ADANIPOWER from 27-04-2026 to 04-09-2026...
[2026-09-04 00:03:54] [INFO] [cnx200_dashboard:nse_client.py:69] - Retrieved 92 price records for ADANIPOWER.
[2026-09-04 00:03:54] [INFO] [cnx200_dashboard:repositories.py:164] - Bulk upserted 92 price records into daily_prices.
[2026-09-04 00:03:54] [INFO] [cnx200_dashboard:historical_data_service.py:122] - [OK] [1/1] 'ADANIPOWER' backfill complete: 92 records upserted.
[2026-09-04 00:03:54] [INFO] [cnx200_dashboard:historical_data_service.py:144] - Historical Backfill Finished. Total Stocks: 1, Success: 1, Failed: 0, Total Records: 92.
[2026-09-04 00:03:54] [INFO] [cnx200_dashboard:repositories.py:392] - Bulk upserted 227 RSI metrics into stock_rsi_metrics.
[2026-09-04 00:03:54] [INFO] [cnx200_dashboard:historical_data_service.py:37] - Starting Historical Market Data Backfill from 2026-04-27 to 2026-09-04...
[2026-09-04 00:03:54] [INFO] [cnx200_dashboard:historical_data_service.py:67] - Targeting 1 active stocks for historical backfill.
[2026-09-04 00:03:54] [INFO] [cnx200_dashboard:historical_data_service.py:71] - [1/1] Processing historical backfill for symbol 'ALKEM'...
[2026-09-04 00:03:54] [INFO] [cnx200_dashboard:nse_client.py:59] - Fetching historical market data for ALKEM from 27-04-2026 to 04-09-2026...
[2026-09-04 00:03:55] [INFO] [cnx200_dashboard:nse_client.py:69] - Retrieved 92 price records for ALKEM.
[2026-09-04 00:03:55] [INFO] [cnx200_dashboard:repositories.py:164] - Bulk upserted 92 price records into daily_prices.
[2026-09-04 00:03:55] [INFO] [cnx200_dashboard:historical_data_service.py:122] - [OK] [1/1] 'ALKEM' backfill complete: 92 records upserted.
[2026-09-04 00:03:55] [INFO] [cnx200_dashboard:historical_data_service.py:144] - Historical Backfill Finished. Total Stocks: 1, Success: 1, Failed: 0, Total Records: 92.
[2026-09-04 00:03:56] [INFO] [cnx200_dashboard:repositories.py:392] - Bulk upserted 227 RSI metrics into stock_rsi_metrics.
[2026-09-04 00:03:56] [INFO] [cnx200_dashboard:historical_data_service.py:37] - Starting Historical Market Data Backfill from 2026-04-27 to 2026-09-04...
[2026-09-04 00:03:56] [INFO] [cnx200_dashboard:historical_data_service.py:67] - Targeting 1 active stocks for historical backfill.
[2026-09-04 00:03:56] [INFO] [cnx200_dashboard:historical_data_service.py:71] - [1/1] Processing historical backfill for symbol 'AMBUJACEM'...
[2026-09-04 00:03:56] [INFO] [cnx200_dashboard:nse_client.py:59] - Fetching historical market data for AMBUJACEM from 27-04-2026 to 04-09-2026...
[2026-09-04 00:03:57] [INFO] [cnx200_dashboard:nse_client.py:69] - Retrieved 91 price records for AMBUJACEM.
[2026-09-04 00:03:57] [INFO] [cnx200_dashboard:repositories.py:164] - Bulk upserted 91 price records into daily_prices.
[2026-09-04 00:03:57] [INFO] [cnx200_dashboard:historical_data_service.py:122] - [OK] [1/1] 'AMBUJACEM' backfill complete: 91 records upserted.
[2026-09-04 00:03:57] [INFO] [cnx200_dashboard:historical_data_service.py:144] - Historical Backfill Finished. Total Stocks: 1, Success: 1, Failed: 0, Total Records: 91.
[2026-09-04 00:03:57] [INFO] [cnx200_dashboard:repositories.py:392] - Bulk upserted 227 RSI metrics into stock_rsi_metrics.
[2026-09-04 00:03:57] [INFO] [cnx200_dashboard:historical_data_service.py:37] - Starting Historical Market Data Backfill from 2026-04-27 to 2026-09-04...
[2026-09-04 00:03:57] [INFO] [cnx200_dashboard:historical_data_service.py:67] - Targeting 1 active stocks for historical backfill.
[2026-09-04 00:03:57] [INFO] [cnx200_dashboard:historical_data_service.py:71] - [1/1] Processing historical backfill for symbol 'APLAPOLLO'...
[2026-09-04 00:03:57] [INFO] [cnx200_dashboard:nse_client.py:59] - Fetching historical market data for APLAPOLLO from 27-04-2026 to 04-09-2026...
[2026-09-04 00:03:59] [INFO] [cnx200_dashboard:nse_client.py:69] - Retrieved 91 price records for APLAPOLLO.
[2026-09-04 00:03:59] [INFO] [cnx200_dashboard:repositories.py:164] - Bulk upserted 91 price records into daily_prices.
[2026-09-04 00:03:59] [INFO] [cnx200_dashboard:historical_data_service.py:122] - [OK] [1/1] 'APLAPOLLO' backfill complete: 91 records upserted.
[2026-09-04 00:03:59] [INFO] [cnx200_dashboard:historical_data_service.py:144] - Historical Backfill Finished. Total Stocks: 1, Success: 1, Failed: 0, Total Records: 91.
[2026-09-04 00:03:59] [INFO] [cnx200_dashboard:repositories.py:392] - Bulk upserted 227 RSI metrics into stock_rsi_metrics.
[2026-09-04 00:03:59] [INFO] [cnx200_dashboard:historical_data_service.py:37] - Starting Historical Market Data Backfill from 2026-04-27 to 2026-09-04...
[2026-09-04 00:03:59] [INFO] [cnx200_dashboard:historical_data_service.py:67] - Targeting 1 active stocks for historical backfill.
[2026-09-04 00:03:59] [INFO] [cnx200_dashboard:historical_data_service.py:71] - [1/1] Processing historical backfill for symbol 'APOLLOHOSP'...
[2026-09-04 00:03:59] [INFO] [cnx200_dashboard:nse_client.py:59] - Fetching historical market data for APOLLOHOSP from 27-04-2026 to 04-09-2026...
[2026-09-04 00:04:00] [INFO] [cnx200_dashboard:nse_client.py:69] - Retrieved 91 price records for APOLLOHOSP.
[2026-09-04 00:04:00] [INFO] [cnx200_dashboard:repositories.py:164] - Bulk upserted 91 price records into daily_prices.
[2026-09-04 00:04:00] [INFO] [cnx200_dashboard:historical_data_service.py:122] - [OK] [1/1] 'APOLLOHOSP' backfill complete: 91 records upserted.
[2026-09-04 00:04:00] [INFO] [cnx200_dashboard:historical_data_service.py:144] - Historical Backfill Finished. Total Stocks: 1, Success: 1, Failed: 0, Total Records: 91.
[2026-09-04 00:04:01] [INFO] [cnx200_dashboard:repositories.py:392] - Bulk upserted 227 RSI metrics into stock_rsi_metrics.
[2026-09-04 00:04:01] [INFO] [cnx200_dashboard:historical_data_service.py:37] - Starting Historical Market Data Backfill from 2026-04-27 to 2026-09-04...
[2026-09-04 00:04:01] [INFO] [cnx200_dashboard:historical_data_service.py:67] - Targeting 1 active stocks for historical backfill.
[2026-09-04 00:04:01] [INFO] [cnx200_dashboard:historical_data_service.py:71] - [1/1] Processing historical backfill for symbol 'ASHOKLEY'...
[2026-09-04 00:04:01] [INFO] [cnx200_dashboard:nse_client.py:59] - Fetching historical market data for ASHOKLEY from 27-04-2026 to 04-09-2026...
[2026-09-04 00:04:02] [INFO] [cnx200_dashboard:nse_client.py:69] - Retrieved 91 price records for ASHOKLEY.
[2026-09-04 00:04:02] [INFO] [cnx200_dashboard:repositories.py:164] - Bulk upserted 91 price records into daily_prices.
[2026-09-04 00:04:02] [INFO] [cnx200_dashboard:historical_data_service.py:122] - [OK] [1/1] 'ASHOKLEY' backfill complete: 91 records upserted.
[2026-09-04 00:04:02] [INFO] [cnx200_dashboard:historical_data_service.py:144] - Historical Backfill Finished. Total Stocks: 1, Success: 1, Failed: 0, Total Records: 91.
[2026-09-04 00:04:02] [INFO] [cnx200_dashboard:repositories.py:392] - Bulk upserted 227 RSI metrics into stock_rsi_metrics.
[2026-09-04 00:04:02] [INFO] [cnx200_dashboard:historical_data_service.py:37] - Starting Historical Market Data Backfill from 2026-04-27 to 2026-09-04...
[2026-09-04 00:04:02] [INFO] [cnx200_dashboard:historical_data_service.py:67] - Targeting 1 active stocks for historical backfill.
[2026-09-04 00:04:02] [INFO] [cnx200_dashboard:historical_data_service.py:71] - [1/1] Processing historical backfill for symbol 'ASIANPAINT'...
[2026-09-04 00:04:02] [INFO] [cnx200_dashboard:nse_client.py:59] - Fetching historical market data for ASIANPAINT from 27-04-2026 to 04-09-2026...
[2026-09-04 00:04:03] [INFO] [cnx200_dashboard:nse_client.py:69] - Retrieved 92 price records for ASIANPAINT.
[2026-09-04 00:04:04] [INFO] [cnx200_dashboard:repositories.py:164] - Bulk upserted 92 price records into daily_prices.
[2026-09-04 00:04:04] [INFO] [cnx200_dashboard:historical_data_service.py:122] - [OK] [1/1] 'ASIANPAINT' backfill complete: 92 records upserted.
[2026-09-04 00:04:04] [INFO] [cnx200_dashboard:historical_data_service.py:144] - Historical Backfill Finished. Total Stocks: 1, Success: 1, Failed: 0, Total Records: 92.
[2026-09-04 00:04:04] [INFO] [cnx200_dashboard:repositories.py:392] - Bulk upserted 227 RSI metrics into stock_rsi_metrics.
[2026-09-04 00:04:04] [INFO] [cnx200_dashboard:historical_data_service.py:37] - Starting Historical Market Data Backfill from 2026-04-27 to 2026-09-04...
[2026-09-04 00:04:04] [INFO] [cnx200_dashboard:historical_data_service.py:67] - Targeting 1 active stocks for historical backfill.
[2026-09-04 00:04:04] [INFO] [cnx200_dashboard:historical_data_service.py:71] - [1/1] Processing historical backfill for symbol 'ASTRAL'...
[2026-09-04 00:04:04] [INFO] [cnx200_dashboard:nse_client.py:59] - Fetching historical market data for ASTRAL from 27-04-2026 to 04-09-2026...
[2026-09-04 00:04:05] [INFO] [cnx200_dashboard:nse_client.py:69] - Retrieved 91 price records for ASTRAL.
[2026-09-04 00:04:05] [INFO] [cnx200_dashboard:repositories.py:164] - Bulk upserted 91 price records into daily_prices.
[2026-09-04 00:04:05] [INFO] [cnx200_dashboard:historical_data_service.py:122] - [OK] [1/1] 'ASTRAL' backfill complete: 91 records upserted.
[2026-09-04 00:04:05] [INFO] [cnx200_dashboard:historical_data_service.py:144] - Historical Backfill Finished. Total Stocks: 1, Success: 1, Failed: 0, Total Records: 91.
[2026-09-04 00:04:05] [INFO] [cnx200_dashboard:repositories.py:392] - Bulk upserted 227 RSI metrics into stock_rsi_metrics.
[2026-09-04 00:04:05] [INFO] [cnx200_dashboard:historical_data_service.py:37] - Starting Historical Market Data Backfill from 2026-04-27 to 2026-09-04...
[2026-09-04 00:04:05] [INFO] [cnx200_dashboard:historical_data_service.py:67] - Targeting 1 active stocks for historical backfill.
[2026-09-04 00:04:05] [INFO] [cnx200_dashboard:historical_data_service.py:71] - [1/1] Processing historical backfill for symbol 'ATGL'...
[2026-09-04 00:04:05] [INFO] [cnx200_dashboard:nse_client.py:59] - Fetching historical market data for ATGL from 27-04-2026 to 04-09-2026...
[2026-09-04 00:04:07] [INFO] [cnx200_dashboard:nse_client.py:69] - Retrieved 91 price records for ATGL.
[2026-09-04 00:04:07] [INFO] [cnx200_dashboard:repositories.py:164] - Bulk upserted 91 price records into daily_prices.
[2026-09-04 00:04:07] [INFO] [cnx200_dashboard:historical_data_service.py:122] - [OK] [1/1] 'ATGL' backfill complete: 91 records upserted.
[2026-09-04 00:04:07] [INFO] [cnx200_dashboard:historical_data_service.py:144] - Historical Backfill Finished. Total Stocks: 1, Success: 1, Failed: 0, Total Records: 91.
[2026-09-04 00:04:07] [INFO] [cnx200_dashboard:repositories.py:392] - Bulk upserted 227 RSI metrics into stock_rsi_metrics.
[2026-09-04 00:04:07] [INFO] [cnx200_dashboard:historical_data_service.py:37] - Starting Historical Market Data Backfill from 2026-04-27 to 2026-09-04...
[2026-09-04 00:04:07] [INFO] [cnx200_dashboard:historical_data_service.py:67] - Targeting 1 active stocks for historical backfill.
[2026-09-04 00:04:07] [INFO] [cnx200_dashboard:historical_data_service.py:71] - [1/1] Processing historical backfill for symbol 'AUBANK'...
[2026-09-04 00:04:07] [INFO] [cnx200_dashboard:nse_client.py:59] - Fetching historical market data for AUBANK from 27-04-2026 to 04-09-2026...
[2026-09-04 00:04:08] [INFO] [cnx200_dashboard:nse_client.py:69] - Retrieved 91 price records for AUBANK.
[2026-09-04 00:04:08] [INFO] [cnx200_dashboard:repositories.py:164] - Bulk upserted 91 price records into daily_prices.
[2026-09-04 00:04:08] [INFO] [cnx200_dashboard:historical_data_service.py:122] - [OK] [1/1] 'AUBANK' backfill complete: 91 records upserted.
[2026-09-04 00:04:08] [INFO] [cnx200_dashboard:historical_data_service.py:144] - Historical Backfill Finished. Total Stocks: 1, Success: 1, Failed: 0, Total Records: 91.
[2026-09-04 00:04:09] [INFO] [cnx200_dashboard:repositories.py:392] - Bulk upserted 227 RSI metrics into stock_rsi_metrics.
[2026-09-04 00:04:09] [INFO] [cnx200_dashboard:historical_data_service.py:37] - Starting Historical Market Data Backfill from 2026-04-27 to 2026-09-04...
[2026-09-04 00:04:09] [INFO] [cnx200_dashboard:historical_data_service.py:67] - Targeting 1 active stocks for historical backfill.
[2026-09-04 00:04:09] [INFO] [cnx200_dashboard:historical_data_service.py:71] - [1/1] Processing historical backfill for symbol 'AUROPHARMA'...
[2026-09-04 00:04:09] [INFO] [cnx200_dashboard:nse_client.py:59] - Fetching historical market data for AUROPHARMA from 27-04-2026 to 04-09-2026...
[2026-09-04 00:04:10] [INFO] [cnx200_dashboard:nse_client.py:69] - Retrieved 91 price records for AUROPHARMA.
[2026-09-04 00:04:10] [INFO] [cnx200_dashboard:repositories.py:164] - Bulk upserted 91 price records into daily_prices.
[2026-09-04 00:04:10] [INFO] [cnx200_dashboard:historical_data_service.py:122] - [OK] [1/1] 'AUROPHARMA' backfill complete: 91 records upserted.
[2026-09-04 00:04:10] [INFO] [cnx200_dashboard:historical_data_service.py:144] - Historical Backfill Finished. Total Stocks: 1, Success: 1, Failed: 0, Total Records: 91.
[2026-09-04 00:04:10] [INFO] [cnx200_dashboard:repositories.py:392] - Bulk upserted 227 RSI metrics into stock_rsi_metrics.
[2026-09-04 00:04:10] [INFO] [cnx200_dashboard:historical_data_service.py:37] - Starting Historical Market Data Backfill from 2026-04-27 to 2026-09-04...
[2026-09-04 00:04:10] [INFO] [cnx200_dashboard:historical_data_service.py:67] - Targeting 1 active stocks for historical backfill.
[2026-09-04 00:04:10] [INFO] [cnx200_dashboard:historical_data_service.py:71] - [1/1] Processing historical backfill for symbol 'AXISBANK'...
[2026-09-04 00:04:10] [INFO] [cnx200_dashboard:nse_client.py:59] - Fetching historical market data for AXISBANK from 27-04-2026 to 04-09-2026...
[2026-09-04 00:04:11] [INFO] [cnx200_dashboard:nse_client.py:69] - Retrieved 92 price records for AXISBANK.
[2026-09-04 00:04:12] [INFO] [cnx200_dashboard:repositories.py:164] - Bulk upserted 92 price records into daily_prices.
[2026-09-04 00:04:12] [INFO] [cnx200_dashboard:historical_data_service.py:122] - [OK] [1/1] 'AXISBANK' backfill complete: 92 records upserted.
[2026-09-04 00:04:12] [INFO] [cnx200_dashboard:historical_data_service.py:144] - Historical Backfill Finished. Total Stocks: 1, Success: 1, Failed: 0, Total Records: 92.
[2026-09-04 00:04:12] [INFO] [cnx200_dashboard:repositories.py:392] - Bulk upserted 227 RSI metrics into stock_rsi_metrics.
[2026-09-04 00:04:12] [INFO] [cnx200_dashboard:historical_data_service.py:37] - Starting Historical Market Data Backfill from 2026-04-27 to 2026-09-04...
[2026-09-04 00:04:12] [INFO] [cnx200_dashboard:historical_data_service.py:67] - Targeting 1 active stocks for historical backfill.
[2026-09-04 00:04:12] [INFO] [cnx200_dashboard:historical_data_service.py:71] - [1/1] Processing historical backfill for symbol 'BAJAJ-AUTO'...
[2026-09-04 00:04:12] [INFO] [cnx200_dashboard:nse_client.py:59] - Fetching historical market data for BAJAJ-AUTO from 27-04-2026 to 04-09-2026...
[2026-09-04 00:04:13] [INFO] [cnx200_dashboard:nse_client.py:69] - Retrieved 92 price records for BAJAJ-AUTO.
[2026-09-04 00:04:13] [INFO] [cnx200_dashboard:repositories.py:164] - Bulk upserted 92 price records into daily_prices.
[2026-09-04 00:04:13] [INFO] [cnx200_dashboard:historical_data_service.py:122] - [OK] [1/1] 'BAJAJ-AUTO' backfill complete: 92 records upserted.
[2026-09-04 00:04:13] [INFO] [cnx200_dashboard:historical_data_service.py:144] - Historical Backfill Finished. Total Stocks: 1, Success: 1, Failed: 0, Total Records: 92.
[2026-09-04 00:04:14] [INFO] [cnx200_dashboard:repositories.py:392] - Bulk upserted 227 RSI metrics into stock_rsi_metrics.
[2026-09-04 00:04:14] [INFO] [cnx200_dashboard:historical_data_service.py:37] - Starting Historical Market Data Backfill from 2026-04-27 to 2026-09-04...
[2026-09-04 00:04:14] [INFO] [cnx200_dashboard:historical_data_service.py:67] - Targeting 1 active stocks for historical backfill.
[2026-09-04 00:04:14] [INFO] [cnx200_dashboard:historical_data_service.py:71] - [1/1] Processing historical backfill for symbol 'BAJAJFINSV'...
[2026-09-04 00:04:14] [INFO] [cnx200_dashboard:nse_client.py:59] - Fetching historical market data for BAJAJFINSV from 27-04-2026 to 04-09-2026...
[2026-09-04 00:04:15] [INFO] [cnx200_dashboard:nse_client.py:69] - Retrieved 91 price records for BAJAJFINSV.
[2026-09-04 00:04:15] [INFO] [cnx200_dashboard:repositories.py:164] - Bulk upserted 91 price records into daily_prices.
[2026-09-04 00:04:15] [INFO] [cnx200_dashboard:historical_data_service.py:122] - [OK] [1/1] 'BAJAJFINSV' backfill complete: 91 records upserted.
[2026-09-04 00:04:15] [INFO] [cnx200_dashboard:historical_data_service.py:144] - Historical Backfill Finished. Total Stocks: 1, Success: 1, Failed: 0, Total Records: 91.
[2026-09-04 00:04:15] [INFO] [cnx200_dashboard:repositories.py:392] - Bulk upserted 227 RSI metrics into stock_rsi_metrics.
[2026-09-04 00:04:15] [INFO] [cnx200_dashboard:historical_data_service.py:37] - Starting Historical Market Data Backfill from 2026-04-27 to 2026-09-04...
[2026-09-04 00:04:15] [INFO] [cnx200_dashboard:historical_data_service.py:67] - Targeting 1 active stocks for historical backfill.
[2026-09-04 00:04:15] [INFO] [cnx200_dashboard:historical_data_service.py:71] - [1/1] Processing historical backfill for symbol 'BAJAJHLDNG'...
[2026-09-04 00:04:15] [INFO] [cnx200_dashboard:nse_client.py:59] - Fetching historical market data for BAJAJHLDNG from 27-04-2026 to 04-09-2026...
[2026-09-04 00:04:16] [INFO] [cnx200_dashboard:nse_client.py:69] - Retrieved 91 price records for BAJAJHLDNG.
[2026-09-04 00:04:17] [INFO] [cnx200_dashboard:repositories.py:164] - Bulk upserted 91 price records into daily_prices.
[2026-09-04 00:04:17] [INFO] [cnx200_dashboard:historical_data_service.py:122] - [OK] [1/1] 'BAJAJHLDNG' backfill complete: 91 records upserted.
[2026-09-04 00:04:17] [INFO] [cnx200_dashboard:historical_data_service.py:144] - Historical Backfill Finished. Total Stocks: 1, Success: 1, Failed: 0, Total Records: 91.
[2026-09-04 00:04:17] [INFO] [cnx200_dashboard:repositories.py:392] - Bulk upserted 227 RSI metrics into stock_rsi_metrics.
[2026-09-04 00:04:17] [INFO] [cnx200_dashboard:historical_data_service.py:37] - Starting Historical Market Data Backfill from 2026-04-27 to 2026-09-04...
[2026-09-04 00:04:17] [INFO] [cnx200_dashboard:historical_data_service.py:67] - Targeting 1 active stocks for historical backfill.
[2026-09-04 00:04:17] [INFO] [cnx200_dashboard:historical_data_service.py:71] - [1/1] Processing historical backfill for symbol 'BAJFINANCE'...
[2026-09-04 00:04:17] [INFO] [cnx200_dashboard:nse_client.py:59] - Fetching historical market data for BAJFINANCE from 27-04-2026 to 04-09-2026...
[2026-09-04 00:04:18] [INFO] [cnx200_dashboard:nse_client.py:69] - Retrieved 92 price records for BAJFINANCE.
[2026-09-04 00:04:18] [INFO] [cnx200_dashboard:repositories.py:164] - Bulk upserted 92 price records into daily_prices.
[2026-09-04 00:04:18] [INFO] [cnx200_dashboard:historical_data_service.py:122] - [OK] [1/1] 'BAJFINANCE' backfill complete: 92 records upserted.
[2026-09-04 00:04:18] [INFO] [cnx200_dashboard:historical_data_service.py:144] - Historical Backfill Finished. Total Stocks: 1, Success: 1, Failed: 0, Total Records: 92.
[2026-09-04 00:04:19] [INFO] [cnx200_dashboard:repositories.py:392] - Bulk upserted 227 RSI metrics into stock_rsi_metrics.
[2026-09-04 00:04:19] [INFO] [cnx200_dashboard:historical_data_service.py:37] - Starting Historical Market Data Backfill from 2026-04-27 to 2026-09-04...
[2026-09-04 00:04:19] [INFO] [cnx200_dashboard:historical_data_service.py:67] - Targeting 1 active stocks for historical backfill.
[2026-09-04 00:04:19] [INFO] [cnx200_dashboard:historical_data_service.py:71] - [1/1] Processing historical backfill for symbol 'BANKBARODA'...
[2026-09-04 00:04:19] [INFO] [cnx200_dashboard:nse_client.py:59] - Fetching historical market data for BANKBARODA from 27-04-2026 to 04-09-2026...
[2026-09-04 00:04:20] [INFO] [cnx200_dashboard:nse_client.py:69] - Retrieved 91 price records for BANKBARODA.
[2026-09-04 00:04:20] [INFO] [cnx200_dashboard:repositories.py:164] - Bulk upserted 91 price records into daily_prices.
[2026-09-04 00:04:20] [INFO] [cnx200_dashboard:historical_data_service.py:122] - [OK] [1/1] 'BANKBARODA' backfill complete: 91 records upserted.
[2026-09-04 00:04:20] [INFO] [cnx200_dashboard:historical_data_service.py:144] - Historical Backfill Finished. Total Stocks: 1, Success: 1, Failed: 0, Total Records: 91.
[2026-09-04 00:04:20] [INFO] [cnx200_dashboard:repositories.py:392] - Bulk upserted 227 RSI metrics into stock_rsi_metrics.
[2026-09-04 00:04:20] [INFO] [cnx200_dashboard:historical_data_service.py:37] - Starting Historical Market Data Backfill from 2026-04-27 to 2026-09-04...
[2026-09-04 00:04:20] [INFO] [cnx200_dashboard:historical_data_service.py:67] - Targeting 1 active stocks for historical backfill.
[2026-09-04 00:04:20] [INFO] [cnx200_dashboard:historical_data_service.py:71] - [1/1] Processing historical backfill for symbol 'BANKINDIA'...
[2026-09-04 00:04:20] [INFO] [cnx200_dashboard:nse_client.py:59] - Fetching historical market data for BANKINDIA from 27-04-2026 to 04-09-2026...
[2026-09-04 00:04:21] [INFO] [cnx200_dashboard:nse_client.py:69] - Retrieved 91 price records for BANKINDIA.
[2026-09-04 00:04:22] [INFO] [cnx200_dashboard:repositories.py:164] - Bulk upserted 91 price records into daily_prices.
[2026-09-04 00:04:22] [INFO] [cnx200_dashboard:historical_data_service.py:122] - [OK] [1/1] 'BANKINDIA' backfill complete: 91 records upserted.
[2026-09-04 00:04:22] [INFO] [cnx200_dashboard:historical_data_service.py:144] - Historical Backfill Finished. Total Stocks: 1, Success: 1, Failed: 0, Total Records: 91.
[2026-09-04 00:04:22] [INFO] [cnx200_dashboard:repositories.py:392] - Bulk upserted 227 RSI metrics into stock_rsi_metrics.
[2026-09-04 00:04:22] [INFO] [cnx200_dashboard:historical_data_service.py:37] - Starting Historical Market Data Backfill from 2026-04-27 to 2026-09-04...
[2026-09-04 00:04:22] [INFO] [cnx200_dashboard:historical_data_service.py:67] - Targeting 1 active stocks for historical backfill.
[2026-09-04 00:04:22] [INFO] [cnx200_dashboard:historical_data_service.py:71] - [1/1] Processing historical backfill for symbol 'BDL'...
[2026-09-04 00:04:22] [INFO] [cnx200_dashboard:nse_client.py:59] - Fetching historical market data for BDL from 27-04-2026 to 04-09-2026...
[2026-09-04 00:04:23] [INFO] [cnx200_dashboard:nse_client.py:69] - Retrieved 91 price records for BDL.
[2026-09-04 00:04:23] [INFO] [cnx200_dashboard:repositories.py:164] - Bulk upserted 91 price records into daily_prices.
[2026-09-04 00:04:23] [INFO] [cnx200_dashboard:historical_data_service.py:122] - [OK] [1/1] 'BDL' backfill complete: 91 records upserted.
[2026-09-04 00:04:23] [INFO] [cnx200_dashboard:historical_data_service.py:144] - Historical Backfill Finished. Total Stocks: 1, Success: 1, Failed: 0, Total Records: 91.
[2026-09-04 00:04:23] [INFO] [cnx200_dashboard:repositories.py:392] - Bulk upserted 227 RSI metrics into stock_rsi_metrics.
[2026-09-04 00:04:23] [INFO] [cnx200_dashboard:historical_data_service.py:37] - Starting Historical Market Data Backfill from 2026-04-27 to 2026-09-04...
[2026-09-04 00:04:23] [INFO] [cnx200_dashboard:historical_data_service.py:67] - Targeting 1 active stocks for historical backfill.
[2026-09-04 00:04:23] [INFO] [cnx200_dashboard:historical_data_service.py:71] - [1/1] Processing historical backfill for symbol 'BEL'...
[2026-09-04 00:04:23] [INFO] [cnx200_dashboard:nse_client.py:59] - Fetching historical market data for BEL from 27-04-2026 to 04-09-2026...
[2026-09-04 00:04:25] [INFO] [cnx200_dashboard:nse_client.py:69] - Retrieved 92 price records for BEL.
[2026-09-04 00:04:25] [INFO] [cnx200_dashboard:repositories.py:164] - Bulk upserted 92 price records into daily_prices.
[2026-09-04 00:04:25] [INFO] [cnx200_dashboard:historical_data_service.py:122] - [OK] [1/1] 'BEL' backfill complete: 92 records upserted.
[2026-09-04 00:04:25] [INFO] [cnx200_dashboard:historical_data_service.py:144] - Historical Backfill Finished. Total Stocks: 1, Success: 1, Failed: 0, Total Records: 92.
[2026-09-04 00:04:25] [INFO] [cnx200_dashboard:repositories.py:392] - Bulk upserted 227 RSI metrics into stock_rsi_metrics.
[2026-09-04 00:04:25] [INFO] [cnx200_dashboard:historical_data_service.py:37] - Starting Historical Market Data Backfill from 2026-04-27 to 2026-09-04...
[2026-09-04 00:04:25] [INFO] [cnx200_dashboard:historical_data_service.py:67] - Targeting 1 active stocks for historical backfill.
[2026-09-04 00:04:25] [INFO] [cnx200_dashboard:historical_data_service.py:71] - [1/1] Processing historical backfill for symbol 'BHARATFORG'...
[2026-09-04 00:04:25] [INFO] [cnx200_dashboard:nse_client.py:59] - Fetching historical market data for BHARATFORG from 27-04-2026 to 04-09-2026...
[2026-09-04 00:04:26] [INFO] [cnx200_dashboard:nse_client.py:69] - Retrieved 91 price records for BHARATFORG.
[2026-09-04 00:04:26] [INFO] [cnx200_dashboard:repositories.py:164] - Bulk upserted 91 price records into daily_prices.
[2026-09-04 00:04:26] [INFO] [cnx200_dashboard:historical_data_service.py:122] - [OK] [1/1] 'BHARATFORG' backfill complete: 91 records upserted.
[2026-09-04 00:04:26] [INFO] [cnx200_dashboard:historical_data_service.py:144] - Historical Backfill Finished. Total Stocks: 1, Success: 1, Failed: 0, Total Records: 91.
[2026-09-04 00:04:27] [INFO] [cnx200_dashboard:repositories.py:392] - Bulk upserted 227 RSI metrics into stock_rsi_metrics.
[2026-09-04 00:04:27] [INFO] [cnx200_dashboard:historical_data_service.py:37] - Starting Historical Market Data Backfill from 2026-04-27 to 2026-09-04...
[2026-09-04 00:04:27] [INFO] [cnx200_dashboard:historical_data_service.py:67] - Targeting 1 active stocks for historical backfill.
[2026-09-04 00:04:27] [INFO] [cnx200_dashboard:historical_data_service.py:71] - [1/1] Processing historical backfill for symbol 'BHARTIARTL'...
[2026-09-04 00:04:27] [INFO] [cnx200_dashboard:nse_client.py:59] - Fetching historical market data for BHARTIARTL from 27-04-2026 to 04-09-2026...
[2026-09-04 00:04:28] [INFO] [cnx200_dashboard:nse_client.py:69] - Retrieved 92 price records for BHARTIARTL.
[2026-09-04 00:04:28] [INFO] [cnx200_dashboard:repositories.py:164] - Bulk upserted 92 price records into daily_prices.
[2026-09-04 00:04:28] [INFO] [cnx200_dashboard:historical_data_service.py:122] - [OK] [1/1] 'BHARTIARTL' backfill complete: 92 records upserted.
[2026-09-04 00:04:28] [INFO] [cnx200_dashboard:historical_data_service.py:144] - Historical Backfill Finished. Total Stocks: 1, Success: 1, Failed: 0, Total Records: 92.
[2026-09-04 00:04:28] [INFO] [cnx200_dashboard:repositories.py:392] - Bulk upserted 227 RSI metrics into stock_rsi_metrics.
[2026-09-04 00:04:28] [INFO] [cnx200_dashboard:historical_data_service.py:37] - Starting Historical Market Data Backfill from 2026-04-27 to 2026-09-04...
[2026-09-04 00:04:28] [INFO] [cnx200_dashboard:historical_data_service.py:67] - Targeting 1 active stocks for historical backfill.
[2026-09-04 00:04:28] [INFO] [cnx200_dashboard:historical_data_service.py:71] - [1/1] Processing historical backfill for symbol 'BHEL'...
[2026-09-04 00:04:28] [INFO] [cnx200_dashboard:nse_client.py:59] - Fetching historical market data for BHEL from 27-04-2026 to 04-09-2026...
[2026-09-04 00:04:30] [INFO] [cnx200_dashboard:nse_client.py:69] - Retrieved 91 price records for BHEL.
[2026-09-04 00:04:30] [INFO] [cnx200_dashboard:repositories.py:164] - Bulk upserted 91 price records into daily_prices.
[2026-09-04 00:04:30] [INFO] [cnx200_dashboard:historical_data_service.py:122] - [OK] [1/1] 'BHEL' backfill complete: 91 records upserted.
[2026-09-04 00:04:30] [INFO] [cnx200_dashboard:historical_data_service.py:144] - Historical Backfill Finished. Total Stocks: 1, Success: 1, Failed: 0, Total Records: 91.
[2026-09-04 00:04:30] [INFO] [cnx200_dashboard:repositories.py:392] - Bulk upserted 227 RSI metrics into stock_rsi_metrics.
[2026-09-04 00:04:30] [INFO] [cnx200_dashboard:historical_data_service.py:37] - Starting Historical Market Data Backfill from 2026-04-27 to 2026-09-04...
[2026-09-04 00:04:30] [INFO] [cnx200_dashboard:historical_data_service.py:67] - Targeting 1 active stocks for historical backfill.
[2026-09-04 00:04:30] [INFO] [cnx200_dashboard:historical_data_service.py:71] - [1/1] Processing historical backfill for symbol 'BIOCON'...
[2026-09-04 00:04:30] [INFO] [cnx200_dashboard:nse_client.py:59] - Fetching historical market data for BIOCON from 27-04-2026 to 04-09-2026...
[2026-09-04 00:04:31] [INFO] [cnx200_dashboard:nse_client.py:69] - Retrieved 92 price records for BIOCON.
[2026-09-04 00:04:31] [INFO] [cnx200_dashboard:repositories.py:164] - Bulk upserted 92 price records into daily_prices.
[2026-09-04 00:04:31] [INFO] [cnx200_dashboard:historical_data_service.py:122] - [OK] [1/1] 'BIOCON' backfill complete: 92 records upserted.
[2026-09-04 00:04:31] [INFO] [cnx200_dashboard:historical_data_service.py:144] - Historical Backfill Finished. Total Stocks: 1, Success: 1, Failed: 0, Total Records: 92.
[2026-09-04 00:04:32] [INFO] [cnx200_dashboard:repositories.py:392] - Bulk upserted 227 RSI metrics into stock_rsi_metrics.
[2026-09-04 00:04:32] [INFO] [cnx200_dashboard:historical_data_service.py:37] - Starting Historical Market Data Backfill from 2026-04-27 to 2026-09-04...
[2026-09-04 00:04:32] [INFO] [cnx200_dashboard:historical_data_service.py:67] - Targeting 1 active stocks for historical backfill.
[2026-09-04 00:04:32] [INFO] [cnx200_dashboard:historical_data_service.py:71] - [1/1] Processing historical backfill for symbol 'BLUESTARCO'...
[2026-09-04 00:04:32] [INFO] [cnx200_dashboard:nse_client.py:59] - Fetching historical market data for BLUESTARCO from 27-04-2026 to 04-09-2026...
[2026-09-04 00:04:33] [INFO] [cnx200_dashboard:nse_client.py:69] - Retrieved 91 price records for BLUESTARCO.
[2026-09-04 00:04:33] [INFO] [cnx200_dashboard:repositories.py:164] - Bulk upserted 91 price records into daily_prices.
[2026-09-04 00:04:33] [INFO] [cnx200_dashboard:historical_data_service.py:122] - [OK] [1/1] 'BLUESTARCO' backfill complete: 91 records upserted.
[2026-09-04 00:04:33] [INFO] [cnx200_dashboard:historical_data_service.py:144] - Historical Backfill Finished. Total Stocks: 1, Success: 1, Failed: 0, Total Records: 91.
[2026-09-04 00:04:33] [INFO] [cnx200_dashboard:repositories.py:392] - Bulk upserted 227 RSI metrics into stock_rsi_metrics.
[2026-09-04 00:04:33] [INFO] [cnx200_dashboard:historical_data_service.py:37] - Starting Historical Market Data Backfill from 2026-04-27 to 2026-09-04...
[2026-09-04 00:04:33] [INFO] [cnx200_dashboard:historical_data_service.py:67] - Targeting 1 active stocks for historical backfill.
[2026-09-04 00:04:33] [INFO] [cnx200_dashboard:historical_data_service.py:71] - [1/1] Processing historical backfill for symbol 'BOSCHLTD'...
[2026-09-04 00:04:33] [INFO] [cnx200_dashboard:nse_client.py:59] - Fetching historical market data for BOSCHLTD from 27-04-2026 to 04-09-2026...
[2026-09-04 00:04:35] [INFO] [cnx200_dashboard:nse_client.py:69] - Retrieved 91 price records for BOSCHLTD.
[2026-09-04 00:04:35] [INFO] [cnx200_dashboard:repositories.py:164] - Bulk upserted 91 price records into daily_prices.
[2026-09-04 00:04:35] [INFO] [cnx200_dashboard:historical_data_service.py:122] - [OK] [1/1] 'BOSCHLTD' backfill complete: 91 records upserted.
[2026-09-04 00:04:35] [INFO] [cnx200_dashboard:historical_data_service.py:144] - Historical Backfill Finished. Total Stocks: 1, Success: 1, Failed: 0, Total Records: 91.
[2026-09-04 00:04:35] [INFO] [cnx200_dashboard:repositories.py:392] - Bulk upserted 227 RSI metrics into stock_rsi_metrics.
[2026-09-04 00:04:35] [INFO] [cnx200_dashboard:historical_data_service.py:37] - Starting Historical Market Data Backfill from 2026-04-27 to 2026-09-04...
[2026-09-04 00:04:35] [INFO] [cnx200_dashboard:historical_data_service.py:67] - Targeting 1 active stocks for historical backfill.
[2026-09-04 00:04:35] [INFO] [cnx200_dashboard:historical_data_service.py:71] - [1/1] Processing historical backfill for symbol 'BPCL'...
[2026-09-04 00:04:35] [INFO] [cnx200_dashboard:nse_client.py:59] - Fetching historical market data for BPCL from 27-04-2026 to 04-09-2026...
[2026-09-04 00:04:36] [INFO] [cnx200_dashboard:nse_client.py:69] - Retrieved 91 price records for BPCL.
[2026-09-04 00:04:36] [INFO] [cnx200_dashboard:repositories.py:164] - Bulk upserted 91 price records into daily_prices.
[2026-09-04 00:04:36] [INFO] [cnx200_dashboard:historical_data_service.py:122] - [OK] [1/1] 'BPCL' backfill complete: 91 records upserted.
[2026-09-04 00:04:36] [INFO] [cnx200_dashboard:historical_data_service.py:144] - Historical Backfill Finished. Total Stocks: 1, Success: 1, Failed: 0, Total Records: 91.
[2026-09-04 00:04:37] [INFO] [cnx200_dashboard:repositories.py:392] - Bulk upserted 227 RSI metrics into stock_rsi_metrics.
[2026-09-04 00:04:37] [INFO] [cnx200_dashboard:historical_data_service.py:37] - Starting Historical Market Data Backfill from 2026-04-27 to 2026-09-04...
[2026-09-04 00:04:37] [INFO] [cnx200_dashboard:historical_data_service.py:67] - Targeting 1 active stocks for historical backfill.
[2026-09-04 00:04:37] [INFO] [cnx200_dashboard:historical_data_service.py:71] - [1/1] Processing historical backfill for symbol 'BRITANNIA'...
[2026-09-04 00:04:37] [INFO] [cnx200_dashboard:nse_client.py:59] - Fetching historical market data for BRITANNIA from 27-04-2026 to 04-09-2026...
[2026-09-04 00:04:38] [INFO] [cnx200_dashboard:nse_client.py:69] - Retrieved 91 price records for BRITANNIA.
[2026-09-04 00:04:38] [INFO] [cnx200_dashboard:repositories.py:164] - Bulk upserted 91 price records into daily_prices.
[2026-09-04 00:04:38] [INFO] [cnx200_dashboard:historical_data_service.py:122] - [OK] [1/1] 'BRITANNIA' backfill complete: 91 records upserted.
[2026-09-04 00:04:38] [INFO] [cnx200_dashboard:historical_data_service.py:144] - Historical Backfill Finished. Total Stocks: 1, Success: 1, Failed: 0, Total Records: 91.
[2026-09-04 00:04:38] [INFO] [cnx200_dashboard:repositories.py:392] - Bulk upserted 227 RSI metrics into stock_rsi_metrics.
[2026-09-04 00:04:38] [INFO] [cnx200_dashboard:historical_data_service.py:37] - Starting Historical Market Data Backfill from 2026-04-27 to 2026-09-04...
[2026-09-04 00:04:38] [INFO] [cnx200_dashboard:historical_data_service.py:67] - Targeting 1 active stocks for historical backfill.
[2026-09-04 00:04:38] [INFO] [cnx200_dashboard:historical_data_service.py:71] - [1/1] Processing historical backfill for symbol 'BSE'...
[2026-09-04 00:04:38] [INFO] [cnx200_dashboard:nse_client.py:59] - Fetching historical market data for BSE from 27-04-2026 to 04-09-2026...
[2026-09-04 00:04:39] [INFO] [cnx200_dashboard:nse_client.py:69] - Retrieved 91 price records for BSE.
[2026-09-04 00:04:40] [INFO] [cnx200_dashboard:repositories.py:164] - Bulk upserted 91 price records into daily_prices.
[2026-09-04 00:04:40] [INFO] [cnx200_dashboard:historical_data_service.py:122] - [OK] [1/1] 'BSE' backfill complete: 91 records upserted.
[2026-09-04 00:04:40] [INFO] [cnx200_dashboard:historical_data_service.py:144] - Historical Backfill Finished. Total Stocks: 1, Success: 1, Failed: 0, Total Records: 91.
[2026-09-04 00:04:40] [INFO] [cnx200_dashboard:repositories.py:392] - Bulk upserted 227 RSI metrics into stock_rsi_metrics.
[2026-09-04 00:04:40] [INFO] [cnx200_dashboard:historical_data_service.py:37] - Starting Historical Market Data Backfill from 2026-04-27 to 2026-09-04...
[2026-09-04 00:04:40] [INFO] [cnx200_dashboard:historical_data_service.py:67] - Targeting 1 active stocks for historical backfill.
[2026-09-04 00:04:40] [INFO] [cnx200_dashboard:historical_data_service.py:71] - [1/1] Processing historical backfill for symbol 'CANBK'...
[2026-09-04 00:04:40] [INFO] [cnx200_dashboard:nse_client.py:59] - Fetching historical market data for CANBK from 27-04-2026 to 04-09-2026...
[2026-09-04 00:04:41] [INFO] [cnx200_dashboard:nse_client.py:69] - Retrieved 91 price records for CANBK.
[2026-09-04 00:04:41] [INFO] [cnx200_dashboard:repositories.py:164] - Bulk upserted 91 price records into daily_prices.
[2026-09-04 00:04:41] [INFO] [cnx200_dashboard:historical_data_service.py:122] - [OK] [1/1] 'CANBK' backfill complete: 91 records upserted.
[2026-09-04 00:04:41] [INFO] [cnx200_dashboard:historical_data_service.py:144] - Historical Backfill Finished. Total Stocks: 1, Success: 1, Failed: 0, Total Records: 91.
[2026-09-04 00:04:41] [INFO] [cnx200_dashboard:repositories.py:392] - Bulk upserted 227 RSI metrics into stock_rsi_metrics.
[2026-09-04 00:04:41] [INFO] [cnx200_dashboard:historical_data_service.py:37] - Starting Historical Market Data Backfill from 2026-04-27 to 2026-09-04...
[2026-09-04 00:04:41] [INFO] [cnx200_dashboard:historical_data_service.py:67] - Targeting 1 active stocks for historical backfill.
[2026-09-04 00:04:41] [INFO] [cnx200_dashboard:historical_data_service.py:71] - [1/1] Processing historical backfill for symbol 'CGPOWER'...
[2026-09-04 00:04:41] [INFO] [cnx200_dashboard:nse_client.py:59] - Fetching historical market data for CGPOWER from 27-04-2026 to 04-09-2026...
[2026-09-04 00:04:43] [INFO] [cnx200_dashboard:nse_client.py:69] - Retrieved 91 price records for CGPOWER.
[2026-09-04 00:04:43] [INFO] [cnx200_dashboard:repositories.py:164] - Bulk upserted 91 price records into daily_prices.
[2026-09-04 00:04:43] [INFO] [cnx200_dashboard:historical_data_service.py:122] - [OK] [1/1] 'CGPOWER' backfill complete: 91 records upserted.
[2026-09-04 00:04:43] [INFO] [cnx200_dashboard:historical_data_service.py:144] - Historical Backfill Finished. Total Stocks: 1, Success: 1, Failed: 0, Total Records: 91.
[2026-09-04 00:04:43] [INFO] [cnx200_dashboard:repositories.py:392] - Bulk upserted 227 RSI metrics into stock_rsi_metrics.
[2026-09-04 00:04:43] [INFO] [cnx200_dashboard:historical_data_service.py:37] - Starting Historical Market Data Backfill from 2026-04-27 to 2026-09-04...
[2026-09-04 00:04:43] [INFO] [cnx200_dashboard:historical_data_service.py:67] - Targeting 1 active stocks for historical backfill.
[2026-09-04 00:04:43] [INFO] [cnx200_dashboard:historical_data_service.py:71] - [1/1] Processing historical backfill for symbol 'CHOLAFIN'...
[2026-09-04 00:04:43] [INFO] [cnx200_dashboard:nse_client.py:59] - Fetching historical market data for CHOLAFIN from 27-04-2026 to 04-09-2026...
[2026-09-04 00:04:44] [INFO] [cnx200_dashboard:nse_client.py:69] - Retrieved 91 price records for CHOLAFIN.
[2026-09-04 00:04:44] [INFO] [cnx200_dashboard:repositories.py:164] - Bulk upserted 91 price records into daily_prices.
[2026-09-04 00:04:44] [INFO] [cnx200_dashboard:historical_data_service.py:122] - [OK] [1/1] 'CHOLAFIN' backfill complete: 91 records upserted.
[2026-09-04 00:04:44] [INFO] [cnx200_dashboard:historical_data_service.py:144] - Historical Backfill Finished. Total Stocks: 1, Success: 1, Failed: 0, Total Records: 91.
[2026-09-04 00:04:45] [INFO] [cnx200_dashboard:repositories.py:392] - Bulk upserted 227 RSI metrics into stock_rsi_metrics.
[2026-09-04 00:04:45] [INFO] [cnx200_dashboard:historical_data_service.py:37] - Starting Historical Market Data Backfill from 2026-04-27 to 2026-09-04...
[2026-09-04 00:04:45] [INFO] [cnx200_dashboard:historical_data_service.py:67] - Targeting 1 active stocks for historical backfill.
[2026-09-04 00:04:45] [INFO] [cnx200_dashboard:historical_data_service.py:71] - [1/1] Processing historical backfill for symbol 'CIPLA'...
[2026-09-04 00:04:45] [INFO] [cnx200_dashboard:nse_client.py:59] - Fetching historical market data for CIPLA from 27-04-2026 to 04-09-2026...
[2026-09-04 00:04:46] [INFO] [cnx200_dashboard:nse_client.py:69] - Retrieved 91 price records for CIPLA.
[2026-09-04 00:04:46] [INFO] [cnx200_dashboard:repositories.py:164] - Bulk upserted 91 price records into daily_prices.
[2026-09-04 00:04:46] [INFO] [cnx200_dashboard:historical_data_service.py:122] - [OK] [1/1] 'CIPLA' backfill complete: 91 records upserted.
[2026-09-04 00:04:46] [INFO] [cnx200_dashboard:historical_data_service.py:144] - Historical Backfill Finished. Total Stocks: 1, Success: 1, Failed: 0, Total Records: 91.
[2026-09-04 00:04:46] [INFO] [cnx200_dashboard:repositories.py:392] - Bulk upserted 227 RSI metrics into stock_rsi_metrics.
[2026-09-04 00:04:46] [INFO] [cnx200_dashboard:historical_data_service.py:37] - Starting Historical Market Data Backfill from 2026-04-27 to 2026-09-04...
[2026-09-04 00:04:46] [INFO] [cnx200_dashboard:historical_data_service.py:67] - Targeting 1 active stocks for historical backfill.
[2026-09-04 00:04:46] [INFO] [cnx200_dashboard:historical_data_service.py:71] - [1/1] Processing historical backfill for symbol 'COALINDIA'...
[2026-09-04 00:04:46] [INFO] [cnx200_dashboard:nse_client.py:59] - Fetching historical market data for COALINDIA from 27-04-2026 to 04-09-2026...
[2026-09-04 00:04:48] [INFO] [cnx200_dashboard:nse_client.py:69] - Retrieved 91 price records for COALINDIA.
[2026-09-04 00:04:48] [INFO] [cnx200_dashboard:repositories.py:164] - Bulk upserted 91 price records into daily_prices.
[2026-09-04 00:04:48] [INFO] [cnx200_dashboard:historical_data_service.py:122] - [OK] [1/1] 'COALINDIA' backfill complete: 91 records upserted.
[2026-09-04 00:04:48] [INFO] [cnx200_dashboard:historical_data_service.py:144] - Historical Backfill Finished. Total Stocks: 1, Success: 1, Failed: 0, Total Records: 91.
[2026-09-04 00:04:48] [INFO] [cnx200_dashboard:repositories.py:392] - Bulk upserted 227 RSI metrics into stock_rsi_metrics.
[2026-09-04 00:04:48] [INFO] [cnx200_dashboard:historical_data_service.py:37] - Starting Historical Market Data Backfill from 2026-04-27 to 2026-09-04...
[2026-09-04 00:04:48] [INFO] [cnx200_dashboard:historical_data_service.py:67] - Targeting 1 active stocks for historical backfill.
[2026-09-04 00:04:48] [INFO] [cnx200_dashboard:historical_data_service.py:71] - [1/1] Processing historical backfill for symbol 'COCHINSHIP'...
[2026-09-04 00:04:48] [INFO] [cnx200_dashboard:nse_client.py:59] - Fetching historical market data for COCHINSHIP from 27-04-2026 to 04-09-2026...
[2026-09-04 00:04:49] [INFO] [cnx200_dashboard:nse_client.py:69] - Retrieved 91 price records for COCHINSHIP.
[2026-09-04 00:04:49] [INFO] [cnx200_dashboard:repositories.py:164] - Bulk upserted 91 price records into daily_prices.
[2026-09-04 00:04:49] [INFO] [cnx200_dashboard:historical_data_service.py:122] - [OK] [1/1] 'COCHINSHIP' backfill complete: 91 records upserted.
[2026-09-04 00:04:49] [INFO] [cnx200_dashboard:historical_data_service.py:144] - Historical Backfill Finished. Total Stocks: 1, Success: 1, Failed: 0, Total Records: 91.
[2026-09-04 00:04:50] [INFO] [cnx200_dashboard:repositories.py:392] - Bulk upserted 227 RSI metrics into stock_rsi_metrics.
[2026-09-04 00:04:50] [INFO] [cnx200_dashboard:historical_data_service.py:37] - Starting Historical Market Data Backfill from 2026-04-27 to 2026-09-04...
[2026-09-04 00:04:50] [INFO] [cnx200_dashboard:historical_data_service.py:67] - Targeting 1 active stocks for historical backfill.
[2026-09-04 00:04:50] [INFO] [cnx200_dashboard:historical_data_service.py:71] - [1/1] Processing historical backfill for symbol 'COFORGE'...
[2026-09-04 00:04:50] [INFO] [cnx200_dashboard:nse_client.py:59] - Fetching historical market data for COFORGE from 27-04-2026 to 04-09-2026...
[2026-09-04 00:04:51] [INFO] [cnx200_dashboard:nse_client.py:69] - Retrieved 91 price records for COFORGE.
[2026-09-04 00:04:51] [INFO] [cnx200_dashboard:repositories.py:164] - Bulk upserted 91 price records into daily_prices.
[2026-09-04 00:04:51] [INFO] [cnx200_dashboard:historical_data_service.py:122] - [OK] [1/1] 'COFORGE' backfill complete: 91 records upserted.
[2026-09-04 00:04:51] [INFO] [cnx200_dashboard:historical_data_service.py:144] - Historical Backfill Finished. Total Stocks: 1, Success: 1, Failed: 0, Total Records: 91.
[2026-09-04 00:04:51] [INFO] [cnx200_dashboard:repositories.py:392] - Bulk upserted 227 RSI metrics into stock_rsi_metrics.
[2026-09-04 00:04:51] [INFO] [cnx200_dashboard:historical_data_service.py:37] - Starting Historical Market Data Backfill from 2026-04-27 to 2026-09-04...
[2026-09-04 00:04:51] [INFO] [cnx200_dashboard:historical_data_service.py:67] - Targeting 1 active stocks for historical backfill.
[2026-09-04 00:04:51] [INFO] [cnx200_dashboard:historical_data_service.py:71] - [1/1] Processing historical backfill for symbol 'COLPAL'...
[2026-09-04 00:04:51] [INFO] [cnx200_dashboard:nse_client.py:59] - Fetching historical market data for COLPAL from 27-04-2026 to 04-09-2026...
[2026-09-04 00:04:53] [INFO] [cnx200_dashboard:nse_client.py:69] - Retrieved 91 price records for COLPAL.
[2026-09-04 00:04:53] [INFO] [cnx200_dashboard:repositories.py:164] - Bulk upserted 91 price records into daily_prices.
[2026-09-04 00:04:53] [INFO] [cnx200_dashboard:historical_data_service.py:122] - [OK] [1/1] 'COLPAL' backfill complete: 91 records upserted.
[2026-09-04 00:04:53] [INFO] [cnx200_dashboard:historical_data_service.py:144] - Historical Backfill Finished. Total Stocks: 1, Success: 1, Failed: 0, Total Records: 91.
[2026-09-04 00:04:53] [INFO] [cnx200_dashboard:repositories.py:392] - Bulk upserted 227 RSI metrics into stock_rsi_metrics.
[2026-09-04 00:04:53] [INFO] [cnx200_dashboard:historical_data_service.py:37] - Starting Historical Market Data Backfill from 2026-04-27 to 2026-09-04...
[2026-09-04 00:04:53] [INFO] [cnx200_dashboard:historical_data_service.py:67] - Targeting 1 active stocks for historical backfill.
[2026-09-04 00:04:53] [INFO] [cnx200_dashboard:historical_data_service.py:71] - [1/1] Processing historical backfill for symbol 'CONCOR'...
[2026-09-04 00:04:53] [INFO] [cnx200_dashboard:nse_client.py:59] - Fetching historical market data for CONCOR from 27-04-2026 to 04-09-2026...
[2026-09-04 00:04:54] [INFO] [cnx200_dashboard:nse_client.py:69] - Retrieved 91 price records for CONCOR.
[2026-09-04 00:04:54] [INFO] [cnx200_dashboard:repositories.py:164] - Bulk upserted 91 price records into daily_prices.
[2026-09-04 00:04:54] [INFO] [cnx200_dashboard:historical_data_service.py:122] - [OK] [1/1] 'CONCOR' backfill complete: 91 records upserted.
[2026-09-04 00:04:54] [INFO] [cnx200_dashboard:historical_data_service.py:144] - Historical Backfill Finished. Total Stocks: 1, Success: 1, Failed: 0, Total Records: 91.
[2026-09-04 00:04:55] [INFO] [cnx200_dashboard:repositories.py:392] - Bulk upserted 227 RSI metrics into stock_rsi_metrics.
[2026-09-04 00:04:55] [INFO] [cnx200_dashboard:historical_data_service.py:37] - Starting Historical Market Data Backfill from 2026-04-27 to 2026-09-04...
[2026-09-04 00:04:55] [INFO] [cnx200_dashboard:historical_data_service.py:67] - Targeting 1 active stocks for historical backfill.
[2026-09-04 00:04:55] [INFO] [cnx200_dashboard:historical_data_service.py:71] - [1/1] Processing historical backfill for symbol 'COROMANDEL'...
[2026-09-04 00:04:55] [INFO] [cnx200_dashboard:nse_client.py:59] - Fetching historical market data for COROMANDEL from 27-04-2026 to 04-09-2026...
[2026-09-04 00:04:56] [INFO] [cnx200_dashboard:nse_client.py:69] - Retrieved 91 price records for COROMANDEL.
[2026-09-04 00:04:56] [INFO] [cnx200_dashboard:repositories.py:164] - Bulk upserted 91 price records into daily_prices.
[2026-09-04 00:04:56] [INFO] [cnx200_dashboard:historical_data_service.py:122] - [OK] [1/1] 'COROMANDEL' backfill complete: 91 records upserted.
[2026-09-04 00:04:56] [INFO] [cnx200_dashboard:historical_data_service.py:144] - Historical Backfill Finished. Total Stocks: 1, Success: 1, Failed: 0, Total Records: 91.
[2026-09-04 00:04:56] [INFO] [cnx200_dashboard:repositories.py:392] - Bulk upserted 227 RSI metrics into stock_rsi_metrics.
[2026-09-04 00:04:56] [INFO] [cnx200_dashboard:historical_data_service.py:37] - Starting Historical Market Data Backfill from 2026-04-27 to 2026-09-04...
[2026-09-04 00:04:56] [INFO] [cnx200_dashboard:historical_data_service.py:67] - Targeting 1 active stocks for historical backfill.
[2026-09-04 00:04:56] [INFO] [cnx200_dashboard:historical_data_service.py:71] - [1/1] Processing historical backfill for symbol 'CUMMINSIND'...
[2026-09-04 00:04:56] [INFO] [cnx200_dashboard:nse_client.py:59] - Fetching historical market data for CUMMINSIND from 27-04-2026 to 04-09-2026...
[2026-09-04 00:04:58] [INFO] [cnx200_dashboard:nse_client.py:69] - Retrieved 91 price records for CUMMINSIND.
[2026-09-04 00:04:58] [INFO] [cnx200_dashboard:repositories.py:164] - Bulk upserted 91 price records into daily_prices.
[2026-09-04 00:04:58] [INFO] [cnx200_dashboard:historical_data_service.py:122] - [OK] [1/1] 'CUMMINSIND' backfill complete: 91 records upserted.
[2026-09-04 00:04:58] [INFO] [cnx200_dashboard:historical_data_service.py:144] - Historical Backfill Finished. Total Stocks: 1, Success: 1, Failed: 0, Total Records: 91.
[2026-09-04 00:04:58] [INFO] [cnx200_dashboard:repositories.py:392] - Bulk upserted 227 RSI metrics into stock_rsi_metrics.
[2026-09-04 00:04:58] [INFO] [cnx200_dashboard:historical_data_service.py:37] - Starting Historical Market Data Backfill from 2026-04-27 to 2026-09-04...
[2026-09-04 00:04:58] [INFO] [cnx200_dashboard:historical_data_service.py:67] - Targeting 1 active stocks for historical backfill.
[2026-09-04 00:04:58] [INFO] [cnx200_dashboard:historical_data_service.py:71] - [1/1] Processing historical backfill for symbol 'DABUR'...
[2026-09-04 00:04:58] [INFO] [cnx200_dashboard:nse_client.py:59] - Fetching historical market data for DABUR from 27-04-2026 to 04-09-2026...
[2026-09-04 00:04:59] [INFO] [cnx200_dashboard:nse_client.py:69] - Retrieved 91 price records for DABUR.
[2026-09-04 00:05:00] [INFO] [cnx200_dashboard:repositories.py:164] - Bulk upserted 91 price records into daily_prices.
[2026-09-04 00:05:00] [INFO] [cnx200_dashboard:historical_data_service.py:122] - [OK] [1/1] 'DABUR' backfill complete: 91 records upserted.
[2026-09-04 00:05:00] [INFO] [cnx200_dashboard:historical_data_service.py:144] - Historical Backfill Finished. Total Stocks: 1, Success: 1, Failed: 0, Total Records: 91.
[2026-09-04 00:05:00] [INFO] [cnx200_dashboard:repositories.py:392] - Bulk upserted 227 RSI metrics into stock_rsi_metrics.
[2026-09-04 00:05:00] [INFO] [cnx200_dashboard:historical_data_service.py:37] - Starting Historical Market Data Backfill from 2026-04-27 to 2026-09-04...
[2026-09-04 00:05:00] [INFO] [cnx200_dashboard:historical_data_service.py:67] - Targeting 1 active stocks for historical backfill.
[2026-09-04 00:05:00] [INFO] [cnx200_dashboard:historical_data_service.py:71] - [1/1] Processing historical backfill for symbol 'DIVISLAB'...
[2026-09-04 00:05:00] [INFO] [cnx200_dashboard:nse_client.py:59] - Fetching historical market data for DIVISLAB from 27-04-2026 to 04-09-2026...
[2026-09-04 00:05:01] [INFO] [cnx200_dashboard:nse_client.py:69] - Retrieved 91 price records for DIVISLAB.
[2026-09-04 00:05:01] [INFO] [cnx200_dashboard:repositories.py:164] - Bulk upserted 91 price records into daily_prices.
[2026-09-04 00:05:01] [INFO] [cnx200_dashboard:historical_data_service.py:122] - [OK] [1/1] 'DIVISLAB' backfill complete: 91 records upserted.
[2026-09-04 00:05:01] [INFO] [cnx200_dashboard:historical_data_service.py:144] - Historical Backfill Finished. Total Stocks: 1, Success: 1, Failed: 0, Total Records: 91.
[2026-09-04 00:05:02] [INFO] [cnx200_dashboard:repositories.py:392] - Bulk upserted 227 RSI metrics into stock_rsi_metrics.
[2026-09-04 00:05:02] [INFO] [cnx200_dashboard:historical_data_service.py:37] - Starting Historical Market Data Backfill from 2026-04-27 to 2026-09-04...
[2026-09-04 00:05:02] [INFO] [cnx200_dashboard:historical_data_service.py:67] - Targeting 1 active stocks for historical backfill.
[2026-09-04 00:05:02] [INFO] [cnx200_dashboard:historical_data_service.py:71] - [1/1] Processing historical backfill for symbol 'DIXON'...
[2026-09-04 00:05:02] [INFO] [cnx200_dashboard:nse_client.py:59] - Fetching historical market data for DIXON from 27-04-2026 to 04-09-2026...
[2026-09-04 00:05:03] [INFO] [cnx200_dashboard:nse_client.py:69] - Retrieved 91 price records for DIXON.
[2026-09-04 00:05:03] [INFO] [cnx200_dashboard:repositories.py:164] - Bulk upserted 91 price records into daily_prices.
[2026-09-04 00:05:03] [INFO] [cnx200_dashboard:historical_data_service.py:122] - [OK] [1/1] 'DIXON' backfill complete: 91 records upserted.
[2026-09-04 00:05:03] [INFO] [cnx200_dashboard:historical_data_service.py:144] - Historical Backfill Finished. Total Stocks: 1, Success: 1, Failed: 0, Total Records: 91.
[2026-09-04 00:05:03] [INFO] [cnx200_dashboard:repositories.py:392] - Bulk upserted 227 RSI metrics into stock_rsi_metrics.
[2026-09-04 00:05:03] [INFO] [cnx200_dashboard:historical_data_service.py:37] - Starting Historical Market Data Backfill from 2026-04-27 to 2026-09-04...
[2026-09-04 00:05:03] [INFO] [cnx200_dashboard:historical_data_service.py:67] - Targeting 1 active stocks for historical backfill.
[2026-09-04 00:05:03] [INFO] [cnx200_dashboard:historical_data_service.py:71] - [1/1] Processing historical backfill for symbol 'DLF'...
[2026-09-04 00:05:03] [INFO] [cnx200_dashboard:nse_client.py:59] - Fetching historical market data for DLF from 27-04-2026 to 04-09-2026...
[2026-09-04 00:05:05] [INFO] [cnx200_dashboard:nse_client.py:69] - Retrieved 91 price records for DLF.
[2026-09-04 00:05:05] [INFO] [cnx200_dashboard:repositories.py:164] - Bulk upserted 91 price records into daily_prices.
[2026-09-04 00:05:05] [INFO] [cnx200_dashboard:historical_data_service.py:122] - [OK] [1/1] 'DLF' backfill complete: 91 records upserted.
[2026-09-04 00:05:05] [INFO] [cnx200_dashboard:historical_data_service.py:144] - Historical Backfill Finished. Total Stocks: 1, Success: 1, Failed: 0, Total Records: 91.
[2026-09-04 00:05:05] [INFO] [cnx200_dashboard:repositories.py:392] - Bulk upserted 227 RSI metrics into stock_rsi_metrics.
[2026-09-04 00:05:05] [INFO] [cnx200_dashboard:historical_data_service.py:37] - Starting Historical Market Data Backfill from 2026-04-27 to 2026-09-04...
[2026-09-04 00:05:05] [INFO] [cnx200_dashboard:historical_data_service.py:67] - Targeting 1 active stocks for historical backfill.
[2026-09-04 00:05:05] [INFO] [cnx200_dashboard:historical_data_service.py:71] - [1/1] Processing historical backfill for symbol 'DMART'...
[2026-09-04 00:05:05] [INFO] [cnx200_dashboard:nse_client.py:59] - Fetching historical market data for DMART from 27-04-2026 to 04-09-2026...
[2026-09-04 00:05:06] [INFO] [cnx200_dashboard:nse_client.py:69] - Retrieved 91 price records for DMART.
[2026-09-04 00:05:06] [INFO] [cnx200_dashboard:repositories.py:164] - Bulk upserted 91 price records into daily_prices.
[2026-09-04 00:05:06] [INFO] [cnx200_dashboard:historical_data_service.py:122] - [OK] [1/1] 'DMART' backfill complete: 91 records upserted.
[2026-09-04 00:05:06] [INFO] [cnx200_dashboard:historical_data_service.py:144] - Historical Backfill Finished. Total Stocks: 1, Success: 1, Failed: 0, Total Records: 91.
[2026-09-04 00:05:07] [INFO] [cnx200_dashboard:repositories.py:392] - Bulk upserted 227 RSI metrics into stock_rsi_metrics.
[2026-09-04 00:05:07] [INFO] [cnx200_dashboard:historical_data_service.py:37] - Starting Historical Market Data Backfill from 2026-04-27 to 2026-09-04...
[2026-09-04 00:05:07] [INFO] [cnx200_dashboard:historical_data_service.py:67] - Targeting 1 active stocks for historical backfill.
[2026-09-04 00:05:07] [INFO] [cnx200_dashboard:historical_data_service.py:71] - [1/1] Processing historical backfill for symbol 'DRREDDY'...
[2026-09-04 00:05:07] [INFO] [cnx200_dashboard:nse_client.py:59] - Fetching historical market data for DRREDDY from 27-04-2026 to 04-09-2026...
[2026-09-04 00:05:08] [INFO] [cnx200_dashboard:nse_client.py:69] - Retrieved 91 price records for DRREDDY.
[2026-09-04 00:05:08] [INFO] [cnx200_dashboard:repositories.py:164] - Bulk upserted 91 price records into daily_prices.
[2026-09-04 00:05:08] [INFO] [cnx200_dashboard:historical_data_service.py:122] - [OK] [1/1] 'DRREDDY' backfill complete: 91 records upserted.
[2026-09-04 00:05:08] [INFO] [cnx200_dashboard:historical_data_service.py:144] - Historical Backfill Finished. Total Stocks: 1, Success: 1, Failed: 0, Total Records: 91.
[2026-09-04 00:05:08] [INFO] [cnx200_dashboard:repositories.py:392] - Bulk upserted 227 RSI metrics into stock_rsi_metrics.
[2026-09-04 00:05:08] [INFO] [cnx200_dashboard:historical_data_service.py:37] - Starting Historical Market Data Backfill from 2026-04-27 to 2026-09-04...
[2026-09-04 00:05:08] [INFO] [cnx200_dashboard:historical_data_service.py:67] - Targeting 1 active stocks for historical backfill.
[2026-09-04 00:05:08] [INFO] [cnx200_dashboard:historical_data_service.py:71] - [1/1] Processing historical backfill for symbol 'EICHERMOT'...
[2026-09-04 00:05:08] [INFO] [cnx200_dashboard:nse_client.py:59] - Fetching historical market data for EICHERMOT from 27-04-2026 to 04-09-2026...
[2026-09-04 00:05:10] [INFO] [cnx200_dashboard:nse_client.py:69] - Retrieved 91 price records for EICHERMOT.
[2026-09-04 00:05:10] [INFO] [cnx200_dashboard:repositories.py:164] - Bulk upserted 91 price records into daily_prices.
[2026-09-04 00:05:10] [INFO] [cnx200_dashboard:historical_data_service.py:122] - [OK] [1/1] 'EICHERMOT' backfill complete: 91 records upserted.
[2026-09-04 00:05:10] [INFO] [cnx200_dashboard:historical_data_service.py:144] - Historical Backfill Finished. Total Stocks: 1, Success: 1, Failed: 0, Total Records: 91.
[2026-09-04 00:05:10] [INFO] [cnx200_dashboard:repositories.py:392] - Bulk upserted 227 RSI metrics into stock_rsi_metrics.
[2026-09-04 00:05:10] [INFO] [cnx200_dashboard:historical_data_service.py:37] - Starting Historical Market Data Backfill from 2026-04-27 to 2026-09-04...
[2026-09-04 00:05:10] [INFO] [cnx200_dashboard:historical_data_service.py:67] - Targeting 1 active stocks for historical backfill.
[2026-09-04 00:05:10] [INFO] [cnx200_dashboard:historical_data_service.py:71] - [1/1] Processing historical backfill for symbol 'ENRIN'...
[2026-09-04 00:05:10] [INFO] [cnx200_dashboard:nse_client.py:59] - Fetching historical market data for ENRIN from 27-04-2026 to 04-09-2026...
[2026-09-04 00:05:11] [INFO] [cnx200_dashboard:nse_client.py:69] - Retrieved 91 price records for ENRIN.
[2026-09-04 00:05:11] [INFO] [cnx200_dashboard:repositories.py:164] - Bulk upserted 91 price records into daily_prices.
[2026-09-04 00:05:11] [INFO] [cnx200_dashboard:historical_data_service.py:122] - [OK] [1/1] 'ENRIN' backfill complete: 91 records upserted.
[2026-09-04 00:05:11] [INFO] [cnx200_dashboard:historical_data_service.py:144] - Historical Backfill Finished. Total Stocks: 1, Success: 1, Failed: 0, Total Records: 91.
[2026-09-04 00:05:11] [INFO] [cnx200_dashboard:repositories.py:392] - Bulk upserted 227 RSI metrics into stock_rsi_metrics.
[2026-09-04 00:05:11] [INFO] [cnx200_dashboard:historical_data_service.py:37] - Starting Historical Market Data Backfill from 2026-04-27 to 2026-09-04...
[2026-09-04 00:05:11] [INFO] [cnx200_dashboard:historical_data_service.py:67] - Targeting 1 active stocks for historical backfill.
[2026-09-04 00:05:11] [INFO] [cnx200_dashboard:historical_data_service.py:71] - [1/1] Processing historical backfill for symbol 'ETERNAL'...
[2026-09-04 00:05:11] [INFO] [cnx200_dashboard:nse_client.py:59] - Fetching historical market data for ETERNAL from 27-04-2026 to 04-09-2026...
[2026-09-04 00:05:13] [INFO] [cnx200_dashboard:nse_client.py:69] - Retrieved 91 price records for ETERNAL.
[2026-09-04 00:05:13] [INFO] [cnx200_dashboard:repositories.py:164] - Bulk upserted 91 price records into daily_prices.
[2026-09-04 00:05:13] [INFO] [cnx200_dashboard:historical_data_service.py:122] - [OK] [1/1] 'ETERNAL' backfill complete: 91 records upserted.
[2026-09-04 00:05:13] [INFO] [cnx200_dashboard:historical_data_service.py:144] - Historical Backfill Finished. Total Stocks: 1, Success: 1, Failed: 0, Total Records: 91.
[2026-09-04 00:05:13] [INFO] [cnx200_dashboard:repositories.py:392] - Bulk upserted 227 RSI metrics into stock_rsi_metrics.
[2026-09-04 00:05:13] [INFO] [cnx200_dashboard:historical_data_service.py:37] - Starting Historical Market Data Backfill from 2026-04-27 to 2026-09-04...
[2026-09-04 00:05:13] [INFO] [cnx200_dashboard:historical_data_service.py:67] - Targeting 1 active stocks for historical backfill.
[2026-09-04 00:05:13] [INFO] [cnx200_dashboard:historical_data_service.py:71] - [1/1] Processing historical backfill for symbol 'EXIDEIND'...
[2026-09-04 00:05:13] [INFO] [cnx200_dashboard:nse_client.py:59] - Fetching historical market data for EXIDEIND from 27-04-2026 to 04-09-2026...
[2026-09-04 00:05:14] [INFO] [cnx200_dashboard:nse_client.py:69] - Retrieved 91 price records for EXIDEIND.
[2026-09-04 00:05:15] [INFO] [cnx200_dashboard:repositories.py:164] - Bulk upserted 91 price records into daily_prices.
[2026-09-04 00:05:15] [INFO] [cnx200_dashboard:historical_data_service.py:122] - [OK] [1/1] 'EXIDEIND' backfill complete: 91 records upserted.
[2026-09-04 00:05:15] [INFO] [cnx200_dashboard:historical_data_service.py:144] - Historical Backfill Finished. Total Stocks: 1, Success: 1, Failed: 0, Total Records: 91.
[2026-09-04 00:05:15] [INFO] [cnx200_dashboard:repositories.py:392] - Bulk upserted 227 RSI metrics into stock_rsi_metrics.
[2026-09-04 00:05:15] [INFO] [cnx200_dashboard:historical_data_service.py:37] - Starting Historical Market Data Backfill from 2026-04-27 to 2026-09-04...
[2026-09-04 00:05:15] [INFO] [cnx200_dashboard:historical_data_service.py:67] - Targeting 1 active stocks for historical backfill.
[2026-09-04 00:05:15] [INFO] [cnx200_dashboard:historical_data_service.py:71] - [1/1] Processing historical backfill for symbol 'FEDERALBNK'...
[2026-09-04 00:05:15] [INFO] [cnx200_dashboard:nse_client.py:59] - Fetching historical market data for FEDERALBNK from 27-04-2026 to 04-09-2026...
[2026-09-04 00:05:16] [INFO] [cnx200_dashboard:nse_client.py:69] - Retrieved 91 price records for FEDERALBNK.
[2026-09-04 00:05:16] [INFO] [cnx200_dashboard:repositories.py:164] - Bulk upserted 91 price records into daily_prices.
[2026-09-04 00:05:16] [INFO] [cnx200_dashboard:historical_data_service.py:122] - [OK] [1/1] 'FEDERALBNK' backfill complete: 91 records upserted.
[2026-09-04 00:05:16] [INFO] [cnx200_dashboard:historical_data_service.py:144] - Historical Backfill Finished. Total Stocks: 1, Success: 1, Failed: 0, Total Records: 91.
[2026-09-04 00:05:17] [INFO] [cnx200_dashboard:repositories.py:392] - Bulk upserted 227 RSI metrics into stock_rsi_metrics.
[2026-09-04 00:05:17] [INFO] [cnx200_dashboard:historical_data_service.py:37] - Starting Historical Market Data Backfill from 2026-04-27 to 2026-09-04...
[2026-09-04 00:05:17] [INFO] [cnx200_dashboard:historical_data_service.py:67] - Targeting 1 active stocks for historical backfill.
[2026-09-04 00:05:17] [INFO] [cnx200_dashboard:historical_data_service.py:71] - [1/1] Processing historical backfill for symbol 'FORTIS'...
[2026-09-04 00:05:17] [INFO] [cnx200_dashboard:nse_client.py:59] - Fetching historical market data for FORTIS from 27-04-2026 to 04-09-2026...
[2026-09-04 00:05:18] [INFO] [cnx200_dashboard:nse_client.py:69] - Retrieved 91 price records for FORTIS.
[2026-09-04 00:05:18] [INFO] [cnx200_dashboard:repositories.py:164] - Bulk upserted 91 price records into daily_prices.
[2026-09-04 00:05:18] [INFO] [cnx200_dashboard:historical_data_service.py:122] - [OK] [1/1] 'FORTIS' backfill complete: 91 records upserted.
[2026-09-04 00:05:18] [INFO] [cnx200_dashboard:historical_data_service.py:144] - Historical Backfill Finished. Total Stocks: 1, Success: 1, Failed: 0, Total Records: 91.
[2026-09-04 00:05:18] [INFO] [cnx200_dashboard:repositories.py:392] - Bulk upserted 227 RSI metrics into stock_rsi_metrics.
[2026-09-04 00:05:18] [INFO] [cnx200_dashboard:historical_data_service.py:37] - Starting Historical Market Data Backfill from 2026-04-27 to 2026-09-04...
[2026-09-04 00:05:18] [INFO] [cnx200_dashboard:historical_data_service.py:67] - Targeting 1 active stocks for historical backfill.
[2026-09-04 00:05:18] [INFO] [cnx200_dashboard:historical_data_service.py:71] - [1/1] Processing historical backfill for symbol 'GAIL'...
[2026-09-04 00:05:18] [INFO] [cnx200_dashboard:nse_client.py:59] - Fetching historical market data for GAIL from 27-04-2026 to 04-09-2026...
[2026-09-04 00:05:19] [INFO] [cnx200_dashboard:nse_client.py:69] - Retrieved 91 price records for GAIL.
[2026-09-04 00:05:20] [INFO] [cnx200_dashboard:repositories.py:164] - Bulk upserted 91 price records into daily_prices.
[2026-09-04 00:05:20] [INFO] [cnx200_dashboard:historical_data_service.py:122] - [OK] [1/1] 'GAIL' backfill complete: 91 records upserted.
[2026-09-04 00:05:20] [INFO] [cnx200_dashboard:historical_data_service.py:144] - Historical Backfill Finished. Total Stocks: 1, Success: 1, Failed: 0, Total Records: 91.
[2026-09-04 00:05:20] [INFO] [cnx200_dashboard:repositories.py:392] - Bulk upserted 227 RSI metrics into stock_rsi_metrics.
[2026-09-04 00:05:20] [INFO] [cnx200_dashboard:historical_data_service.py:37] - Starting Historical Market Data Backfill from 2026-04-27 to 2026-09-04...
[2026-09-04 00:05:20] [INFO] [cnx200_dashboard:historical_data_service.py:67] - Targeting 1 active stocks for historical backfill.
[2026-09-04 00:05:20] [INFO] [cnx200_dashboard:historical_data_service.py:71] - [1/1] Processing historical backfill for symbol 'GLENMARK'...
[2026-09-04 00:05:20] [INFO] [cnx200_dashboard:nse_client.py:59] - Fetching historical market data for GLENMARK from 27-04-2026 to 04-09-2026...
[2026-09-04 00:05:21] [INFO] [cnx200_dashboard:nse_client.py:69] - Retrieved 91 price records for GLENMARK.
[2026-09-04 00:05:21] [INFO] [cnx200_dashboard:repositories.py:164] - Bulk upserted 91 price records into daily_prices.
[2026-09-04 00:05:21] [INFO] [cnx200_dashboard:historical_data_service.py:122] - [OK] [1/1] 'GLENMARK' backfill complete: 91 records upserted.
[2026-09-04 00:05:21] [INFO] [cnx200_dashboard:historical_data_service.py:144] - Historical Backfill Finished. Total Stocks: 1, Success: 1, Failed: 0, Total Records: 91.
[2026-09-04 00:05:21] [INFO] [cnx200_dashboard:repositories.py:392] - Bulk upserted 227 RSI metrics into stock_rsi_metrics.
[2026-09-04 00:05:21] [INFO] [cnx200_dashboard:historical_data_service.py:37] - Starting Historical Market Data Backfill from 2026-04-27 to 2026-09-04...
[2026-09-04 00:05:21] [INFO] [cnx200_dashboard:historical_data_service.py:67] - Targeting 1 active stocks for historical backfill.
[2026-09-04 00:05:21] [INFO] [cnx200_dashboard:historical_data_service.py:71] - [1/1] Processing historical backfill for symbol 'GMRAIRPORT'...
[2026-09-04 00:05:21] [INFO] [cnx200_dashboard:nse_client.py:59] - Fetching historical market data for GMRAIRPORT from 27-04-2026 to 04-09-2026...
[2026-09-04 00:05:23] [INFO] [cnx200_dashboard:nse_client.py:69] - Retrieved 92 price records for GMRAIRPORT.
[2026-09-04 00:05:23] [INFO] [cnx200_dashboard:repositories.py:164] - Bulk upserted 92 price records into daily_prices.
[2026-09-04 00:05:23] [INFO] [cnx200_dashboard:historical_data_service.py:122] - [OK] [1/1] 'GMRAIRPORT' backfill complete: 92 records upserted.
[2026-09-04 00:05:23] [INFO] [cnx200_dashboard:historical_data_service.py:144] - Historical Backfill Finished. Total Stocks: 1, Success: 1, Failed: 0, Total Records: 92.
[2026-09-04 00:05:23] [INFO] [cnx200_dashboard:repositories.py:392] - Bulk upserted 227 RSI metrics into stock_rsi_metrics.
[2026-09-04 00:05:23] [INFO] [cnx200_dashboard:historical_data_service.py:37] - Starting Historical Market Data Backfill from 2026-04-27 to 2026-09-04...
[2026-09-04 00:05:23] [INFO] [cnx200_dashboard:historical_data_service.py:67] - Targeting 1 active stocks for historical backfill.
[2026-09-04 00:05:23] [INFO] [cnx200_dashboard:historical_data_service.py:71] - [1/1] Processing historical backfill for symbol 'GODFRYPHLP'...
[2026-09-04 00:05:23] [INFO] [cnx200_dashboard:nse_client.py:59] - Fetching historical market data for GODFRYPHLP from 27-04-2026 to 04-09-2026...
[2026-09-04 00:05:25] [INFO] [cnx200_dashboard:nse_client.py:69] - Retrieved 91 price records for GODFRYPHLP.
[2026-09-04 00:05:25] [INFO] [cnx200_dashboard:repositories.py:164] - Bulk upserted 91 price records into daily_prices.
[2026-09-04 00:05:25] [INFO] [cnx200_dashboard:historical_data_service.py:122] - [OK] [1/1] 'GODFRYPHLP' backfill complete: 91 records upserted.
[2026-09-04 00:05:25] [INFO] [cnx200_dashboard:historical_data_service.py:144] - Historical Backfill Finished. Total Stocks: 1, Success: 1, Failed: 0, Total Records: 91.
[2026-09-04 00:05:26] [INFO] [cnx200_dashboard:repositories.py:392] - Bulk upserted 227 RSI metrics into stock_rsi_metrics.
[2026-09-04 00:05:26] [INFO] [cnx200_dashboard:historical_data_service.py:37] - Starting Historical Market Data Backfill from 2026-04-27 to 2026-09-04...
[2026-09-04 00:05:26] [INFO] [cnx200_dashboard:historical_data_service.py:67] - Targeting 1 active stocks for historical backfill.
[2026-09-04 00:05:26] [INFO] [cnx200_dashboard:historical_data_service.py:71] - [1/1] Processing historical backfill for symbol 'GODREJCP'...
[2026-09-04 00:05:26] [INFO] [cnx200_dashboard:nse_client.py:59] - Fetching historical market data for GODREJCP from 27-04-2026 to 04-09-2026...
[2026-09-04 00:05:27] [INFO] [cnx200_dashboard:nse_client.py:69] - Retrieved 91 price records for GODREJCP.
[2026-09-04 00:05:27] [INFO] [cnx200_dashboard:repositories.py:164] - Bulk upserted 91 price records into daily_prices.
[2026-09-04 00:05:27] [INFO] [cnx200_dashboard:historical_data_service.py:122] - [OK] [1/1] 'GODREJCP' backfill complete: 91 records upserted.
[2026-09-04 00:05:27] [INFO] [cnx200_dashboard:historical_data_service.py:144] - Historical Backfill Finished. Total Stocks: 1, Success: 1, Failed: 0, Total Records: 91.
[2026-09-04 00:05:27] [INFO] [cnx200_dashboard:repositories.py:392] - Bulk upserted 227 RSI metrics into stock_rsi_metrics.
[2026-09-04 00:05:27] [INFO] [cnx200_dashboard:historical_data_service.py:37] - Starting Historical Market Data Backfill from 2026-04-27 to 2026-09-04...
[2026-09-04 00:05:27] [INFO] [cnx200_dashboard:historical_data_service.py:67] - Targeting 1 active stocks for historical backfill.
[2026-09-04 00:05:27] [INFO] [cnx200_dashboard:historical_data_service.py:71] - [1/1] Processing historical backfill for symbol 'GODREJPROP'...
[2026-09-04 00:05:27] [INFO] [cnx200_dashboard:nse_client.py:59] - Fetching historical market data for GODREJPROP from 27-04-2026 to 04-09-2026...
[2026-09-04 00:05:29] [INFO] [cnx200_dashboard:nse_client.py:69] - Retrieved 91 price records for GODREJPROP.
[2026-09-04 00:05:29] [INFO] [cnx200_dashboard:repositories.py:164] - Bulk upserted 91 price records into daily_prices.
[2026-09-04 00:05:29] [INFO] [cnx200_dashboard:historical_data_service.py:122] - [OK] [1/1] 'GODREJPROP' backfill complete: 91 records upserted.
[2026-09-04 00:05:29] [INFO] [cnx200_dashboard:historical_data_service.py:144] - Historical Backfill Finished. Total Stocks: 1, Success: 1, Failed: 0, Total Records: 91.
[2026-09-04 00:05:29] [INFO] [cnx200_dashboard:repositories.py:392] - Bulk upserted 227 RSI metrics into stock_rsi_metrics.
[2026-09-04 00:05:29] [INFO] [cnx200_dashboard:historical_data_service.py:37] - Starting Historical Market Data Backfill from 2026-04-27 to 2026-09-04...
[2026-09-04 00:05:29] [INFO] [cnx200_dashboard:historical_data_service.py:67] - Targeting 1 active stocks for historical backfill.
[2026-09-04 00:05:29] [INFO] [cnx200_dashboard:historical_data_service.py:71] - [1/1] Processing historical backfill for symbol 'GRASIM'...
[2026-09-04 00:05:29] [INFO] [cnx200_dashboard:nse_client.py:59] - Fetching historical market data for GRASIM from 27-04-2026 to 04-09-2026...
[2026-09-04 00:05:30] [INFO] [cnx200_dashboard:nse_client.py:69] - Retrieved 91 price records for GRASIM.
[2026-09-04 00:05:30] [INFO] [cnx200_dashboard:repositories.py:164] - Bulk upserted 91 price records into daily_prices.
[2026-09-04 00:05:30] [INFO] [cnx200_dashboard:historical_data_service.py:122] - [OK] [1/1] 'GRASIM' backfill complete: 91 records upserted.
[2026-09-04 00:05:30] [INFO] [cnx200_dashboard:historical_data_service.py:144] - Historical Backfill Finished. Total Stocks: 1, Success: 1, Failed: 0, Total Records: 91.
[2026-09-04 00:05:31] [INFO] [cnx200_dashboard:repositories.py:392] - Bulk upserted 227 RSI metrics into stock_rsi_metrics.
[2026-09-04 00:05:31] [INFO] [cnx200_dashboard:historical_data_service.py:37] - Starting Historical Market Data Backfill from 2026-04-27 to 2026-09-04...
[2026-09-04 00:05:31] [INFO] [cnx200_dashboard:historical_data_service.py:67] - Targeting 1 active stocks for historical backfill.
[2026-09-04 00:05:31] [INFO] [cnx200_dashboard:historical_data_service.py:71] - [1/1] Processing historical backfill for symbol 'GROWW'...
[2026-09-04 00:05:31] [INFO] [cnx200_dashboard:nse_client.py:59] - Fetching historical market data for GROWW from 27-04-2026 to 04-09-2026...
[2026-09-04 00:05:32] [INFO] [cnx200_dashboard:nse_client.py:69] - Retrieved 91 price records for GROWW.
[2026-09-04 00:05:32] [INFO] [cnx200_dashboard:repositories.py:164] - Bulk upserted 91 price records into daily_prices.
[2026-09-04 00:05:32] [INFO] [cnx200_dashboard:historical_data_service.py:122] - [OK] [1/1] 'GROWW' backfill complete: 91 records upserted.
[2026-09-04 00:05:32] [INFO] [cnx200_dashboard:historical_data_service.py:144] - Historical Backfill Finished. Total Stocks: 1, Success: 1, Failed: 0, Total Records: 91.
[2026-09-04 00:05:32] [INFO] [cnx200_dashboard:repositories.py:392] - Bulk upserted 180 RSI metrics into stock_rsi_metrics.
[2026-09-04 00:05:32] [INFO] [cnx200_dashboard:historical_data_service.py:37] - Starting Historical Market Data Backfill from 2026-04-27 to 2026-09-04...
[2026-09-04 00:05:32] [INFO] [cnx200_dashboard:historical_data_service.py:67] - Targeting 1 active stocks for historical backfill.
[2026-09-04 00:05:32] [INFO] [cnx200_dashboard:historical_data_service.py:71] - [1/1] Processing historical backfill for symbol 'GVT&D'...
[2026-09-04 00:05:32] [INFO] [cnx200_dashboard:nse_client.py:59] - Fetching historical market data for GVT&D from 27-04-2026 to 04-09-2026...
[2026-09-04 00:05:33] [INFO] [cnx200_dashboard:nse_client.py:69] - Retrieved 91 price records for GVT&D.
[2026-09-04 00:05:33] [INFO] [cnx200_dashboard:repositories.py:164] - Bulk upserted 91 price records into daily_prices.
[2026-09-04 00:05:33] [INFO] [cnx200_dashboard:historical_data_service.py:122] - [OK] [1/1] 'GVT&D' backfill complete: 91 records upserted.
[2026-09-04 00:05:33] [INFO] [cnx200_dashboard:historical_data_service.py:144] - Historical Backfill Finished. Total Stocks: 1, Success: 1, Failed: 0, Total Records: 91.
[2026-09-04 00:05:34] [INFO] [cnx200_dashboard:repositories.py:392] - Bulk upserted 227 RSI metrics into stock_rsi_metrics.
[2026-09-04 00:05:34] [INFO] [cnx200_dashboard:historical_data_service.py:37] - Starting Historical Market Data Backfill from 2026-04-27 to 2026-09-04...
[2026-09-04 00:05:34] [INFO] [cnx200_dashboard:historical_data_service.py:67] - Targeting 1 active stocks for historical backfill.
[2026-09-04 00:05:34] [INFO] [cnx200_dashboard:historical_data_service.py:71] - [1/1] Processing historical backfill for symbol 'HAL'...
[2026-09-04 00:05:34] [INFO] [cnx200_dashboard:nse_client.py:59] - Fetching historical market data for HAL from 27-04-2026 to 04-09-2026...
[2026-09-04 00:05:35] [INFO] [cnx200_dashboard:nse_client.py:69] - Retrieved 91 price records for HAL.
[2026-09-04 00:05:35] [INFO] [cnx200_dashboard:repositories.py:164] - Bulk upserted 91 price records into daily_prices.
[2026-09-04 00:05:35] [INFO] [cnx200_dashboard:historical_data_service.py:122] - [OK] [1/1] 'HAL' backfill complete: 91 records upserted.
[2026-09-04 00:05:35] [INFO] [cnx200_dashboard:historical_data_service.py:144] - Historical Backfill Finished. Total Stocks: 1, Success: 1, Failed: 0, Total Records: 91.
[2026-09-04 00:05:35] [INFO] [cnx200_dashboard:repositories.py:392] - Bulk upserted 227 RSI metrics into stock_rsi_metrics.
[2026-09-04 00:05:35] [INFO] [cnx200_dashboard:historical_data_service.py:37] - Starting Historical Market Data Backfill from 2026-04-27 to 2026-09-04...
[2026-09-04 00:05:35] [INFO] [cnx200_dashboard:historical_data_service.py:67] - Targeting 1 active stocks for historical backfill.
[2026-09-04 00:05:35] [INFO] [cnx200_dashboard:historical_data_service.py:71] - [1/1] Processing historical backfill for symbol 'HAVELLS'...
[2026-09-04 00:05:35] [INFO] [cnx200_dashboard:nse_client.py:59] - Fetching historical market data for HAVELLS from 27-04-2026 to 04-09-2026...
[2026-09-04 00:05:36] [INFO] [cnx200_dashboard:nse_client.py:69] - Retrieved 91 price records for HAVELLS.
[2026-09-04 00:05:37] [INFO] [cnx200_dashboard:repositories.py:164] - Bulk upserted 91 price records into daily_prices.
[2026-09-04 00:05:37] [INFO] [cnx200_dashboard:historical_data_service.py:122] - [OK] [1/1] 'HAVELLS' backfill complete: 91 records upserted.
[2026-09-04 00:05:37] [INFO] [cnx200_dashboard:historical_data_service.py:144] - Historical Backfill Finished. Total Stocks: 1, Success: 1, Failed: 0, Total Records: 91.
[2026-09-04 00:05:37] [INFO] [cnx200_dashboard:repositories.py:392] - Bulk upserted 227 RSI metrics into stock_rsi_metrics.
[2026-09-04 00:05:37] [INFO] [cnx200_dashboard:historical_data_service.py:37] - Starting Historical Market Data Backfill from 2026-04-27 to 2026-09-04...
[2026-09-04 00:05:37] [INFO] [cnx200_dashboard:historical_data_service.py:67] - Targeting 1 active stocks for historical backfill.
[2026-09-04 00:05:37] [INFO] [cnx200_dashboard:historical_data_service.py:71] - [1/1] Processing historical backfill for symbol 'HCLTECH'...
[2026-09-04 00:05:37] [INFO] [cnx200_dashboard:nse_client.py:59] - Fetching historical market data for HCLTECH from 27-04-2026 to 04-09-2026...
[2026-09-04 00:05:38] [INFO] [cnx200_dashboard:nse_client.py:69] - Retrieved 91 price records for HCLTECH.
[2026-09-04 00:05:38] [INFO] [cnx200_dashboard:repositories.py:164] - Bulk upserted 91 price records into daily_prices.
[2026-09-04 00:05:38] [INFO] [cnx200_dashboard:historical_data_service.py:122] - [OK] [1/1] 'HCLTECH' backfill complete: 91 records upserted.
[2026-09-04 00:05:38] [INFO] [cnx200_dashboard:historical_data_service.py:144] - Historical Backfill Finished. Total Stocks: 1, Success: 1, Failed: 0, Total Records: 91.
[2026-09-04 00:05:38] [INFO] [cnx200_dashboard:repositories.py:392] - Bulk upserted 227 RSI metrics into stock_rsi_metrics.
[2026-09-04 00:05:38] [INFO] [cnx200_dashboard:historical_data_service.py:37] - Starting Historical Market Data Backfill from 2026-04-27 to 2026-09-04...
[2026-09-04 00:05:38] [INFO] [cnx200_dashboard:historical_data_service.py:67] - Targeting 1 active stocks for historical backfill.
[2026-09-04 00:05:38] [INFO] [cnx200_dashboard:historical_data_service.py:71] - [1/1] Processing historical backfill for symbol 'HDFCAMC'...
[2026-09-04 00:05:38] [INFO] [cnx200_dashboard:nse_client.py:59] - Fetching historical market data for HDFCAMC from 27-04-2026 to 04-09-2026...
[2026-09-04 00:05:39] [INFO] [cnx200_dashboard:nse_client.py:69] - Retrieved 91 price records for HDFCAMC.
[2026-09-04 00:05:40] [INFO] [cnx200_dashboard:repositories.py:164] - Bulk upserted 91 price records into daily_prices.
[2026-09-04 00:05:40] [INFO] [cnx200_dashboard:historical_data_service.py:122] - [OK] [1/1] 'HDFCAMC' backfill complete: 91 records upserted.
[2026-09-04 00:05:40] [INFO] [cnx200_dashboard:historical_data_service.py:144] - Historical Backfill Finished. Total Stocks: 1, Success: 1, Failed: 0, Total Records: 91.
[2026-09-04 00:05:40] [INFO] [cnx200_dashboard:repositories.py:392] - Bulk upserted 227 RSI metrics into stock_rsi_metrics.
[2026-09-04 00:05:40] [INFO] [cnx200_dashboard:historical_data_service.py:37] - Starting Historical Market Data Backfill from 2026-04-27 to 2026-09-04...
[2026-09-04 00:05:40] [INFO] [cnx200_dashboard:historical_data_service.py:67] - Targeting 1 active stocks for historical backfill.
[2026-09-04 00:05:40] [INFO] [cnx200_dashboard:historical_data_service.py:71] - [1/1] Processing historical backfill for symbol 'HDFCBANK'...
[2026-09-04 00:05:40] [INFO] [cnx200_dashboard:nse_client.py:59] - Fetching historical market data for HDFCBANK from 27-04-2026 to 04-09-2026...
[2026-09-04 00:05:41] [INFO] [cnx200_dashboard:nse_client.py:69] - Retrieved 92 price records for HDFCBANK.
[2026-09-04 00:05:41] [INFO] [cnx200_dashboard:repositories.py:164] - Bulk upserted 92 price records into daily_prices.
[2026-09-04 00:05:41] [INFO] [cnx200_dashboard:historical_data_service.py:122] - [OK] [1/1] 'HDFCBANK' backfill complete: 92 records upserted.
[2026-09-04 00:05:41] [INFO] [cnx200_dashboard:historical_data_service.py:144] - Historical Backfill Finished. Total Stocks: 1, Success: 1, Failed: 0, Total Records: 92.
[2026-09-04 00:05:41] [INFO] [cnx200_dashboard:repositories.py:392] - Bulk upserted 69 RSI metrics into stock_rsi_metrics.
[2026-09-04 00:05:41] [INFO] [cnx200_dashboard:historical_data_service.py:37] - Starting Historical Market Data Backfill from 2026-04-27 to 2026-09-04...
[2026-09-04 00:05:41] [INFO] [cnx200_dashboard:historical_data_service.py:67] - Targeting 1 active stocks for historical backfill.
[2026-09-04 00:05:41] [INFO] [cnx200_dashboard:historical_data_service.py:71] - [1/1] Processing historical backfill for symbol 'HDFCLIFE'...
[2026-09-04 00:05:41] [INFO] [cnx200_dashboard:nse_client.py:59] - Fetching historical market data for HDFCLIFE from 27-04-2026 to 04-09-2026...
[2026-09-04 00:05:43] [INFO] [cnx200_dashboard:nse_client.py:69] - Retrieved 91 price records for HDFCLIFE.
[2026-09-04 00:05:43] [INFO] [cnx200_dashboard:repositories.py:164] - Bulk upserted 91 price records into daily_prices.
[2026-09-04 00:05:43] [INFO] [cnx200_dashboard:historical_data_service.py:122] - [OK] [1/1] 'HDFCLIFE' backfill complete: 91 records upserted.
[2026-09-04 00:05:43] [INFO] [cnx200_dashboard:historical_data_service.py:144] - Historical Backfill Finished. Total Stocks: 1, Success: 1, Failed: 0, Total Records: 91.
[2026-09-04 00:05:43] [INFO] [cnx200_dashboard:repositories.py:392] - Bulk upserted 227 RSI metrics into stock_rsi_metrics.
[2026-09-04 00:05:43] [INFO] [cnx200_dashboard:historical_data_service.py:37] - Starting Historical Market Data Backfill from 2026-04-27 to 2026-09-04...
[2026-09-04 00:05:43] [INFO] [cnx200_dashboard:historical_data_service.py:67] - Targeting 1 active stocks for historical backfill.
[2026-09-04 00:05:43] [INFO] [cnx200_dashboard:historical_data_service.py:71] - [1/1] Processing historical backfill for symbol 'HEROMOTOCO'...
[2026-09-04 00:05:43] [INFO] [cnx200_dashboard:nse_client.py:59] - Fetching historical market data for HEROMOTOCO from 27-04-2026 to 04-09-2026...
[2026-09-04 00:05:44] [INFO] [cnx200_dashboard:nse_client.py:69] - Retrieved 91 price records for HEROMOTOCO.
[2026-09-04 00:05:44] [INFO] [cnx200_dashboard:repositories.py:164] - Bulk upserted 91 price records into daily_prices.
[2026-09-04 00:05:44] [INFO] [cnx200_dashboard:historical_data_service.py:122] - [OK] [1/1] 'HEROMOTOCO' backfill complete: 91 records upserted.
[2026-09-04 00:05:44] [INFO] [cnx200_dashboard:historical_data_service.py:144] - Historical Backfill Finished. Total Stocks: 1, Success: 1, Failed: 0, Total Records: 91.
[2026-09-04 00:05:45] [INFO] [cnx200_dashboard:repositories.py:392] - Bulk upserted 227 RSI metrics into stock_rsi_metrics.
[2026-09-04 00:05:45] [INFO] [cnx200_dashboard:historical_data_service.py:37] - Starting Historical Market Data Backfill from 2026-04-27 to 2026-09-04...
[2026-09-04 00:05:45] [INFO] [cnx200_dashboard:historical_data_service.py:67] - Targeting 1 active stocks for historical backfill.
[2026-09-04 00:05:45] [INFO] [cnx200_dashboard:historical_data_service.py:71] - [1/1] Processing historical backfill for symbol 'HINDALCO'...
[2026-09-04 00:05:45] [INFO] [cnx200_dashboard:nse_client.py:59] - Fetching historical market data for HINDALCO from 27-04-2026 to 04-09-2026...
[2026-09-04 00:05:46] [INFO] [cnx200_dashboard:nse_client.py:69] - Retrieved 91 price records for HINDALCO.
[2026-09-04 00:05:46] [INFO] [cnx200_dashboard:repositories.py:164] - Bulk upserted 91 price records into daily_prices.
[2026-09-04 00:05:46] [INFO] [cnx200_dashboard:historical_data_service.py:122] - [OK] [1/1] 'HINDALCO' backfill complete: 91 records upserted.
[2026-09-04 00:05:46] [INFO] [cnx200_dashboard:historical_data_service.py:144] - Historical Backfill Finished. Total Stocks: 1, Success: 1, Failed: 0, Total Records: 91.
[2026-09-04 00:05:46] [INFO] [cnx200_dashboard:repositories.py:392] - Bulk upserted 227 RSI metrics into stock_rsi_metrics.
[2026-09-04 00:05:46] [INFO] [cnx200_dashboard:historical_data_service.py:37] - Starting Historical Market Data Backfill from 2026-04-27 to 2026-09-04...
[2026-09-04 00:05:46] [INFO] [cnx200_dashboard:historical_data_service.py:67] - Targeting 1 active stocks for historical backfill.
[2026-09-04 00:05:46] [INFO] [cnx200_dashboard:historical_data_service.py:71] - [1/1] Processing historical backfill for symbol 'HINDPETRO'...
[2026-09-04 00:05:46] [INFO] [cnx200_dashboard:nse_client.py:59] - Fetching historical market data for HINDPETRO from 27-04-2026 to 04-09-2026...
[2026-09-04 00:05:47] [INFO] [cnx200_dashboard:nse_client.py:69] - Retrieved 91 price records for HINDPETRO.
[2026-09-04 00:05:48] [INFO] [cnx200_dashboard:repositories.py:164] - Bulk upserted 91 price records into daily_prices.
[2026-09-04 00:05:48] [INFO] [cnx200_dashboard:historical_data_service.py:122] - [OK] [1/1] 'HINDPETRO' backfill complete: 91 records upserted.
[2026-09-04 00:05:48] [INFO] [cnx200_dashboard:historical_data_service.py:144] - Historical Backfill Finished. Total Stocks: 1, Success: 1, Failed: 0, Total Records: 91.
[2026-09-04 00:05:48] [INFO] [cnx200_dashboard:repositories.py:392] - Bulk upserted 227 RSI metrics into stock_rsi_metrics.
[2026-09-04 00:05:48] [INFO] [cnx200_dashboard:historical_data_service.py:37] - Starting Historical Market Data Backfill from 2026-04-27 to 2026-09-04...
[2026-09-04 00:05:48] [INFO] [cnx200_dashboard:historical_data_service.py:67] - Targeting 1 active stocks for historical backfill.
[2026-09-04 00:05:48] [INFO] [cnx200_dashboard:historical_data_service.py:71] - [1/1] Processing historical backfill for symbol 'HINDUNILVR'...
[2026-09-04 00:05:48] [INFO] [cnx200_dashboard:nse_client.py:59] - Fetching historical market data for HINDUNILVR from 27-04-2026 to 04-09-2026...
[2026-09-04 00:05:49] [INFO] [cnx200_dashboard:nse_client.py:69] - Retrieved 92 price records for HINDUNILVR.
[2026-09-04 00:05:49] [INFO] [cnx200_dashboard:repositories.py:164] - Bulk upserted 92 price records into daily_prices.
[2026-09-04 00:05:49] [INFO] [cnx200_dashboard:historical_data_service.py:122] - [OK] [1/1] 'HINDUNILVR' backfill complete: 92 records upserted.
[2026-09-04 00:05:49] [INFO] [cnx200_dashboard:historical_data_service.py:144] - Historical Backfill Finished. Total Stocks: 1, Success: 1, Failed: 0, Total Records: 92.
[2026-09-04 00:05:49] [INFO] [cnx200_dashboard:repositories.py:392] - Bulk upserted 227 RSI metrics into stock_rsi_metrics.
[2026-09-04 00:05:49] [INFO] [cnx200_dashboard:historical_data_service.py:37] - Starting Historical Market Data Backfill from 2026-04-27 to 2026-09-04...
[2026-09-04 00:05:49] [INFO] [cnx200_dashboard:historical_data_service.py:67] - Targeting 1 active stocks for historical backfill.
[2026-09-04 00:05:49] [INFO] [cnx200_dashboard:historical_data_service.py:71] - [1/1] Processing historical backfill for symbol 'HINDZINC'...
[2026-09-04 00:05:49] [INFO] [cnx200_dashboard:nse_client.py:59] - Fetching historical market data for HINDZINC from 27-04-2026 to 04-09-2026...
[2026-09-04 00:05:51] [INFO] [cnx200_dashboard:nse_client.py:69] - Retrieved 91 price records for HINDZINC.
[2026-09-04 00:05:51] [INFO] [cnx200_dashboard:repositories.py:164] - Bulk upserted 91 price records into daily_prices.
[2026-09-04 00:05:51] [INFO] [cnx200_dashboard:historical_data_service.py:122] - [OK] [1/1] 'HINDZINC' backfill complete: 91 records upserted.
[2026-09-04 00:05:51] [INFO] [cnx200_dashboard:historical_data_service.py:144] - Historical Backfill Finished. Total Stocks: 1, Success: 1, Failed: 0, Total Records: 91.
[2026-09-04 00:05:51] [INFO] [cnx200_dashboard:repositories.py:392] - Bulk upserted 227 RSI metrics into stock_rsi_metrics.
[2026-09-04 00:05:51] [INFO] [cnx200_dashboard:historical_data_service.py:37] - Starting Historical Market Data Backfill from 2026-04-27 to 2026-09-04...
[2026-09-04 00:05:51] [INFO] [cnx200_dashboard:historical_data_service.py:67] - Targeting 1 active stocks for historical backfill.
[2026-09-04 00:05:51] [INFO] [cnx200_dashboard:historical_data_service.py:71] - [1/1] Processing historical backfill for symbol 'HUDCO'...
[2026-09-04 00:05:51] [INFO] [cnx200_dashboard:nse_client.py:59] - Fetching historical market data for HUDCO from 27-04-2026 to 04-09-2026...
[2026-09-04 00:05:52] [INFO] [cnx200_dashboard:nse_client.py:69] - Retrieved 91 price records for HUDCO.
[2026-09-04 00:05:52] [INFO] [cnx200_dashboard:repositories.py:164] - Bulk upserted 91 price records into daily_prices.
[2026-09-04 00:05:52] [INFO] [cnx200_dashboard:historical_data_service.py:122] - [OK] [1/1] 'HUDCO' backfill complete: 91 records upserted.
[2026-09-04 00:05:52] [INFO] [cnx200_dashboard:historical_data_service.py:144] - Historical Backfill Finished. Total Stocks: 1, Success: 1, Failed: 0, Total Records: 91.
[2026-09-04 00:05:53] [INFO] [cnx200_dashboard:repositories.py:392] - Bulk upserted 227 RSI metrics into stock_rsi_metrics.
[2026-09-04 00:05:53] [INFO] [cnx200_dashboard:historical_data_service.py:37] - Starting Historical Market Data Backfill from 2026-04-27 to 2026-09-04...
[2026-09-04 00:05:53] [INFO] [cnx200_dashboard:historical_data_service.py:67] - Targeting 1 active stocks for historical backfill.
[2026-09-04 00:05:53] [INFO] [cnx200_dashboard:historical_data_service.py:71] - [1/1] Processing historical backfill for symbol 'HYUNDAI'...
[2026-09-04 00:05:53] [INFO] [cnx200_dashboard:nse_client.py:59] - Fetching historical market data for HYUNDAI from 27-04-2026 to 04-09-2026...
[2026-09-04 00:05:54] [INFO] [cnx200_dashboard:nse_client.py:69] - Retrieved 91 price records for HYUNDAI.
[2026-09-04 00:05:54] [INFO] [cnx200_dashboard:repositories.py:164] - Bulk upserted 91 price records into daily_prices.
[2026-09-04 00:05:54] [INFO] [cnx200_dashboard:historical_data_service.py:122] - [OK] [1/1] 'HYUNDAI' backfill complete: 91 records upserted.
[2026-09-04 00:05:54] [INFO] [cnx200_dashboard:historical_data_service.py:144] - Historical Backfill Finished. Total Stocks: 1, Success: 1, Failed: 0, Total Records: 91.
[2026-09-04 00:05:54] [INFO] [cnx200_dashboard:repositories.py:392] - Bulk upserted 227 RSI metrics into stock_rsi_metrics.
[2026-09-04 00:05:54] [INFO] [cnx200_dashboard:historical_data_service.py:37] - Starting Historical Market Data Backfill from 2026-04-27 to 2026-09-04...
[2026-09-04 00:05:54] [INFO] [cnx200_dashboard:historical_data_service.py:67] - Targeting 1 active stocks for historical backfill.
[2026-09-04 00:05:54] [INFO] [cnx200_dashboard:historical_data_service.py:71] - [1/1] Processing historical backfill for symbol 'ICICIAMC'...
[2026-09-04 00:05:54] [INFO] [cnx200_dashboard:nse_client.py:59] - Fetching historical market data for ICICIAMC from 27-04-2026 to 04-09-2026...
[2026-09-04 00:05:56] [INFO] [cnx200_dashboard:nse_client.py:69] - Retrieved 91 price records for ICICIAMC.
[2026-09-04 00:05:56] [INFO] [cnx200_dashboard:repositories.py:164] - Bulk upserted 91 price records into daily_prices.
[2026-09-04 00:05:56] [INFO] [cnx200_dashboard:historical_data_service.py:122] - [OK] [1/1] 'ICICIAMC' backfill complete: 91 records upserted.
[2026-09-04 00:05:56] [INFO] [cnx200_dashboard:historical_data_service.py:144] - Historical Backfill Finished. Total Stocks: 1, Success: 1, Failed: 0, Total Records: 91.
[2026-09-04 00:05:56] [INFO] [cnx200_dashboard:repositories.py:392] - Bulk upserted 153 RSI metrics into stock_rsi_metrics.
[2026-09-04 00:05:56] [INFO] [cnx200_dashboard:historical_data_service.py:37] - Starting Historical Market Data Backfill from 2026-04-27 to 2026-09-04...
[2026-09-04 00:05:56] [INFO] [cnx200_dashboard:historical_data_service.py:67] - Targeting 1 active stocks for historical backfill.
[2026-09-04 00:05:56] [INFO] [cnx200_dashboard:historical_data_service.py:71] - [1/1] Processing historical backfill for symbol 'ICICIBANK'...
[2026-09-04 00:05:56] [INFO] [cnx200_dashboard:nse_client.py:59] - Fetching historical market data for ICICIBANK from 27-04-2026 to 04-09-2026...
[2026-09-04 00:05:57] [INFO] [cnx200_dashboard:nse_client.py:69] - Retrieved 92 price records for ICICIBANK.
[2026-09-04 00:05:57] [INFO] [cnx200_dashboard:repositories.py:164] - Bulk upserted 92 price records into daily_prices.
[2026-09-04 00:05:57] [INFO] [cnx200_dashboard:historical_data_service.py:122] - [OK] [1/1] 'ICICIBANK' backfill complete: 92 records upserted.
[2026-09-04 00:05:57] [INFO] [cnx200_dashboard:historical_data_service.py:144] - Historical Backfill Finished. Total Stocks: 1, Success: 1, Failed: 0, Total Records: 92.
[2026-09-04 00:05:57] [INFO] [cnx200_dashboard:repositories.py:392] - Bulk upserted 227 RSI metrics into stock_rsi_metrics.
[2026-09-04 00:05:57] [INFO] [cnx200_dashboard:historical_data_service.py:37] - Starting Historical Market Data Backfill from 2026-04-27 to 2026-09-04...
[2026-09-04 00:05:57] [INFO] [cnx200_dashboard:historical_data_service.py:67] - Targeting 1 active stocks for historical backfill.
[2026-09-04 00:05:57] [INFO] [cnx200_dashboard:historical_data_service.py:71] - [1/1] Processing historical backfill for symbol 'ICICIGI'...
[2026-09-04 00:05:57] [INFO] [cnx200_dashboard:nse_client.py:59] - Fetching historical market data for ICICIGI from 27-04-2026 to 04-09-2026...
[2026-09-04 00:05:59] [INFO] [cnx200_dashboard:nse_client.py:69] - Retrieved 91 price records for ICICIGI.
[2026-09-04 00:05:59] [INFO] [cnx200_dashboard:repositories.py:164] - Bulk upserted 91 price records into daily_prices.
[2026-09-04 00:05:59] [INFO] [cnx200_dashboard:historical_data_service.py:122] - [OK] [1/1] 'ICICIGI' backfill complete: 91 records upserted.
[2026-09-04 00:05:59] [INFO] [cnx200_dashboard:historical_data_service.py:144] - Historical Backfill Finished. Total Stocks: 1, Success: 1, Failed: 0, Total Records: 91.
[2026-09-04 00:05:59] [INFO] [cnx200_dashboard:repositories.py:392] - Bulk upserted 227 RSI metrics into stock_rsi_metrics.
[2026-09-04 00:05:59] [INFO] [cnx200_dashboard:historical_data_service.py:37] - Starting Historical Market Data Backfill from 2026-04-27 to 2026-09-04...
[2026-09-04 00:05:59] [INFO] [cnx200_dashboard:historical_data_service.py:67] - Targeting 1 active stocks for historical backfill.
[2026-09-04 00:05:59] [INFO] [cnx200_dashboard:historical_data_service.py:71] - [1/1] Processing historical backfill for symbol 'IDEA'...
[2026-09-04 00:05:59] [INFO] [cnx200_dashboard:nse_client.py:59] - Fetching historical market data for IDEA from 27-04-2026 to 04-09-2026...
[2026-09-04 00:06:00] [INFO] [cnx200_dashboard:nse_client.py:69] - Retrieved 91 price records for IDEA.
[2026-09-04 00:06:01] [INFO] [cnx200_dashboard:repositories.py:164] - Bulk upserted 91 price records into daily_prices.
[2026-09-04 00:06:01] [INFO] [cnx200_dashboard:historical_data_service.py:122] - [OK] [1/1] 'IDEA' backfill complete: 91 records upserted.
[2026-09-04 00:06:01] [INFO] [cnx200_dashboard:historical_data_service.py:144] - Historical Backfill Finished. Total Stocks: 1, Success: 1, Failed: 0, Total Records: 91.
[2026-09-04 00:06:01] [INFO] [cnx200_dashboard:repositories.py:392] - Bulk upserted 227 RSI metrics into stock_rsi_metrics.
[2026-09-04 00:06:01] [INFO] [cnx200_dashboard:historical_data_service.py:37] - Starting Historical Market Data Backfill from 2026-04-27 to 2026-09-04...
[2026-09-04 00:06:01] [INFO] [cnx200_dashboard:historical_data_service.py:67] - Targeting 1 active stocks for historical backfill.
[2026-09-04 00:06:01] [INFO] [cnx200_dashboard:historical_data_service.py:71] - [1/1] Processing historical backfill for symbol 'IDFCFIRSTB'...
[2026-09-04 00:06:01] [INFO] [cnx200_dashboard:nse_client.py:59] - Fetching historical market data for IDFCFIRSTB from 27-04-2026 to 04-09-2026...
[2026-09-04 00:06:02] [INFO] [cnx200_dashboard:nse_client.py:69] - Retrieved 91 price records for IDFCFIRSTB.
[2026-09-04 00:06:02] [INFO] [cnx200_dashboard:repositories.py:164] - Bulk upserted 91 price records into daily_prices.
[2026-09-04 00:06:02] [INFO] [cnx200_dashboard:historical_data_service.py:122] - [OK] [1/1] 'IDFCFIRSTB' backfill complete: 91 records upserted.
[2026-09-04 00:06:02] [INFO] [cnx200_dashboard:historical_data_service.py:144] - Historical Backfill Finished. Total Stocks: 1, Success: 1, Failed: 0, Total Records: 91.
[2026-09-04 00:06:03] [INFO] [cnx200_dashboard:repositories.py:392] - Bulk upserted 227 RSI metrics into stock_rsi_metrics.
[2026-09-04 00:06:03] [INFO] [cnx200_dashboard:historical_data_service.py:37] - Starting Historical Market Data Backfill from 2026-04-27 to 2026-09-04...
[2026-09-04 00:06:03] [INFO] [cnx200_dashboard:historical_data_service.py:67] - Targeting 1 active stocks for historical backfill.
[2026-09-04 00:06:03] [INFO] [cnx200_dashboard:historical_data_service.py:71] - [1/1] Processing historical backfill for symbol 'INDHOTEL'...
[2026-09-04 00:06:03] [INFO] [cnx200_dashboard:nse_client.py:59] - Fetching historical market data for INDHOTEL from 27-04-2026 to 04-09-2026...
[2026-09-04 00:06:04] [INFO] [cnx200_dashboard:nse_client.py:69] - Retrieved 91 price records for INDHOTEL.
[2026-09-04 00:06:04] [INFO] [cnx200_dashboard:repositories.py:164] - Bulk upserted 91 price records into daily_prices.
[2026-09-04 00:06:04] [INFO] [cnx200_dashboard:historical_data_service.py:122] - [OK] [1/1] 'INDHOTEL' backfill complete: 91 records upserted.
[2026-09-04 00:06:04] [INFO] [cnx200_dashboard:historical_data_service.py:144] - Historical Backfill Finished. Total Stocks: 1, Success: 1, Failed: 0, Total Records: 91.
[2026-09-04 00:06:04] [INFO] [cnx200_dashboard:repositories.py:392] - Bulk upserted 227 RSI metrics into stock_rsi_metrics.
[2026-09-04 00:06:04] [INFO] [cnx200_dashboard:historical_data_service.py:37] - Starting Historical Market Data Backfill from 2026-04-27 to 2026-09-04...
[2026-09-04 00:06:04] [INFO] [cnx200_dashboard:historical_data_service.py:67] - Targeting 1 active stocks for historical backfill.
[2026-09-04 00:06:04] [INFO] [cnx200_dashboard:historical_data_service.py:71] - [1/1] Processing historical backfill for symbol 'INDIANB'...
[2026-09-04 00:06:04] [INFO] [cnx200_dashboard:nse_client.py:59] - Fetching historical market data for INDIANB from 27-04-2026 to 04-09-2026...
[2026-09-04 00:06:05] [INFO] [cnx200_dashboard:nse_client.py:69] - Retrieved 91 price records for INDIANB.
[2026-09-04 00:06:05] [INFO] [cnx200_dashboard:repositories.py:164] - Bulk upserted 91 price records into daily_prices.
[2026-09-04 00:06:05] [INFO] [cnx200_dashboard:historical_data_service.py:122] - [OK] [1/1] 'INDIANB' backfill complete: 91 records upserted.
[2026-09-04 00:06:05] [INFO] [cnx200_dashboard:historical_data_service.py:144] - Historical Backfill Finished. Total Stocks: 1, Success: 1, Failed: 0, Total Records: 91.
[2026-09-04 00:06:06] [INFO] [cnx200_dashboard:repositories.py:392] - Bulk upserted 227 RSI metrics into stock_rsi_metrics.
[2026-09-04 00:06:06] [INFO] [cnx200_dashboard:historical_data_service.py:37] - Starting Historical Market Data Backfill from 2026-04-27 to 2026-09-04...
[2026-09-04 00:06:06] [INFO] [cnx200_dashboard:historical_data_service.py:67] - Targeting 1 active stocks for historical backfill.
[2026-09-04 00:06:06] [INFO] [cnx200_dashboard:historical_data_service.py:71] - [1/1] Processing historical backfill for symbol 'INDIGO'...
[2026-09-04 00:06:06] [INFO] [cnx200_dashboard:nse_client.py:59] - Fetching historical market data for INDIGO from 27-04-2026 to 04-09-2026...
[2026-09-04 00:06:07] [INFO] [cnx200_dashboard:nse_client.py:69] - Retrieved 91 price records for INDIGO.
[2026-09-04 00:06:07] [INFO] [cnx200_dashboard:repositories.py:164] - Bulk upserted 91 price records into daily_prices.
[2026-09-04 00:06:07] [INFO] [cnx200_dashboard:historical_data_service.py:122] - [OK] [1/1] 'INDIGO' backfill complete: 91 records upserted.
[2026-09-04 00:06:07] [INFO] [cnx200_dashboard:historical_data_service.py:144] - Historical Backfill Finished. Total Stocks: 1, Success: 1, Failed: 0, Total Records: 91.
[2026-09-04 00:06:07] [INFO] [cnx200_dashboard:repositories.py:392] - Bulk upserted 227 RSI metrics into stock_rsi_metrics.
[2026-09-04 00:06:07] [INFO] [cnx200_dashboard:historical_data_service.py:37] - Starting Historical Market Data Backfill from 2026-04-27 to 2026-09-04...
[2026-09-04 00:06:07] [INFO] [cnx200_dashboard:historical_data_service.py:67] - Targeting 1 active stocks for historical backfill.
[2026-09-04 00:06:07] [INFO] [cnx200_dashboard:historical_data_service.py:71] - [1/1] Processing historical backfill for symbol 'INDUSINDBK'...
[2026-09-04 00:06:07] [INFO] [cnx200_dashboard:nse_client.py:59] - Fetching historical market data for INDUSINDBK from 27-04-2026 to 04-09-2026...
[2026-09-04 00:06:08] [INFO] [cnx200_dashboard:nse_client.py:69] - Retrieved 91 price records for INDUSINDBK.
[2026-09-04 00:06:09] [INFO] [cnx200_dashboard:repositories.py:164] - Bulk upserted 91 price records into daily_prices.
[2026-09-04 00:06:09] [INFO] [cnx200_dashboard:historical_data_service.py:122] - [OK] [1/1] 'INDUSINDBK' backfill complete: 91 records upserted.
[2026-09-04 00:06:09] [INFO] [cnx200_dashboard:historical_data_service.py:144] - Historical Backfill Finished. Total Stocks: 1, Success: 1, Failed: 0, Total Records: 91.
[2026-09-04 00:06:09] [INFO] [cnx200_dashboard:repositories.py:392] - Bulk upserted 227 RSI metrics into stock_rsi_metrics.
[2026-09-04 00:06:09] [INFO] [cnx200_dashboard:historical_data_service.py:37] - Starting Historical Market Data Backfill from 2026-04-27 to 2026-09-04...
[2026-09-04 00:06:09] [INFO] [cnx200_dashboard:historical_data_service.py:67] - Targeting 1 active stocks for historical backfill.
[2026-09-04 00:06:09] [INFO] [cnx200_dashboard:historical_data_service.py:71] - [1/1] Processing historical backfill for symbol 'INDUSTOWER'...
[2026-09-04 00:06:09] [INFO] [cnx200_dashboard:nse_client.py:59] - Fetching historical market data for INDUSTOWER from 27-04-2026 to 04-09-2026...
[2026-09-04 00:06:10] [INFO] [cnx200_dashboard:nse_client.py:69] - Retrieved 91 price records for INDUSTOWER.
[2026-09-04 00:06:10] [INFO] [cnx200_dashboard:repositories.py:164] - Bulk upserted 91 price records into daily_prices.
[2026-09-04 00:06:10] [INFO] [cnx200_dashboard:historical_data_service.py:122] - [OK] [1/1] 'INDUSTOWER' backfill complete: 91 records upserted.
[2026-09-04 00:06:10] [INFO] [cnx200_dashboard:historical_data_service.py:144] - Historical Backfill Finished. Total Stocks: 1, Success: 1, Failed: 0, Total Records: 91.
[2026-09-04 00:06:10] [INFO] [cnx200_dashboard:repositories.py:392] - Bulk upserted 227 RSI metrics into stock_rsi_metrics.
[2026-09-04 00:06:10] [INFO] [cnx200_dashboard:historical_data_service.py:37] - Starting Historical Market Data Backfill from 2026-04-27 to 2026-09-04...
[2026-09-04 00:06:10] [INFO] [cnx200_dashboard:historical_data_service.py:67] - Targeting 1 active stocks for historical backfill.
[2026-09-04 00:06:10] [INFO] [cnx200_dashboard:historical_data_service.py:71] - [1/1] Processing historical backfill for symbol 'INFY'...
[2026-09-04 00:06:10] [INFO] [cnx200_dashboard:nse_client.py:59] - Fetching historical market data for INFY from 27-04-2026 to 04-09-2026...
[2026-09-04 00:06:12] [INFO] [cnx200_dashboard:nse_client.py:69] - Retrieved 93 price records for INFY.
[2026-09-04 00:06:12] [INFO] [cnx200_dashboard:repositories.py:164] - Bulk upserted 93 price records into daily_prices.
[2026-09-04 00:06:12] [INFO] [cnx200_dashboard:historical_data_service.py:122] - [OK] [1/1] 'INFY' backfill complete: 93 records upserted.
[2026-09-04 00:06:12] [INFO] [cnx200_dashboard:historical_data_service.py:144] - Historical Backfill Finished. Total Stocks: 1, Success: 1, Failed: 0, Total Records: 93.
[2026-09-04 00:06:12] [INFO] [cnx200_dashboard:repositories.py:392] - Bulk upserted 394 RSI metrics into stock_rsi_metrics.
[2026-09-04 00:06:12] [INFO] [cnx200_dashboard:historical_data_service.py:37] - Starting Historical Market Data Backfill from 2026-04-27 to 2026-09-04...
[2026-09-04 00:06:12] [INFO] [cnx200_dashboard:historical_data_service.py:67] - Targeting 1 active stocks for historical backfill.
[2026-09-04 00:06:12] [INFO] [cnx200_dashboard:historical_data_service.py:71] - [1/1] Processing historical backfill for symbol 'IOC'...
[2026-09-04 00:06:12] [INFO] [cnx200_dashboard:nse_client.py:59] - Fetching historical market data for IOC from 27-04-2026 to 04-09-2026...
[2026-09-04 00:06:13] [INFO] [cnx200_dashboard:nse_client.py:69] - Retrieved 91 price records for IOC.
[2026-09-04 00:06:13] [INFO] [cnx200_dashboard:repositories.py:164] - Bulk upserted 91 price records into daily_prices.
[2026-09-04 00:06:13] [INFO] [cnx200_dashboard:historical_data_service.py:122] - [OK] [1/1] 'IOC' backfill complete: 91 records upserted.
[2026-09-04 00:06:13] [INFO] [cnx200_dashboard:historical_data_service.py:144] - Historical Backfill Finished. Total Stocks: 1, Success: 1, Failed: 0, Total Records: 91.
[2026-09-04 00:06:14] [INFO] [cnx200_dashboard:repositories.py:392] - Bulk upserted 227 RSI metrics into stock_rsi_metrics.
[2026-09-04 00:06:14] [INFO] [cnx200_dashboard:historical_data_service.py:37] - Starting Historical Market Data Backfill from 2026-04-27 to 2026-09-04...
[2026-09-04 00:06:14] [INFO] [cnx200_dashboard:historical_data_service.py:67] - Targeting 1 active stocks for historical backfill.
[2026-09-04 00:06:14] [INFO] [cnx200_dashboard:historical_data_service.py:71] - [1/1] Processing historical backfill for symbol 'IRCTC'...
[2026-09-04 00:06:14] [INFO] [cnx200_dashboard:nse_client.py:59] - Fetching historical market data for IRCTC from 27-04-2026 to 04-09-2026...
[2026-09-04 00:06:15] [INFO] [cnx200_dashboard:nse_client.py:69] - Retrieved 91 price records for IRCTC.
[2026-09-04 00:06:15] [INFO] [cnx200_dashboard:repositories.py:164] - Bulk upserted 91 price records into daily_prices.
[2026-09-04 00:06:15] [INFO] [cnx200_dashboard:historical_data_service.py:122] - [OK] [1/1] 'IRCTC' backfill complete: 91 records upserted.
[2026-09-04 00:06:15] [INFO] [cnx200_dashboard:historical_data_service.py:144] - Historical Backfill Finished. Total Stocks: 1, Success: 1, Failed: 0, Total Records: 91.
[2026-09-04 00:06:15] [INFO] [cnx200_dashboard:repositories.py:392] - Bulk upserted 227 RSI metrics into stock_rsi_metrics.
[2026-09-04 00:06:15] [INFO] [cnx200_dashboard:historical_data_service.py:37] - Starting Historical Market Data Backfill from 2026-04-27 to 2026-09-04...
[2026-09-04 00:06:15] [INFO] [cnx200_dashboard:historical_data_service.py:67] - Targeting 1 active stocks for historical backfill.
[2026-09-04 00:06:15] [INFO] [cnx200_dashboard:historical_data_service.py:71] - [1/1] Processing historical backfill for symbol 'IREDA'...
[2026-09-04 00:06:15] [INFO] [cnx200_dashboard:nse_client.py:59] - Fetching historical market data for IREDA from 27-04-2026 to 04-09-2026...
[2026-09-04 00:06:17] [INFO] [cnx200_dashboard:nse_client.py:69] - Retrieved 91 price records for IREDA.
[2026-09-04 00:06:17] [INFO] [cnx200_dashboard:repositories.py:164] - Bulk upserted 91 price records into daily_prices.
[2026-09-04 00:06:17] [INFO] [cnx200_dashboard:historical_data_service.py:122] - [OK] [1/1] 'IREDA' backfill complete: 91 records upserted.
[2026-09-04 00:06:17] [INFO] [cnx200_dashboard:historical_data_service.py:144] - Historical Backfill Finished. Total Stocks: 1, Success: 1, Failed: 0, Total Records: 91.
[2026-09-04 00:06:17] [INFO] [cnx200_dashboard:repositories.py:392] - Bulk upserted 227 RSI metrics into stock_rsi_metrics.
[2026-09-04 00:06:17] [INFO] [cnx200_dashboard:historical_data_service.py:37] - Starting Historical Market Data Backfill from 2026-04-27 to 2026-09-04...
[2026-09-04 00:06:17] [INFO] [cnx200_dashboard:historical_data_service.py:67] - Targeting 1 active stocks for historical backfill.
[2026-09-04 00:06:17] [INFO] [cnx200_dashboard:historical_data_service.py:71] - [1/1] Processing historical backfill for symbol 'IRFC'...
[2026-09-04 00:06:17] [INFO] [cnx200_dashboard:nse_client.py:59] - Fetching historical market data for IRFC from 27-04-2026 to 04-09-2026...
[2026-09-04 00:06:18] [INFO] [cnx200_dashboard:nse_client.py:69] - Retrieved 91 price records for IRFC.
[2026-09-04 00:06:18] [INFO] [cnx200_dashboard:repositories.py:164] - Bulk upserted 91 price records into daily_prices.
[2026-09-04 00:06:18] [INFO] [cnx200_dashboard:historical_data_service.py:122] - [OK] [1/1] 'IRFC' backfill complete: 91 records upserted.
[2026-09-04 00:06:18] [INFO] [cnx200_dashboard:historical_data_service.py:144] - Historical Backfill Finished. Total Stocks: 1, Success: 1, Failed: 0, Total Records: 91.
[2026-09-04 00:06:19] [INFO] [cnx200_dashboard:repositories.py:392] - Bulk upserted 227 RSI metrics into stock_rsi_metrics.
[2026-09-04 00:06:19] [INFO] [cnx200_dashboard:historical_data_service.py:37] - Starting Historical Market Data Backfill from 2026-04-27 to 2026-09-04...
[2026-09-04 00:06:19] [INFO] [cnx200_dashboard:historical_data_service.py:67] - Targeting 1 active stocks for historical backfill.
[2026-09-04 00:06:19] [INFO] [cnx200_dashboard:historical_data_service.py:71] - [1/1] Processing historical backfill for symbol 'ITC'...
[2026-09-04 00:06:19] [INFO] [cnx200_dashboard:nse_client.py:59] - Fetching historical market data for ITC from 27-04-2026 to 04-09-2026...
[2026-09-04 00:06:20] [INFO] [cnx200_dashboard:nse_client.py:69] - Retrieved 91 price records for ITC.
[2026-09-04 00:06:20] [INFO] [cnx200_dashboard:repositories.py:164] - Bulk upserted 91 price records into daily_prices.
[2026-09-04 00:06:20] [INFO] [cnx200_dashboard:historical_data_service.py:122] - [OK] [1/1] 'ITC' backfill complete: 91 records upserted.
[2026-09-04 00:06:20] [INFO] [cnx200_dashboard:historical_data_service.py:144] - Historical Backfill Finished. Total Stocks: 1, Success: 1, Failed: 0, Total Records: 91.
[2026-09-04 00:06:20] [INFO] [cnx200_dashboard:repositories.py:392] - Bulk upserted 227 RSI metrics into stock_rsi_metrics.
[2026-09-04 00:06:20] [INFO] [cnx200_dashboard:historical_data_service.py:37] - Starting Historical Market Data Backfill from 2026-04-27 to 2026-09-04...
[2026-09-04 00:06:20] [INFO] [cnx200_dashboard:historical_data_service.py:67] - Targeting 1 active stocks for historical backfill.
[2026-09-04 00:06:20] [INFO] [cnx200_dashboard:historical_data_service.py:71] - [1/1] Processing historical backfill for symbol 'JINDALSTEL'...
[2026-09-04 00:06:20] [INFO] [cnx200_dashboard:nse_client.py:59] - Fetching historical market data for JINDALSTEL from 27-04-2026 to 04-09-2026...
[2026-09-04 00:06:22] [INFO] [cnx200_dashboard:nse_client.py:69] - Retrieved 91 price records for JINDALSTEL.
[2026-09-04 00:06:22] [INFO] [cnx200_dashboard:repositories.py:164] - Bulk upserted 91 price records into daily_prices.
[2026-09-04 00:06:22] [INFO] [cnx200_dashboard:historical_data_service.py:122] - [OK] [1/1] 'JINDALSTEL' backfill complete: 91 records upserted.
[2026-09-04 00:06:22] [INFO] [cnx200_dashboard:historical_data_service.py:144] - Historical Backfill Finished. Total Stocks: 1, Success: 1, Failed: 0, Total Records: 91.
[2026-09-04 00:06:22] [INFO] [cnx200_dashboard:repositories.py:392] - Bulk upserted 227 RSI metrics into stock_rsi_metrics.
[2026-09-04 00:06:22] [INFO] [cnx200_dashboard:historical_data_service.py:37] - Starting Historical Market Data Backfill from 2026-04-27 to 2026-09-04...
[2026-09-04 00:06:22] [INFO] [cnx200_dashboard:historical_data_service.py:67] - Targeting 1 active stocks for historical backfill.
[2026-09-04 00:06:22] [INFO] [cnx200_dashboard:historical_data_service.py:71] - [1/1] Processing historical backfill for symbol 'JIOFIN'...
[2026-09-04 00:06:22] [INFO] [cnx200_dashboard:nse_client.py:59] - Fetching historical market data for JIOFIN from 27-04-2026 to 04-09-2026...
[2026-09-04 00:06:23] [INFO] [cnx200_dashboard:nse_client.py:69] - Retrieved 92 price records for JIOFIN.
[2026-09-04 00:06:24] [INFO] [cnx200_dashboard:repositories.py:164] - Bulk upserted 92 price records into daily_prices.
[2026-09-04 00:06:24] [INFO] [cnx200_dashboard:historical_data_service.py:122] - [OK] [1/1] 'JIOFIN' backfill complete: 92 records upserted.
[2026-09-04 00:06:24] [INFO] [cnx200_dashboard:historical_data_service.py:144] - Historical Backfill Finished. Total Stocks: 1, Success: 1, Failed: 0, Total Records: 92.
[2026-09-04 00:06:24] [INFO] [cnx200_dashboard:repositories.py:392] - Bulk upserted 227 RSI metrics into stock_rsi_metrics.
[2026-09-04 00:06:24] [INFO] [cnx200_dashboard:historical_data_service.py:37] - Starting Historical Market Data Backfill from 2026-04-27 to 2026-09-04...
[2026-09-04 00:06:24] [INFO] [cnx200_dashboard:historical_data_service.py:67] - Targeting 1 active stocks for historical backfill.
[2026-09-04 00:06:24] [INFO] [cnx200_dashboard:historical_data_service.py:71] - [1/1] Processing historical backfill for symbol 'JSWENERGY'...
[2026-09-04 00:06:24] [INFO] [cnx200_dashboard:nse_client.py:59] - Fetching historical market data for JSWENERGY from 27-04-2026 to 04-09-2026...
[2026-09-04 00:06:25] [INFO] [cnx200_dashboard:nse_client.py:69] - Retrieved 91 price records for JSWENERGY.
[2026-09-04 00:06:25] [INFO] [cnx200_dashboard:repositories.py:164] - Bulk upserted 91 price records into daily_prices.
[2026-09-04 00:06:25] [INFO] [cnx200_dashboard:historical_data_service.py:122] - [OK] [1/1] 'JSWENERGY' backfill complete: 91 records upserted.
[2026-09-04 00:06:25] [INFO] [cnx200_dashboard:historical_data_service.py:144] - Historical Backfill Finished. Total Stocks: 1, Success: 1, Failed: 0, Total Records: 91.
[2026-09-04 00:06:25] [INFO] [cnx200_dashboard:repositories.py:392] - Bulk upserted 227 RSI metrics into stock_rsi_metrics.
[2026-09-04 00:06:25] [INFO] [cnx200_dashboard:historical_data_service.py:37] - Starting Historical Market Data Backfill from 2026-04-27 to 2026-09-04...
[2026-09-04 00:06:25] [INFO] [cnx200_dashboard:historical_data_service.py:67] - Targeting 1 active stocks for historical backfill.
[2026-09-04 00:06:25] [INFO] [cnx200_dashboard:historical_data_service.py:71] - [1/1] Processing historical backfill for symbol 'JSWSTEEL'...
[2026-09-04 00:06:25] [INFO] [cnx200_dashboard:nse_client.py:59] - Fetching historical market data for JSWSTEEL from 27-04-2026 to 04-09-2026...
[2026-09-04 00:06:27] [INFO] [cnx200_dashboard:nse_client.py:69] - Retrieved 92 price records for JSWSTEEL.
[2026-09-04 00:06:27] [INFO] [cnx200_dashboard:repositories.py:164] - Bulk upserted 92 price records into daily_prices.
[2026-09-04 00:06:27] [INFO] [cnx200_dashboard:historical_data_service.py:122] - [OK] [1/1] 'JSWSTEEL' backfill complete: 92 records upserted.
[2026-09-04 00:06:27] [INFO] [cnx200_dashboard:historical_data_service.py:144] - Historical Backfill Finished. Total Stocks: 1, Success: 1, Failed: 0, Total Records: 92.
[2026-09-04 00:06:27] [INFO] [cnx200_dashboard:repositories.py:392] - Bulk upserted 227 RSI metrics into stock_rsi_metrics.
[2026-09-04 00:06:27] [INFO] [cnx200_dashboard:historical_data_service.py:37] - Starting Historical Market Data Backfill from 2026-04-27 to 2026-09-04...
[2026-09-04 00:06:27] [INFO] [cnx200_dashboard:historical_data_service.py:67] - Targeting 1 active stocks for historical backfill.
[2026-09-04 00:06:27] [INFO] [cnx200_dashboard:historical_data_service.py:71] - [1/1] Processing historical backfill for symbol 'JUBLFOOD'...
[2026-09-04 00:06:27] [INFO] [cnx200_dashboard:nse_client.py:59] - Fetching historical market data for JUBLFOOD from 27-04-2026 to 04-09-2026...
[2026-09-04 00:06:29] [INFO] [cnx200_dashboard:nse_client.py:69] - Retrieved 91 price records for JUBLFOOD.
[2026-09-04 00:06:29] [INFO] [cnx200_dashboard:repositories.py:164] - Bulk upserted 91 price records into daily_prices.
[2026-09-04 00:06:29] [INFO] [cnx200_dashboard:historical_data_service.py:122] - [OK] [1/1] 'JUBLFOOD' backfill complete: 91 records upserted.
[2026-09-04 00:06:29] [INFO] [cnx200_dashboard:historical_data_service.py:144] - Historical Backfill Finished. Total Stocks: 1, Success: 1, Failed: 0, Total Records: 91.
[2026-09-04 00:06:29] [INFO] [cnx200_dashboard:repositories.py:392] - Bulk upserted 227 RSI metrics into stock_rsi_metrics.
[2026-09-04 00:06:29] [INFO] [cnx200_dashboard:historical_data_service.py:37] - Starting Historical Market Data Backfill from 2026-04-27 to 2026-09-04...
[2026-09-04 00:06:29] [INFO] [cnx200_dashboard:historical_data_service.py:67] - Targeting 1 active stocks for historical backfill.
[2026-09-04 00:06:29] [INFO] [cnx200_dashboard:historical_data_service.py:71] - [1/1] Processing historical backfill for symbol 'KALYANKJIL'...
[2026-09-04 00:06:29] [INFO] [cnx200_dashboard:nse_client.py:59] - Fetching historical market data for KALYANKJIL from 27-04-2026 to 04-09-2026...
[2026-09-04 00:06:30] [INFO] [cnx200_dashboard:nse_client.py:69] - Retrieved 91 price records for KALYANKJIL.
[2026-09-04 00:06:30] [INFO] [cnx200_dashboard:repositories.py:164] - Bulk upserted 91 price records into daily_prices.
[2026-09-04 00:06:30] [INFO] [cnx200_dashboard:historical_data_service.py:122] - [OK] [1/1] 'KALYANKJIL' backfill complete: 91 records upserted.
[2026-09-04 00:06:30] [INFO] [cnx200_dashboard:historical_data_service.py:144] - Historical Backfill Finished. Total Stocks: 1, Success: 1, Failed: 0, Total Records: 91.
[2026-09-04 00:06:31] [INFO] [cnx200_dashboard:repositories.py:392] - Bulk upserted 227 RSI metrics into stock_rsi_metrics.
[2026-09-04 00:06:31] [INFO] [cnx200_dashboard:historical_data_service.py:37] - Starting Historical Market Data Backfill from 2026-04-27 to 2026-09-04...
[2026-09-04 00:06:31] [INFO] [cnx200_dashboard:historical_data_service.py:67] - Targeting 1 active stocks for historical backfill.
[2026-09-04 00:06:31] [INFO] [cnx200_dashboard:historical_data_service.py:71] - [1/1] Processing historical backfill for symbol 'KEI'...
[2026-09-04 00:06:31] [INFO] [cnx200_dashboard:nse_client.py:59] - Fetching historical market data for KEI from 27-04-2026 to 04-09-2026...
[2026-09-04 00:06:32] [INFO] [cnx200_dashboard:nse_client.py:69] - Retrieved 91 price records for KEI.
[2026-09-04 00:06:32] [INFO] [cnx200_dashboard:repositories.py:164] - Bulk upserted 91 price records into daily_prices.
[2026-09-04 00:06:32] [INFO] [cnx200_dashboard:historical_data_service.py:122] - [OK] [1/1] 'KEI' backfill complete: 91 records upserted.
[2026-09-04 00:06:32] [INFO] [cnx200_dashboard:historical_data_service.py:144] - Historical Backfill Finished. Total Stocks: 1, Success: 1, Failed: 0, Total Records: 91.
[2026-09-04 00:06:32] [INFO] [cnx200_dashboard:repositories.py:392] - Bulk upserted 227 RSI metrics into stock_rsi_metrics.
[2026-09-04 00:06:32] [INFO] [cnx200_dashboard:historical_data_service.py:37] - Starting Historical Market Data Backfill from 2026-04-27 to 2026-09-04...
[2026-09-04 00:06:32] [INFO] [cnx200_dashboard:historical_data_service.py:67] - Targeting 1 active stocks for historical backfill.
[2026-09-04 00:06:32] [INFO] [cnx200_dashboard:historical_data_service.py:71] - [1/1] Processing historical backfill for symbol 'KOTAKBANK'...
[2026-09-04 00:06:32] [INFO] [cnx200_dashboard:nse_client.py:59] - Fetching historical market data for KOTAKBANK from 27-04-2026 to 04-09-2026...
[2026-09-04 00:06:34] [INFO] [cnx200_dashboard:nse_client.py:69] - Retrieved 91 price records for KOTAKBANK.
[2026-09-04 00:06:34] [INFO] [cnx200_dashboard:repositories.py:164] - Bulk upserted 91 price records into daily_prices.
[2026-09-04 00:06:34] [INFO] [cnx200_dashboard:historical_data_service.py:122] - [OK] [1/1] 'KOTAKBANK' backfill complete: 91 records upserted.
[2026-09-04 00:06:34] [INFO] [cnx200_dashboard:historical_data_service.py:144] - Historical Backfill Finished. Total Stocks: 1, Success: 1, Failed: 0, Total Records: 91.
[2026-09-04 00:06:34] [INFO] [cnx200_dashboard:repositories.py:392] - Bulk upserted 227 RSI metrics into stock_rsi_metrics.
[2026-09-04 00:06:34] [INFO] [cnx200_dashboard:historical_data_service.py:37] - Starting Historical Market Data Backfill from 2026-04-27 to 2026-09-04...
[2026-09-04 00:06:34] [INFO] [cnx200_dashboard:historical_data_service.py:67] - Targeting 1 active stocks for historical backfill.
[2026-09-04 00:06:34] [INFO] [cnx200_dashboard:historical_data_service.py:71] - [1/1] Processing historical backfill for symbol 'KPITTECH'...
[2026-09-04 00:06:34] [INFO] [cnx200_dashboard:nse_client.py:59] - Fetching historical market data for KPITTECH from 27-04-2026 to 04-09-2026...
[2026-09-04 00:06:35] [INFO] [cnx200_dashboard:nse_client.py:69] - Retrieved 91 price records for KPITTECH.
[2026-09-04 00:06:35] [INFO] [cnx200_dashboard:repositories.py:164] - Bulk upserted 91 price records into daily_prices.
[2026-09-04 00:06:35] [INFO] [cnx200_dashboard:historical_data_service.py:122] - [OK] [1/1] 'KPITTECH' backfill complete: 91 records upserted.
[2026-09-04 00:06:35] [INFO] [cnx200_dashboard:historical_data_service.py:144] - Historical Backfill Finished. Total Stocks: 1, Success: 1, Failed: 0, Total Records: 91.
[2026-09-04 00:06:36] [INFO] [cnx200_dashboard:repositories.py:392] - Bulk upserted 227 RSI metrics into stock_rsi_metrics.
[2026-09-04 00:06:36] [INFO] [cnx200_dashboard:historical_data_service.py:37] - Starting Historical Market Data Backfill from 2026-04-27 to 2026-09-04...
[2026-09-04 00:06:36] [INFO] [cnx200_dashboard:historical_data_service.py:67] - Targeting 1 active stocks for historical backfill.
[2026-09-04 00:06:36] [INFO] [cnx200_dashboard:historical_data_service.py:71] - [1/1] Processing historical backfill for symbol 'LAURUSLABS'...
[2026-09-04 00:06:36] [INFO] [cnx200_dashboard:nse_client.py:59] - Fetching historical market data for LAURUSLABS from 27-04-2026 to 04-09-2026...
[2026-09-04 00:06:37] [INFO] [cnx200_dashboard:nse_client.py:69] - Retrieved 91 price records for LAURUSLABS.
[2026-09-04 00:06:37] [INFO] [cnx200_dashboard:repositories.py:164] - Bulk upserted 91 price records into daily_prices.
[2026-09-04 00:06:37] [INFO] [cnx200_dashboard:historical_data_service.py:122] - [OK] [1/1] 'LAURUSLABS' backfill complete: 91 records upserted.
[2026-09-04 00:06:37] [INFO] [cnx200_dashboard:historical_data_service.py:144] - Historical Backfill Finished. Total Stocks: 1, Success: 1, Failed: 0, Total Records: 91.
[2026-09-04 00:06:37] [INFO] [cnx200_dashboard:repositories.py:392] - Bulk upserted 227 RSI metrics into stock_rsi_metrics.
[2026-09-04 00:06:37] [INFO] [cnx200_dashboard:historical_data_service.py:37] - Starting Historical Market Data Backfill from 2026-04-27 to 2026-09-04...
[2026-09-04 00:06:37] [INFO] [cnx200_dashboard:historical_data_service.py:67] - Targeting 1 active stocks for historical backfill.
[2026-09-04 00:06:37] [INFO] [cnx200_dashboard:historical_data_service.py:71] - [1/1] Processing historical backfill for symbol 'LENSKART'...
[2026-09-04 00:06:37] [INFO] [cnx200_dashboard:nse_client.py:59] - Fetching historical market data for LENSKART from 27-04-2026 to 04-09-2026...
[2026-09-04 00:06:38] [INFO] [cnx200_dashboard:nse_client.py:69] - Retrieved 96 price records for LENSKART.
[2026-09-04 00:06:38] [INFO] [cnx200_dashboard:repositories.py:164] - Bulk upserted 96 price records into daily_prices.
[2026-09-04 00:06:38] [INFO] [cnx200_dashboard:historical_data_service.py:122] - [OK] [1/1] 'LENSKART' backfill complete: 96 records upserted.
[2026-09-04 00:06:38] [INFO] [cnx200_dashboard:historical_data_service.py:144] - Historical Backfill Finished. Total Stocks: 1, Success: 1, Failed: 0, Total Records: 96.
[2026-09-04 00:06:39] [INFO] [cnx200_dashboard:repositories.py:392] - Bulk upserted 182 RSI metrics into stock_rsi_metrics.
[2026-09-04 00:06:39] [INFO] [cnx200_dashboard:historical_data_service.py:37] - Starting Historical Market Data Backfill from 2026-04-27 to 2026-09-04...
[2026-09-04 00:06:39] [INFO] [cnx200_dashboard:historical_data_service.py:67] - Targeting 1 active stocks for historical backfill.
[2026-09-04 00:06:39] [INFO] [cnx200_dashboard:historical_data_service.py:71] - [1/1] Processing historical backfill for symbol 'LGEINDIA'...
[2026-09-04 00:06:39] [INFO] [cnx200_dashboard:nse_client.py:59] - Fetching historical market data for LGEINDIA from 27-04-2026 to 04-09-2026...
[2026-09-04 00:06:40] [INFO] [cnx200_dashboard:nse_client.py:69] - Retrieved 91 price records for LGEINDIA.
[2026-09-04 00:06:40] [INFO] [cnx200_dashboard:repositories.py:164] - Bulk upserted 91 price records into daily_prices.
[2026-09-04 00:06:40] [INFO] [cnx200_dashboard:historical_data_service.py:122] - [OK] [1/1] 'LGEINDIA' backfill complete: 91 records upserted.
[2026-09-04 00:06:40] [INFO] [cnx200_dashboard:historical_data_service.py:144] - Historical Backfill Finished. Total Stocks: 1, Success: 1, Failed: 0, Total Records: 91.
[2026-09-04 00:06:40] [INFO] [cnx200_dashboard:repositories.py:392] - Bulk upserted 199 RSI metrics into stock_rsi_metrics.
[2026-09-04 00:06:40] [INFO] [cnx200_dashboard:historical_data_service.py:37] - Starting Historical Market Data Backfill from 2026-04-27 to 2026-09-04...
[2026-09-04 00:06:40] [INFO] [cnx200_dashboard:historical_data_service.py:67] - Targeting 1 active stocks for historical backfill.
[2026-09-04 00:06:40] [INFO] [cnx200_dashboard:historical_data_service.py:71] - [1/1] Processing historical backfill for symbol 'LICHSGFIN'...
[2026-09-04 00:06:40] [INFO] [cnx200_dashboard:nse_client.py:59] - Fetching historical market data for LICHSGFIN from 27-04-2026 to 04-09-2026...
[2026-09-04 00:06:42] [INFO] [cnx200_dashboard:nse_client.py:69] - Retrieved 91 price records for LICHSGFIN.
[2026-09-04 00:06:42] [INFO] [cnx200_dashboard:repositories.py:164] - Bulk upserted 91 price records into daily_prices.
[2026-09-04 00:06:42] [INFO] [cnx200_dashboard:historical_data_service.py:122] - [OK] [1/1] 'LICHSGFIN' backfill complete: 91 records upserted.
[2026-09-04 00:06:42] [INFO] [cnx200_dashboard:historical_data_service.py:144] - Historical Backfill Finished. Total Stocks: 1, Success: 1, Failed: 0, Total Records: 91.
[2026-09-04 00:06:42] [INFO] [cnx200_dashboard:repositories.py:392] - Bulk upserted 227 RSI metrics into stock_rsi_metrics.
[2026-09-04 00:06:42] [INFO] [cnx200_dashboard:historical_data_service.py:37] - Starting Historical Market Data Backfill from 2026-04-27 to 2026-09-04...
[2026-09-04 00:06:42] [INFO] [cnx200_dashboard:historical_data_service.py:67] - Targeting 1 active stocks for historical backfill.
[2026-09-04 00:06:42] [INFO] [cnx200_dashboard:historical_data_service.py:71] - [1/1] Processing historical backfill for symbol 'LODHA'...
[2026-09-04 00:06:42] [INFO] [cnx200_dashboard:nse_client.py:59] - Fetching historical market data for LODHA from 27-04-2026 to 04-09-2026...
[2026-09-04 00:06:43] [INFO] [cnx200_dashboard:nse_client.py:69] - Retrieved 92 price records for LODHA.
[2026-09-04 00:06:43] [INFO] [cnx200_dashboard:repositories.py:164] - Bulk upserted 92 price records into daily_prices.
[2026-09-04 00:06:43] [INFO] [cnx200_dashboard:historical_data_service.py:122] - [OK] [1/1] 'LODHA' backfill complete: 92 records upserted.
[2026-09-04 00:06:43] [INFO] [cnx200_dashboard:historical_data_service.py:144] - Historical Backfill Finished. Total Stocks: 1, Success: 1, Failed: 0, Total Records: 92.
[2026-09-04 00:06:44] [INFO] [cnx200_dashboard:repositories.py:392] - Bulk upserted 227 RSI metrics into stock_rsi_metrics.
[2026-09-04 00:06:44] [INFO] [cnx200_dashboard:historical_data_service.py:37] - Starting Historical Market Data Backfill from 2026-04-27 to 2026-09-04...
[2026-09-04 00:06:44] [INFO] [cnx200_dashboard:historical_data_service.py:67] - Targeting 1 active stocks for historical backfill.
[2026-09-04 00:06:44] [INFO] [cnx200_dashboard:historical_data_service.py:71] - [1/1] Processing historical backfill for symbol 'LT'...
[2026-09-04 00:06:44] [INFO] [cnx200_dashboard:nse_client.py:59] - Fetching historical market data for LT from 27-04-2026 to 04-09-2026...
[2026-09-04 00:06:45] [INFO] [cnx200_dashboard:nse_client.py:69] - Retrieved 92 price records for LT.
[2026-09-04 00:06:45] [INFO] [cnx200_dashboard:repositories.py:164] - Bulk upserted 92 price records into daily_prices.
[2026-09-04 00:06:45] [INFO] [cnx200_dashboard:historical_data_service.py:122] - [OK] [1/1] 'LT' backfill complete: 92 records upserted.
[2026-09-04 00:06:45] [INFO] [cnx200_dashboard:historical_data_service.py:144] - Historical Backfill Finished. Total Stocks: 1, Success: 1, Failed: 0, Total Records: 92.
[2026-09-04 00:06:45] [INFO] [cnx200_dashboard:repositories.py:392] - Bulk upserted 227 RSI metrics into stock_rsi_metrics.
[2026-09-04 00:06:45] [INFO] [cnx200_dashboard:historical_data_service.py:37] - Starting Historical Market Data Backfill from 2026-04-27 to 2026-09-04...
[2026-09-04 00:06:45] [INFO] [cnx200_dashboard:historical_data_service.py:67] - Targeting 1 active stocks for historical backfill.
[2026-09-04 00:06:45] [INFO] [cnx200_dashboard:historical_data_service.py:71] - [1/1] Processing historical backfill for symbol 'LTF'...
[2026-09-04 00:06:45] [INFO] [cnx200_dashboard:nse_client.py:59] - Fetching historical market data for LTF from 27-04-2026 to 04-09-2026...
[2026-09-04 00:06:47] [INFO] [cnx200_dashboard:nse_client.py:69] - Retrieved 91 price records for LTF.
[2026-09-04 00:06:47] [INFO] [cnx200_dashboard:repositories.py:164] - Bulk upserted 91 price records into daily_prices.
[2026-09-04 00:06:47] [INFO] [cnx200_dashboard:historical_data_service.py:122] - [OK] [1/1] 'LTF' backfill complete: 91 records upserted.
[2026-09-04 00:06:47] [INFO] [cnx200_dashboard:historical_data_service.py:144] - Historical Backfill Finished. Total Stocks: 1, Success: 1, Failed: 0, Total Records: 91.
[2026-09-04 00:06:47] [INFO] [cnx200_dashboard:repositories.py:392] - Bulk upserted 227 RSI metrics into stock_rsi_metrics.
[2026-09-04 00:06:47] [INFO] [cnx200_dashboard:historical_data_service.py:37] - Starting Historical Market Data Backfill from 2026-04-27 to 2026-09-04...
[2026-09-04 00:06:47] [INFO] [cnx200_dashboard:historical_data_service.py:67] - Targeting 1 active stocks for historical backfill.
[2026-09-04 00:06:47] [INFO] [cnx200_dashboard:historical_data_service.py:71] - [1/1] Processing historical backfill for symbol 'LTM'...
[2026-09-04 00:06:47] [INFO] [cnx200_dashboard:nse_client.py:59] - Fetching historical market data for LTM from 27-04-2026 to 04-09-2026...
[2026-09-04 00:06:48] [INFO] [cnx200_dashboard:nse_client.py:69] - Retrieved 91 price records for LTM.
[2026-09-04 00:06:48] [INFO] [cnx200_dashboard:repositories.py:164] - Bulk upserted 91 price records into daily_prices.
[2026-09-04 00:06:48] [INFO] [cnx200_dashboard:historical_data_service.py:122] - [OK] [1/1] 'LTM' backfill complete: 91 records upserted.
[2026-09-04 00:06:48] [INFO] [cnx200_dashboard:historical_data_service.py:144] - Historical Backfill Finished. Total Stocks: 1, Success: 1, Failed: 0, Total Records: 91.
[2026-09-04 00:06:48] [INFO] [cnx200_dashboard:repositories.py:392] - Bulk upserted 105 RSI metrics into stock_rsi_metrics.
[2026-09-04 00:06:48] [INFO] [cnx200_dashboard:historical_data_service.py:37] - Starting Historical Market Data Backfill from 2026-04-27 to 2026-09-04...
[2026-09-04 00:06:48] [INFO] [cnx200_dashboard:historical_data_service.py:67] - Targeting 1 active stocks for historical backfill.
[2026-09-04 00:06:48] [INFO] [cnx200_dashboard:historical_data_service.py:71] - [1/1] Processing historical backfill for symbol 'LUPIN'...
[2026-09-04 00:06:48] [INFO] [cnx200_dashboard:nse_client.py:59] - Fetching historical market data for LUPIN from 27-04-2026 to 04-09-2026...
[2026-09-04 00:06:50] [INFO] [cnx200_dashboard:nse_client.py:69] - Retrieved 91 price records for LUPIN.
[2026-09-04 00:06:50] [INFO] [cnx200_dashboard:repositories.py:164] - Bulk upserted 91 price records into daily_prices.
[2026-09-04 00:06:50] [INFO] [cnx200_dashboard:historical_data_service.py:122] - [OK] [1/1] 'LUPIN' backfill complete: 91 records upserted.
[2026-09-04 00:06:50] [INFO] [cnx200_dashboard:historical_data_service.py:144] - Historical Backfill Finished. Total Stocks: 1, Success: 1, Failed: 0, Total Records: 91.
[2026-09-04 00:06:50] [INFO] [cnx200_dashboard:repositories.py:392] - Bulk upserted 227 RSI metrics into stock_rsi_metrics.
[2026-09-04 00:06:50] [INFO] [cnx200_dashboard:historical_data_service.py:37] - Starting Historical Market Data Backfill from 2026-04-27 to 2026-09-04...
[2026-09-04 00:06:50] [INFO] [cnx200_dashboard:historical_data_service.py:67] - Targeting 1 active stocks for historical backfill.
[2026-09-04 00:06:50] [INFO] [cnx200_dashboard:historical_data_service.py:71] - [1/1] Processing historical backfill for symbol 'M&M'...
[2026-09-04 00:06:50] [INFO] [cnx200_dashboard:nse_client.py:59] - Fetching historical market data for M&M from 27-04-2026 to 04-09-2026...
[2026-09-04 00:06:51] [INFO] [cnx200_dashboard:nse_client.py:69] - Retrieved 93 price records for M&M.
[2026-09-04 00:06:51] [INFO] [cnx200_dashboard:repositories.py:164] - Bulk upserted 93 price records into daily_prices.
[2026-09-04 00:06:51] [INFO] [cnx200_dashboard:historical_data_service.py:122] - [OK] [1/1] 'M&M' backfill complete: 93 records upserted.
[2026-09-04 00:06:51] [INFO] [cnx200_dashboard:historical_data_service.py:144] - Historical Backfill Finished. Total Stocks: 1, Success: 1, Failed: 0, Total Records: 93.
[2026-09-04 00:06:52] [INFO] [cnx200_dashboard:repositories.py:392] - Bulk upserted 227 RSI metrics into stock_rsi_metrics.
[2026-09-04 00:06:52] [INFO] [cnx200_dashboard:historical_data_service.py:37] - Starting Historical Market Data Backfill from 2026-04-27 to 2026-09-04...
[2026-09-04 00:06:52] [INFO] [cnx200_dashboard:historical_data_service.py:67] - Targeting 1 active stocks for historical backfill.
[2026-09-04 00:06:52] [INFO] [cnx200_dashboard:historical_data_service.py:71] - [1/1] Processing historical backfill for symbol 'M&MFIN'...
[2026-09-04 00:06:52] [INFO] [cnx200_dashboard:nse_client.py:59] - Fetching historical market data for M&MFIN from 27-04-2026 to 04-09-2026...
[2026-09-04 00:06:53] [INFO] [cnx200_dashboard:nse_client.py:69] - Retrieved 106 price records for M&MFIN.
[2026-09-04 00:06:54] [INFO] [cnx200_dashboard:repositories.py:164] - Bulk upserted 106 price records into daily_prices.
[2026-09-04 00:06:54] [INFO] [cnx200_dashboard:historical_data_service.py:122] - [OK] [1/1] 'M&MFIN' backfill complete: 106 records upserted.
[2026-09-04 00:06:54] [INFO] [cnx200_dashboard:historical_data_service.py:144] - Historical Backfill Finished. Total Stocks: 1, Success: 1, Failed: 0, Total Records: 106.
[2026-09-04 00:06:54] [INFO] [cnx200_dashboard:repositories.py:392] - Bulk upserted 227 RSI metrics into stock_rsi_metrics.
[2026-09-04 00:06:54] [INFO] [cnx200_dashboard:historical_data_service.py:37] - Starting Historical Market Data Backfill from 2026-04-27 to 2026-09-04...
[2026-09-04 00:06:54] [INFO] [cnx200_dashboard:historical_data_service.py:67] - Targeting 1 active stocks for historical backfill.
[2026-09-04 00:06:54] [INFO] [cnx200_dashboard:historical_data_service.py:71] - [1/1] Processing historical backfill for symbol 'MANKIND'...
[2026-09-04 00:06:54] [INFO] [cnx200_dashboard:nse_client.py:59] - Fetching historical market data for MANKIND from 27-04-2026 to 04-09-2026...
[2026-09-04 00:06:55] [INFO] [cnx200_dashboard:nse_client.py:69] - Retrieved 91 price records for MANKIND.
[2026-09-04 00:06:55] [INFO] [cnx200_dashboard:repositories.py:164] - Bulk upserted 91 price records into daily_prices.
[2026-09-04 00:06:55] [INFO] [cnx200_dashboard:historical_data_service.py:122] - [OK] [1/1] 'MANKIND' backfill complete: 91 records upserted.
[2026-09-04 00:06:55] [INFO] [cnx200_dashboard:historical_data_service.py:144] - Historical Backfill Finished. Total Stocks: 1, Success: 1, Failed: 0, Total Records: 91.
[2026-09-04 00:06:56] [INFO] [cnx200_dashboard:repositories.py:392] - Bulk upserted 227 RSI metrics into stock_rsi_metrics.
[2026-09-04 00:06:56] [INFO] [cnx200_dashboard:historical_data_service.py:37] - Starting Historical Market Data Backfill from 2026-04-27 to 2026-09-04...
[2026-09-04 00:06:56] [INFO] [cnx200_dashboard:historical_data_service.py:67] - Targeting 1 active stocks for historical backfill.
[2026-09-04 00:06:56] [INFO] [cnx200_dashboard:historical_data_service.py:71] - [1/1] Processing historical backfill for symbol 'MARICO'...
[2026-09-04 00:06:56] [INFO] [cnx200_dashboard:nse_client.py:59] - Fetching historical market data for MARICO from 27-04-2026 to 04-09-2026...
[2026-09-04 00:06:57] [INFO] [cnx200_dashboard:nse_client.py:69] - Retrieved 91 price records for MARICO.
[2026-09-04 00:06:57] [INFO] [cnx200_dashboard:repositories.py:164] - Bulk upserted 91 price records into daily_prices.
[2026-09-04 00:06:57] [INFO] [cnx200_dashboard:historical_data_service.py:122] - [OK] [1/1] 'MARICO' backfill complete: 91 records upserted.
[2026-09-04 00:06:57] [INFO] [cnx200_dashboard:historical_data_service.py:144] - Historical Backfill Finished. Total Stocks: 1, Success: 1, Failed: 0, Total Records: 91.
[2026-09-04 00:06:57] [INFO] [cnx200_dashboard:repositories.py:392] - Bulk upserted 227 RSI metrics into stock_rsi_metrics.
[2026-09-04 00:06:57] [INFO] [cnx200_dashboard:historical_data_service.py:37] - Starting Historical Market Data Backfill from 2026-04-27 to 2026-09-04...
[2026-09-04 00:06:57] [INFO] [cnx200_dashboard:historical_data_service.py:67] - Targeting 1 active stocks for historical backfill.
[2026-09-04 00:06:57] [INFO] [cnx200_dashboard:historical_data_service.py:71] - [1/1] Processing historical backfill for symbol 'MARUTI'...
[2026-09-04 00:06:57] [INFO] [cnx200_dashboard:nse_client.py:59] - Fetching historical market data for MARUTI from 27-04-2026 to 04-09-2026...
[2026-09-04 00:06:59] [INFO] [cnx200_dashboard:nse_client.py:69] - Retrieved 91 price records for MARUTI.
[2026-09-04 00:06:59] [INFO] [cnx200_dashboard:repositories.py:164] - Bulk upserted 91 price records into daily_prices.
[2026-09-04 00:06:59] [INFO] [cnx200_dashboard:historical_data_service.py:122] - [OK] [1/1] 'MARUTI' backfill complete: 91 records upserted.
[2026-09-04 00:06:59] [INFO] [cnx200_dashboard:historical_data_service.py:144] - Historical Backfill Finished. Total Stocks: 1, Success: 1, Failed: 0, Total Records: 91.
[2026-09-04 00:06:59] [INFO] [cnx200_dashboard:repositories.py:392] - Bulk upserted 227 RSI metrics into stock_rsi_metrics.
[2026-09-04 00:06:59] [INFO] [cnx200_dashboard:historical_data_service.py:37] - Starting Historical Market Data Backfill from 2026-04-27 to 2026-09-04...
[2026-09-04 00:06:59] [INFO] [cnx200_dashboard:historical_data_service.py:67] - Targeting 1 active stocks for historical backfill.
[2026-09-04 00:06:59] [INFO] [cnx200_dashboard:historical_data_service.py:71] - [1/1] Processing historical backfill for symbol 'MAXHEALTH'...
[2026-09-04 00:06:59] [INFO] [cnx200_dashboard:nse_client.py:59] - Fetching historical market data for MAXHEALTH from 27-04-2026 to 04-09-2026...
[2026-09-04 00:07:00] [INFO] [cnx200_dashboard:nse_client.py:69] - Retrieved 91 price records for MAXHEALTH.
[2026-09-04 00:07:01] [INFO] [cnx200_dashboard:repositories.py:164] - Bulk upserted 91 price records into daily_prices.
[2026-09-04 00:07:01] [INFO] [cnx200_dashboard:historical_data_service.py:122] - [OK] [1/1] 'MAXHEALTH' backfill complete: 91 records upserted.
[2026-09-04 00:07:01] [INFO] [cnx200_dashboard:historical_data_service.py:144] - Historical Backfill Finished. Total Stocks: 1, Success: 1, Failed: 0, Total Records: 91.
[2026-09-04 00:07:01] [INFO] [cnx200_dashboard:repositories.py:392] - Bulk upserted 227 RSI metrics into stock_rsi_metrics.
[2026-09-04 00:07:01] [INFO] [cnx200_dashboard:historical_data_service.py:37] - Starting Historical Market Data Backfill from 2026-04-27 to 2026-09-04...
[2026-09-04 00:07:01] [INFO] [cnx200_dashboard:historical_data_service.py:67] - Targeting 1 active stocks for historical backfill.
[2026-09-04 00:07:01] [INFO] [cnx200_dashboard:historical_data_service.py:71] - [1/1] Processing historical backfill for symbol 'MAZDOCK'...
[2026-09-04 00:07:01] [INFO] [cnx200_dashboard:nse_client.py:59] - Fetching historical market data for MAZDOCK from 27-04-2026 to 04-09-2026...
[2026-09-04 00:07:02] [INFO] [cnx200_dashboard:nse_client.py:69] - Retrieved 91 price records for MAZDOCK.
[2026-09-04 00:07:02] [INFO] [cnx200_dashboard:repositories.py:164] - Bulk upserted 91 price records into daily_prices.
[2026-09-04 00:07:02] [INFO] [cnx200_dashboard:historical_data_service.py:122] - [OK] [1/1] 'MAZDOCK' backfill complete: 91 records upserted.
[2026-09-04 00:07:02] [INFO] [cnx200_dashboard:historical_data_service.py:144] - Historical Backfill Finished. Total Stocks: 1, Success: 1, Failed: 0, Total Records: 91.
[2026-09-04 00:07:02] [INFO] [cnx200_dashboard:repositories.py:392] - Bulk upserted 227 RSI metrics into stock_rsi_metrics.
[2026-09-04 00:07:02] [INFO] [cnx200_dashboard:historical_data_service.py:37] - Starting Historical Market Data Backfill from 2026-04-27 to 2026-09-04...
[2026-09-04 00:07:02] [INFO] [cnx200_dashboard:historical_data_service.py:67] - Targeting 1 active stocks for historical backfill.
[2026-09-04 00:07:02] [INFO] [cnx200_dashboard:historical_data_service.py:71] - [1/1] Processing historical backfill for symbol 'MCX'...
[2026-09-04 00:07:02] [INFO] [cnx200_dashboard:nse_client.py:59] - Fetching historical market data for MCX from 27-04-2026 to 04-09-2026...
[2026-09-04 00:07:04] [INFO] [cnx200_dashboard:nse_client.py:69] - Retrieved 91 price records for MCX.
[2026-09-04 00:07:04] [INFO] [cnx200_dashboard:repositories.py:164] - Bulk upserted 91 price records into daily_prices.
[2026-09-04 00:07:04] [INFO] [cnx200_dashboard:historical_data_service.py:122] - [OK] [1/1] 'MCX' backfill complete: 91 records upserted.
[2026-09-04 00:07:04] [INFO] [cnx200_dashboard:historical_data_service.py:144] - Historical Backfill Finished. Total Stocks: 1, Success: 1, Failed: 0, Total Records: 91.
[2026-09-04 00:07:04] [INFO] [cnx200_dashboard:repositories.py:392] - Bulk upserted 227 RSI metrics into stock_rsi_metrics.
[2026-09-04 00:07:04] [INFO] [cnx200_dashboard:historical_data_service.py:37] - Starting Historical Market Data Backfill from 2026-04-27 to 2026-09-04...
[2026-09-04 00:07:04] [INFO] [cnx200_dashboard:historical_data_service.py:67] - Targeting 1 active stocks for historical backfill.
[2026-09-04 00:07:04] [INFO] [cnx200_dashboard:historical_data_service.py:71] - [1/1] Processing historical backfill for symbol 'MFSL'...
[2026-09-04 00:07:04] [INFO] [cnx200_dashboard:nse_client.py:59] - Fetching historical market data for MFSL from 27-04-2026 to 04-09-2026...
[2026-09-04 00:07:05] [INFO] [cnx200_dashboard:nse_client.py:69] - Retrieved 91 price records for MFSL.
[2026-09-04 00:07:05] [INFO] [cnx200_dashboard:repositories.py:164] - Bulk upserted 91 price records into daily_prices.
[2026-09-04 00:07:05] [INFO] [cnx200_dashboard:historical_data_service.py:122] - [OK] [1/1] 'MFSL' backfill complete: 91 records upserted.
[2026-09-04 00:07:05] [INFO] [cnx200_dashboard:historical_data_service.py:144] - Historical Backfill Finished. Total Stocks: 1, Success: 1, Failed: 0, Total Records: 91.
[2026-09-04 00:07:06] [INFO] [cnx200_dashboard:repositories.py:392] - Bulk upserted 227 RSI metrics into stock_rsi_metrics.
[2026-09-04 00:07:06] [INFO] [cnx200_dashboard:historical_data_service.py:37] - Starting Historical Market Data Backfill from 2026-04-27 to 2026-09-04...
[2026-09-04 00:07:06] [INFO] [cnx200_dashboard:historical_data_service.py:67] - Targeting 1 active stocks for historical backfill.
[2026-09-04 00:07:06] [INFO] [cnx200_dashboard:historical_data_service.py:71] - [1/1] Processing historical backfill for symbol 'MOTHERSON'...
[2026-09-04 00:07:06] [INFO] [cnx200_dashboard:nse_client.py:59] - Fetching historical market data for MOTHERSON from 27-04-2026 to 04-09-2026...
[2026-09-04 00:07:07] [INFO] [cnx200_dashboard:nse_client.py:69] - Retrieved 91 price records for MOTHERSON.
[2026-09-04 00:07:07] [INFO] [cnx200_dashboard:repositories.py:164] - Bulk upserted 91 price records into daily_prices.
[2026-09-04 00:07:07] [INFO] [cnx200_dashboard:historical_data_service.py:122] - [OK] [1/1] 'MOTHERSON' backfill complete: 91 records upserted.
[2026-09-04 00:07:07] [INFO] [cnx200_dashboard:historical_data_service.py:144] - Historical Backfill Finished. Total Stocks: 1, Success: 1, Failed: 0, Total Records: 91.
[2026-09-04 00:07:07] [INFO] [cnx200_dashboard:repositories.py:392] - Bulk upserted 227 RSI metrics into stock_rsi_metrics.
[2026-09-04 00:07:07] [INFO] [cnx200_dashboard:historical_data_service.py:37] - Starting Historical Market Data Backfill from 2026-04-27 to 2026-09-04...
[2026-09-04 00:07:07] [INFO] [cnx200_dashboard:historical_data_service.py:67] - Targeting 1 active stocks for historical backfill.
[2026-09-04 00:07:07] [INFO] [cnx200_dashboard:historical_data_service.py:71] - [1/1] Processing historical backfill for symbol 'MOTILALOFS'...
[2026-09-04 00:07:07] [INFO] [cnx200_dashboard:nse_client.py:59] - Fetching historical market data for MOTILALOFS from 27-04-2026 to 04-09-2026...
[2026-09-04 00:07:08] [INFO] [cnx200_dashboard:nse_client.py:69] - Retrieved 92 price records for MOTILALOFS.
[2026-09-04 00:07:09] [INFO] [cnx200_dashboard:repositories.py:164] - Bulk upserted 92 price records into daily_prices.
[2026-09-04 00:07:09] [INFO] [cnx200_dashboard:historical_data_service.py:122] - [OK] [1/1] 'MOTILALOFS' backfill complete: 92 records upserted.
[2026-09-04 00:07:09] [INFO] [cnx200_dashboard:historical_data_service.py:144] - Historical Backfill Finished. Total Stocks: 1, Success: 1, Failed: 0, Total Records: 92.
[2026-09-04 00:07:09] [INFO] [cnx200_dashboard:repositories.py:392] - Bulk upserted 227 RSI metrics into stock_rsi_metrics.
[2026-09-04 00:07:09] [INFO] [cnx200_dashboard:historical_data_service.py:37] - Starting Historical Market Data Backfill from 2026-04-27 to 2026-09-04...
[2026-09-04 00:07:09] [INFO] [cnx200_dashboard:historical_data_service.py:67] - Targeting 1 active stocks for historical backfill.
[2026-09-04 00:07:09] [INFO] [cnx200_dashboard:historical_data_service.py:71] - [1/1] Processing historical backfill for symbol 'MPHASIS'...
[2026-09-04 00:07:09] [INFO] [cnx200_dashboard:nse_client.py:59] - Fetching historical market data for MPHASIS from 27-04-2026 to 04-09-2026...
[2026-09-04 00:07:10] [INFO] [cnx200_dashboard:nse_client.py:69] - Retrieved 91 price records for MPHASIS.
[2026-09-04 00:07:10] [INFO] [cnx200_dashboard:repositories.py:164] - Bulk upserted 91 price records into daily_prices.
[2026-09-04 00:07:10] [INFO] [cnx200_dashboard:historical_data_service.py:122] - [OK] [1/1] 'MPHASIS' backfill complete: 91 records upserted.
[2026-09-04 00:07:10] [INFO] [cnx200_dashboard:historical_data_service.py:144] - Historical Backfill Finished. Total Stocks: 1, Success: 1, Failed: 0, Total Records: 91.
[2026-09-04 00:07:10] [INFO] [cnx200_dashboard:repositories.py:392] - Bulk upserted 227 RSI metrics into stock_rsi_metrics.
[2026-09-04 00:07:10] [INFO] [cnx200_dashboard:historical_data_service.py:37] - Starting Historical Market Data Backfill from 2026-04-27 to 2026-09-04...
[2026-09-04 00:07:10] [INFO] [cnx200_dashboard:historical_data_service.py:67] - Targeting 1 active stocks for historical backfill.
[2026-09-04 00:07:10] [INFO] [cnx200_dashboard:historical_data_service.py:71] - [1/1] Processing historical backfill for symbol 'MRF'...
[2026-09-04 00:07:10] [INFO] [cnx200_dashboard:nse_client.py:59] - Fetching historical market data for MRF from 27-04-2026 to 04-09-2026...
[2026-09-04 00:07:12] [INFO] [cnx200_dashboard:nse_client.py:69] - Retrieved 91 price records for MRF.
[2026-09-04 00:07:12] [INFO] [cnx200_dashboard:repositories.py:164] - Bulk upserted 91 price records into daily_prices.
[2026-09-04 00:07:12] [INFO] [cnx200_dashboard:historical_data_service.py:122] - [OK] [1/1] 'MRF' backfill complete: 91 records upserted.
[2026-09-04 00:07:12] [INFO] [cnx200_dashboard:historical_data_service.py:144] - Historical Backfill Finished. Total Stocks: 1, Success: 1, Failed: 0, Total Records: 91.
[2026-09-04 00:07:12] [INFO] [cnx200_dashboard:repositories.py:392] - Bulk upserted 227 RSI metrics into stock_rsi_metrics.
[2026-09-04 00:07:12] [INFO] [cnx200_dashboard:historical_data_service.py:37] - Starting Historical Market Data Backfill from 2026-04-27 to 2026-09-04...
[2026-09-04 00:07:12] [INFO] [cnx200_dashboard:historical_data_service.py:67] - Targeting 1 active stocks for historical backfill.
[2026-09-04 00:07:12] [INFO] [cnx200_dashboard:historical_data_service.py:71] - [1/1] Processing historical backfill for symbol 'MUTHOOTFIN'...
[2026-09-04 00:07:12] [INFO] [cnx200_dashboard:nse_client.py:59] - Fetching historical market data for MUTHOOTFIN from 27-04-2026 to 04-09-2026...
[2026-09-04 00:07:13] [INFO] [cnx200_dashboard:nse_client.py:69] - Retrieved 91 price records for MUTHOOTFIN.
[2026-09-04 00:07:13] [INFO] [cnx200_dashboard:repositories.py:164] - Bulk upserted 91 price records into daily_prices.
[2026-09-04 00:07:13] [INFO] [cnx200_dashboard:historical_data_service.py:122] - [OK] [1/1] 'MUTHOOTFIN' backfill complete: 91 records upserted.
[2026-09-04 00:07:13] [INFO] [cnx200_dashboard:historical_data_service.py:144] - Historical Backfill Finished. Total Stocks: 1, Success: 1, Failed: 0, Total Records: 91.
[2026-09-04 00:07:14] [INFO] [cnx200_dashboard:repositories.py:392] - Bulk upserted 227 RSI metrics into stock_rsi_metrics.
[2026-09-04 00:07:14] [INFO] [cnx200_dashboard:historical_data_service.py:37] - Starting Historical Market Data Backfill from 2026-04-27 to 2026-09-04...
[2026-09-04 00:07:14] [INFO] [cnx200_dashboard:historical_data_service.py:67] - Targeting 1 active stocks for historical backfill.
[2026-09-04 00:07:14] [INFO] [cnx200_dashboard:historical_data_service.py:71] - [1/1] Processing historical backfill for symbol 'NATIONALUM'...
[2026-09-04 00:07:14] [INFO] [cnx200_dashboard:nse_client.py:59] - Fetching historical market data for NATIONALUM from 27-04-2026 to 04-09-2026...
[2026-09-04 00:07:15] [INFO] [cnx200_dashboard:nse_client.py:69] - Retrieved 91 price records for NATIONALUM.
[2026-09-04 00:07:15] [INFO] [cnx200_dashboard:repositories.py:164] - Bulk upserted 91 price records into daily_prices.
[2026-09-04 00:07:15] [INFO] [cnx200_dashboard:historical_data_service.py:122] - [OK] [1/1] 'NATIONALUM' backfill complete: 91 records upserted.
[2026-09-04 00:07:15] [INFO] [cnx200_dashboard:historical_data_service.py:144] - Historical Backfill Finished. Total Stocks: 1, Success: 1, Failed: 0, Total Records: 91.
[2026-09-04 00:07:15] [INFO] [cnx200_dashboard:repositories.py:392] - Bulk upserted 227 RSI metrics into stock_rsi_metrics.
[2026-09-04 00:07:15] [INFO] [cnx200_dashboard:historical_data_service.py:37] - Starting Historical Market Data Backfill from 2026-04-27 to 2026-09-04...
[2026-09-04 00:07:15] [INFO] [cnx200_dashboard:historical_data_service.py:67] - Targeting 1 active stocks for historical backfill.
[2026-09-04 00:07:15] [INFO] [cnx200_dashboard:historical_data_service.py:71] - [1/1] Processing historical backfill for symbol 'NAUKRI'...
[2026-09-04 00:07:15] [INFO] [cnx200_dashboard:nse_client.py:59] - Fetching historical market data for NAUKRI from 27-04-2026 to 04-09-2026...
[2026-09-04 00:07:17] [INFO] [cnx200_dashboard:nse_client.py:69] - Retrieved 91 price records for NAUKRI.
[2026-09-04 00:07:17] [INFO] [cnx200_dashboard:repositories.py:164] - Bulk upserted 91 price records into daily_prices.
[2026-09-04 00:07:17] [INFO] [cnx200_dashboard:historical_data_service.py:122] - [OK] [1/1] 'NAUKRI' backfill complete: 91 records upserted.
[2026-09-04 00:07:17] [INFO] [cnx200_dashboard:historical_data_service.py:144] - Historical Backfill Finished. Total Stocks: 1, Success: 1, Failed: 0, Total Records: 91.
[2026-09-04 00:07:17] [INFO] [cnx200_dashboard:repositories.py:392] - Bulk upserted 227 RSI metrics into stock_rsi_metrics.
[2026-09-04 00:07:17] [INFO] [cnx200_dashboard:historical_data_service.py:37] - Starting Historical Market Data Backfill from 2026-04-27 to 2026-09-04...
[2026-09-04 00:07:17] [INFO] [cnx200_dashboard:historical_data_service.py:67] - Targeting 1 active stocks for historical backfill.
[2026-09-04 00:07:17] [INFO] [cnx200_dashboard:historical_data_service.py:71] - [1/1] Processing historical backfill for symbol 'NESTLEIND'...
[2026-09-04 00:07:17] [INFO] [cnx200_dashboard:nse_client.py:59] - Fetching historical market data for NESTLEIND from 27-04-2026 to 04-09-2026...
[2026-09-04 00:07:18] [INFO] [cnx200_dashboard:nse_client.py:69] - Retrieved 91 price records for NESTLEIND.
[2026-09-04 00:07:18] [INFO] [cnx200_dashboard:repositories.py:164] - Bulk upserted 91 price records into daily_prices.
[2026-09-04 00:07:18] [INFO] [cnx200_dashboard:historical_data_service.py:122] - [OK] [1/1] 'NESTLEIND' backfill complete: 91 records upserted.
[2026-09-04 00:07:18] [INFO] [cnx200_dashboard:historical_data_service.py:144] - Historical Backfill Finished. Total Stocks: 1, Success: 1, Failed: 0, Total Records: 91.
[2026-09-04 00:07:19] [INFO] [cnx200_dashboard:repositories.py:392] - Bulk upserted 227 RSI metrics into stock_rsi_metrics.
[2026-09-04 00:07:19] [INFO] [cnx200_dashboard:historical_data_service.py:37] - Starting Historical Market Data Backfill from 2026-04-27 to 2026-09-04...
[2026-09-04 00:07:19] [INFO] [cnx200_dashboard:historical_data_service.py:67] - Targeting 1 active stocks for historical backfill.
[2026-09-04 00:07:19] [INFO] [cnx200_dashboard:historical_data_service.py:71] - [1/1] Processing historical backfill for symbol 'NHPC'...
[2026-09-04 00:07:19] [INFO] [cnx200_dashboard:nse_client.py:59] - Fetching historical market data for NHPC from 27-04-2026 to 04-09-2026...
[2026-09-04 00:07:20] [INFO] [cnx200_dashboard:nse_client.py:69] - Retrieved 91 price records for NHPC.
[2026-09-04 00:07:20] [INFO] [cnx200_dashboard:repositories.py:164] - Bulk upserted 91 price records into daily_prices.
[2026-09-04 00:07:20] [INFO] [cnx200_dashboard:historical_data_service.py:122] - [OK] [1/1] 'NHPC' backfill complete: 91 records upserted.
[2026-09-04 00:07:20] [INFO] [cnx200_dashboard:historical_data_service.py:144] - Historical Backfill Finished. Total Stocks: 1, Success: 1, Failed: 0, Total Records: 91.
[2026-09-04 00:07:20] [INFO] [cnx200_dashboard:repositories.py:392] - Bulk upserted 227 RSI metrics into stock_rsi_metrics.
[2026-09-04 00:07:20] [INFO] [cnx200_dashboard:historical_data_service.py:37] - Starting Historical Market Data Backfill from 2026-04-27 to 2026-09-04...
[2026-09-04 00:07:20] [INFO] [cnx200_dashboard:historical_data_service.py:67] - Targeting 1 active stocks for historical backfill.
[2026-09-04 00:07:20] [INFO] [cnx200_dashboard:historical_data_service.py:71] - [1/1] Processing historical backfill for symbol 'NMDC'...
[2026-09-04 00:07:20] [INFO] [cnx200_dashboard:nse_client.py:59] - Fetching historical market data for NMDC from 27-04-2026 to 04-09-2026...
[2026-09-04 00:07:22] [INFO] [cnx200_dashboard:nse_client.py:69] - Retrieved 91 price records for NMDC.
[2026-09-04 00:07:22] [INFO] [cnx200_dashboard:repositories.py:164] - Bulk upserted 91 price records into daily_prices.
[2026-09-04 00:07:22] [INFO] [cnx200_dashboard:historical_data_service.py:122] - [OK] [1/1] 'NMDC' backfill complete: 91 records upserted.
[2026-09-04 00:07:22] [INFO] [cnx200_dashboard:historical_data_service.py:144] - Historical Backfill Finished. Total Stocks: 1, Success: 1, Failed: 0, Total Records: 91.
[2026-09-04 00:07:22] [INFO] [cnx200_dashboard:repositories.py:392] - Bulk upserted 227 RSI metrics into stock_rsi_metrics.
[2026-09-04 00:07:22] [INFO] [cnx200_dashboard:historical_data_service.py:37] - Starting Historical Market Data Backfill from 2026-04-27 to 2026-09-04...
[2026-09-04 00:07:22] [INFO] [cnx200_dashboard:historical_data_service.py:67] - Targeting 1 active stocks for historical backfill.
[2026-09-04 00:07:22] [INFO] [cnx200_dashboard:historical_data_service.py:71] - [1/1] Processing historical backfill for symbol 'NTPC'...
[2026-09-04 00:07:22] [INFO] [cnx200_dashboard:nse_client.py:59] - Fetching historical market data for NTPC from 27-04-2026 to 04-09-2026...
[2026-09-04 00:07:23] [INFO] [cnx200_dashboard:nse_client.py:69] - Retrieved 91 price records for NTPC.
[2026-09-04 00:07:23] [INFO] [cnx200_dashboard:repositories.py:164] - Bulk upserted 91 price records into daily_prices.
[2026-09-04 00:07:23] [INFO] [cnx200_dashboard:historical_data_service.py:122] - [OK] [1/1] 'NTPC' backfill complete: 91 records upserted.
[2026-09-04 00:07:23] [INFO] [cnx200_dashboard:historical_data_service.py:144] - Historical Backfill Finished. Total Stocks: 1, Success: 1, Failed: 0, Total Records: 91.
[2026-09-04 00:07:24] [INFO] [cnx200_dashboard:repositories.py:392] - Bulk upserted 227 RSI metrics into stock_rsi_metrics.
[2026-09-04 00:07:24] [INFO] [cnx200_dashboard:historical_data_service.py:37] - Starting Historical Market Data Backfill from 2026-04-27 to 2026-09-04...
[2026-09-04 00:07:24] [INFO] [cnx200_dashboard:historical_data_service.py:67] - Targeting 1 active stocks for historical backfill.
[2026-09-04 00:07:24] [INFO] [cnx200_dashboard:historical_data_service.py:71] - [1/1] Processing historical backfill for symbol 'NYKAA'...
[2026-09-04 00:07:24] [INFO] [cnx200_dashboard:nse_client.py:59] - Fetching historical market data for NYKAA from 27-04-2026 to 04-09-2026...
[2026-09-04 00:07:25] [INFO] [cnx200_dashboard:nse_client.py:69] - Retrieved 91 price records for NYKAA.
[2026-09-04 00:07:25] [INFO] [cnx200_dashboard:repositories.py:164] - Bulk upserted 91 price records into daily_prices.
[2026-09-04 00:07:25] [INFO] [cnx200_dashboard:historical_data_service.py:122] - [OK] [1/1] 'NYKAA' backfill complete: 91 records upserted.
[2026-09-04 00:07:25] [INFO] [cnx200_dashboard:historical_data_service.py:144] - Historical Backfill Finished. Total Stocks: 1, Success: 1, Failed: 0, Total Records: 91.
[2026-09-04 00:07:25] [INFO] [cnx200_dashboard:repositories.py:392] - Bulk upserted 227 RSI metrics into stock_rsi_metrics.
[2026-09-04 00:07:25] [INFO] [cnx200_dashboard:historical_data_service.py:37] - Starting Historical Market Data Backfill from 2026-04-27 to 2026-09-04...
[2026-09-04 00:07:25] [INFO] [cnx200_dashboard:historical_data_service.py:67] - Targeting 1 active stocks for historical backfill.
[2026-09-04 00:07:25] [INFO] [cnx200_dashboard:historical_data_service.py:71] - [1/1] Processing historical backfill for symbol 'OBEROIRLTY'...
[2026-09-04 00:07:25] [INFO] [cnx200_dashboard:nse_client.py:59] - Fetching historical market data for OBEROIRLTY from 27-04-2026 to 04-09-2026...
[2026-09-04 00:07:27] [INFO] [cnx200_dashboard:nse_client.py:69] - Retrieved 91 price records for OBEROIRLTY.
[2026-09-04 00:07:27] [INFO] [cnx200_dashboard:repositories.py:164] - Bulk upserted 91 price records into daily_prices.
[2026-09-04 00:07:27] [INFO] [cnx200_dashboard:historical_data_service.py:122] - [OK] [1/1] 'OBEROIRLTY' backfill complete: 91 records upserted.
[2026-09-04 00:07:27] [INFO] [cnx200_dashboard:historical_data_service.py:144] - Historical Backfill Finished. Total Stocks: 1, Success: 1, Failed: 0, Total Records: 91.
[2026-09-04 00:07:27] [INFO] [cnx200_dashboard:repositories.py:392] - Bulk upserted 227 RSI metrics into stock_rsi_metrics.
[2026-09-04 00:07:27] [INFO] [cnx200_dashboard:historical_data_service.py:37] - Starting Historical Market Data Backfill from 2026-04-27 to 2026-09-04...
[2026-09-04 00:07:27] [INFO] [cnx200_dashboard:historical_data_service.py:67] - Targeting 1 active stocks for historical backfill.
[2026-09-04 00:07:27] [INFO] [cnx200_dashboard:historical_data_service.py:71] - [1/1] Processing historical backfill for symbol 'OFSS'...
[2026-09-04 00:07:27] [INFO] [cnx200_dashboard:nse_client.py:59] - Fetching historical market data for OFSS from 27-04-2026 to 04-09-2026...
[2026-09-04 00:07:29] [INFO] [cnx200_dashboard:nse_client.py:69] - Retrieved 91 price records for OFSS.
[2026-09-04 00:07:29] [INFO] [cnx200_dashboard:repositories.py:164] - Bulk upserted 91 price records into daily_prices.
[2026-09-04 00:07:29] [INFO] [cnx200_dashboard:historical_data_service.py:122] - [OK] [1/1] 'OFSS' backfill complete: 91 records upserted.
[2026-09-04 00:07:29] [INFO] [cnx200_dashboard:historical_data_service.py:144] - Historical Backfill Finished. Total Stocks: 1, Success: 1, Failed: 0, Total Records: 91.
[2026-09-04 00:07:29] [INFO] [cnx200_dashboard:repositories.py:392] - Bulk upserted 227 RSI metrics into stock_rsi_metrics.
[2026-09-04 00:07:29] [INFO] [cnx200_dashboard:historical_data_service.py:37] - Starting Historical Market Data Backfill from 2026-04-27 to 2026-09-04...
[2026-09-04 00:07:29] [INFO] [cnx200_dashboard:historical_data_service.py:67] - Targeting 1 active stocks for historical backfill.
[2026-09-04 00:07:29] [INFO] [cnx200_dashboard:historical_data_service.py:71] - [1/1] Processing historical backfill for symbol 'OIL'...
[2026-09-04 00:07:29] [INFO] [cnx200_dashboard:nse_client.py:59] - Fetching historical market data for OIL from 27-04-2026 to 04-09-2026...
[2026-09-04 00:07:30] [INFO] [cnx200_dashboard:nse_client.py:69] - Retrieved 91 price records for OIL.
[2026-09-04 00:07:30] [INFO] [cnx200_dashboard:repositories.py:164] - Bulk upserted 91 price records into daily_prices.
[2026-09-04 00:07:30] [INFO] [cnx200_dashboard:historical_data_service.py:122] - [OK] [1/1] 'OIL' backfill complete: 91 records upserted.
[2026-09-04 00:07:30] [INFO] [cnx200_dashboard:historical_data_service.py:144] - Historical Backfill Finished. Total Stocks: 1, Success: 1, Failed: 0, Total Records: 91.
[2026-09-04 00:07:30] [INFO] [cnx200_dashboard:repositories.py:392] - Bulk upserted 227 RSI metrics into stock_rsi_metrics.
[2026-09-04 00:07:31] [INFO] [cnx200_dashboard:historical_data_service.py:37] - Starting Historical Market Data Backfill from 2026-04-27 to 2026-09-04...
[2026-09-04 00:07:31] [INFO] [cnx200_dashboard:historical_data_service.py:67] - Targeting 1 active stocks for historical backfill.
[2026-09-04 00:07:31] [INFO] [cnx200_dashboard:historical_data_service.py:71] - [1/1] Processing historical backfill for symbol 'ONGC'...
[2026-09-04 00:07:31] [INFO] [cnx200_dashboard:nse_client.py:59] - Fetching historical market data for ONGC from 27-04-2026 to 04-09-2026...
[2026-09-04 00:07:32] [INFO] [cnx200_dashboard:nse_client.py:69] - Retrieved 91 price records for ONGC.
[2026-09-04 00:07:32] [INFO] [cnx200_dashboard:repositories.py:164] - Bulk upserted 91 price records into daily_prices.
[2026-09-04 00:07:32] [INFO] [cnx200_dashboard:historical_data_service.py:122] - [OK] [1/1] 'ONGC' backfill complete: 91 records upserted.
[2026-09-04 00:07:32] [INFO] [cnx200_dashboard:historical_data_service.py:144] - Historical Backfill Finished. Total Stocks: 1, Success: 1, Failed: 0, Total Records: 91.
[2026-09-04 00:07:32] [INFO] [cnx200_dashboard:repositories.py:392] - Bulk upserted 227 RSI metrics into stock_rsi_metrics.
[2026-09-04 00:07:32] [INFO] [cnx200_dashboard:historical_data_service.py:37] - Starting Historical Market Data Backfill from 2026-04-27 to 2026-09-04...
[2026-09-04 00:07:32] [INFO] [cnx200_dashboard:historical_data_service.py:67] - Targeting 1 active stocks for historical backfill.
[2026-09-04 00:07:32] [INFO] [cnx200_dashboard:historical_data_service.py:71] - [1/1] Processing historical backfill for symbol 'PAGEIND'...
[2026-09-04 00:07:32] [INFO] [cnx200_dashboard:nse_client.py:59] - Fetching historical market data for PAGEIND from 27-04-2026 to 04-09-2026...
[2026-09-04 00:07:34] [INFO] [cnx200_dashboard:nse_client.py:69] - Retrieved 91 price records for PAGEIND.
[2026-09-04 00:07:34] [INFO] [cnx200_dashboard:repositories.py:164] - Bulk upserted 91 price records into daily_prices.
[2026-09-04 00:07:34] [INFO] [cnx200_dashboard:historical_data_service.py:122] - [OK] [1/1] 'PAGEIND' backfill complete: 91 records upserted.
[2026-09-04 00:07:34] [INFO] [cnx200_dashboard:historical_data_service.py:144] - Historical Backfill Finished. Total Stocks: 1, Success: 1, Failed: 0, Total Records: 91.
[2026-09-04 00:07:34] [INFO] [cnx200_dashboard:repositories.py:392] - Bulk upserted 227 RSI metrics into stock_rsi_metrics.
[2026-09-04 00:07:34] [INFO] [cnx200_dashboard:historical_data_service.py:37] - Starting Historical Market Data Backfill from 2026-04-27 to 2026-09-04...
[2026-09-04 00:07:34] [INFO] [cnx200_dashboard:historical_data_service.py:67] - Targeting 1 active stocks for historical backfill.
[2026-09-04 00:07:34] [INFO] [cnx200_dashboard:historical_data_service.py:71] - [1/1] Processing historical backfill for symbol 'PATANJALI'...
[2026-09-04 00:07:34] [INFO] [cnx200_dashboard:nse_client.py:59] - Fetching historical market data for PATANJALI from 27-04-2026 to 04-09-2026...
[2026-09-04 00:07:35] [INFO] [cnx200_dashboard:nse_client.py:69] - Retrieved 91 price records for PATANJALI.
[2026-09-04 00:07:35] [INFO] [cnx200_dashboard:repositories.py:164] - Bulk upserted 91 price records into daily_prices.
[2026-09-04 00:07:35] [INFO] [cnx200_dashboard:historical_data_service.py:122] - [OK] [1/1] 'PATANJALI' backfill complete: 91 records upserted.
[2026-09-04 00:07:35] [INFO] [cnx200_dashboard:historical_data_service.py:144] - Historical Backfill Finished. Total Stocks: 1, Success: 1, Failed: 0, Total Records: 91.
[2026-09-04 00:07:36] [INFO] [cnx200_dashboard:repositories.py:392] - Bulk upserted 227 RSI metrics into stock_rsi_metrics.
[2026-09-04 00:07:36] [INFO] [cnx200_dashboard:historical_data_service.py:37] - Starting Historical Market Data Backfill from 2026-04-27 to 2026-09-04...
[2026-09-04 00:07:36] [INFO] [cnx200_dashboard:historical_data_service.py:67] - Targeting 1 active stocks for historical backfill.
[2026-09-04 00:07:36] [INFO] [cnx200_dashboard:historical_data_service.py:71] - [1/1] Processing historical backfill for symbol 'PAYTM'...
[2026-09-04 00:07:36] [INFO] [cnx200_dashboard:nse_client.py:59] - Fetching historical market data for PAYTM from 27-04-2026 to 04-09-2026...
[2026-09-04 00:07:37] [INFO] [cnx200_dashboard:nse_client.py:69] - Retrieved 93 price records for PAYTM.
[2026-09-04 00:07:37] [INFO] [cnx200_dashboard:repositories.py:164] - Bulk upserted 93 price records into daily_prices.
[2026-09-04 00:07:37] [INFO] [cnx200_dashboard:historical_data_service.py:122] - [OK] [1/1] 'PAYTM' backfill complete: 93 records upserted.
[2026-09-04 00:07:37] [INFO] [cnx200_dashboard:historical_data_service.py:144] - Historical Backfill Finished. Total Stocks: 1, Success: 1, Failed: 0, Total Records: 93.
[2026-09-04 00:07:37] [INFO] [cnx200_dashboard:repositories.py:392] - Bulk upserted 227 RSI metrics into stock_rsi_metrics.
[2026-09-04 00:07:37] [INFO] [cnx200_dashboard:historical_data_service.py:37] - Starting Historical Market Data Backfill from 2026-04-27 to 2026-09-04...
[2026-09-04 00:07:37] [INFO] [cnx200_dashboard:historical_data_service.py:67] - Targeting 1 active stocks for historical backfill.
[2026-09-04 00:07:37] [INFO] [cnx200_dashboard:historical_data_service.py:71] - [1/1] Processing historical backfill for symbol 'PERSISTENT'...
[2026-09-04 00:07:37] [INFO] [cnx200_dashboard:nse_client.py:59] - Fetching historical market data for PERSISTENT from 27-04-2026 to 04-09-2026...
[2026-09-04 00:07:39] [INFO] [cnx200_dashboard:nse_client.py:69] - Retrieved 91 price records for PERSISTENT.
[2026-09-04 00:07:39] [INFO] [cnx200_dashboard:repositories.py:164] - Bulk upserted 91 price records into daily_prices.
[2026-09-04 00:07:39] [INFO] [cnx200_dashboard:historical_data_service.py:122] - [OK] [1/1] 'PERSISTENT' backfill complete: 91 records upserted.
[2026-09-04 00:07:39] [INFO] [cnx200_dashboard:historical_data_service.py:144] - Historical Backfill Finished. Total Stocks: 1, Success: 1, Failed: 0, Total Records: 91.
[2026-09-04 00:07:39] [INFO] [cnx200_dashboard:repositories.py:392] - Bulk upserted 227 RSI metrics into stock_rsi_metrics.
[2026-09-04 00:07:39] [INFO] [cnx200_dashboard:historical_data_service.py:37] - Starting Historical Market Data Backfill from 2026-04-27 to 2026-09-04...
[2026-09-04 00:07:39] [INFO] [cnx200_dashboard:historical_data_service.py:67] - Targeting 1 active stocks for historical backfill.
[2026-09-04 00:07:39] [INFO] [cnx200_dashboard:historical_data_service.py:71] - [1/1] Processing historical backfill for symbol 'PFC'...
[2026-09-04 00:07:39] [INFO] [cnx200_dashboard:nse_client.py:59] - Fetching historical market data for PFC from 27-04-2026 to 04-09-2026...
[2026-09-04 00:07:40] [INFO] [cnx200_dashboard:nse_client.py:69] - Retrieved 91 price records for PFC.
[2026-09-04 00:07:41] [INFO] [cnx200_dashboard:repositories.py:164] - Bulk upserted 91 price records into daily_prices.
[2026-09-04 00:07:41] [INFO] [cnx200_dashboard:historical_data_service.py:122] - [OK] [1/1] 'PFC' backfill complete: 91 records upserted.
[2026-09-04 00:07:41] [INFO] [cnx200_dashboard:historical_data_service.py:144] - Historical Backfill Finished. Total Stocks: 1, Success: 1, Failed: 0, Total Records: 91.
[2026-09-04 00:07:41] [INFO] [cnx200_dashboard:repositories.py:392] - Bulk upserted 227 RSI metrics into stock_rsi_metrics.
[2026-09-04 00:07:41] [INFO] [cnx200_dashboard:historical_data_service.py:37] - Starting Historical Market Data Backfill from 2026-04-27 to 2026-09-04...
[2026-09-04 00:07:41] [INFO] [cnx200_dashboard:historical_data_service.py:67] - Targeting 1 active stocks for historical backfill.
[2026-09-04 00:07:41] [INFO] [cnx200_dashboard:historical_data_service.py:71] - [1/1] Processing historical backfill for symbol 'PHOENIXLTD'...
[2026-09-04 00:07:41] [INFO] [cnx200_dashboard:nse_client.py:59] - Fetching historical market data for PHOENIXLTD from 27-04-2026 to 04-09-2026...
[2026-09-04 00:07:42] [INFO] [cnx200_dashboard:nse_client.py:69] - Retrieved 91 price records for PHOENIXLTD.
[2026-09-04 00:07:42] [INFO] [cnx200_dashboard:repositories.py:164] - Bulk upserted 91 price records into daily_prices.
[2026-09-04 00:07:42] [INFO] [cnx200_dashboard:historical_data_service.py:122] - [OK] [1/1] 'PHOENIXLTD' backfill complete: 91 records upserted.
[2026-09-04 00:07:42] [INFO] [cnx200_dashboard:historical_data_service.py:144] - Historical Backfill Finished. Total Stocks: 1, Success: 1, Failed: 0, Total Records: 91.
[2026-09-04 00:07:42] [INFO] [cnx200_dashboard:repositories.py:392] - Bulk upserted 227 RSI metrics into stock_rsi_metrics.
[2026-09-04 00:07:42] [INFO] [cnx200_dashboard:historical_data_service.py:37] - Starting Historical Market Data Backfill from 2026-04-27 to 2026-09-04...
[2026-09-04 00:07:42] [INFO] [cnx200_dashboard:historical_data_service.py:67] - Targeting 1 active stocks for historical backfill.
[2026-09-04 00:07:42] [INFO] [cnx200_dashboard:historical_data_service.py:71] - [1/1] Processing historical backfill for symbol 'PIDILITIND'...
[2026-09-04 00:07:42] [INFO] [cnx200_dashboard:nse_client.py:59] - Fetching historical market data for PIDILITIND from 27-04-2026 to 04-09-2026...
[2026-09-04 00:07:44] [INFO] [cnx200_dashboard:nse_client.py:69] - Retrieved 91 price records for PIDILITIND.
[2026-09-04 00:07:44] [INFO] [cnx200_dashboard:repositories.py:164] - Bulk upserted 91 price records into daily_prices.
[2026-09-04 00:07:44] [INFO] [cnx200_dashboard:historical_data_service.py:122] - [OK] [1/1] 'PIDILITIND' backfill complete: 91 records upserted.
[2026-09-04 00:07:44] [INFO] [cnx200_dashboard:historical_data_service.py:144] - Historical Backfill Finished. Total Stocks: 1, Success: 1, Failed: 0, Total Records: 91.
[2026-09-04 00:07:44] [INFO] [cnx200_dashboard:repositories.py:392] - Bulk upserted 227 RSI metrics into stock_rsi_metrics.
[2026-09-04 00:07:44] [INFO] [cnx200_dashboard:historical_data_service.py:37] - Starting Historical Market Data Backfill from 2026-04-27 to 2026-09-04...
[2026-09-04 00:07:44] [INFO] [cnx200_dashboard:historical_data_service.py:67] - Targeting 1 active stocks for historical backfill.
[2026-09-04 00:07:44] [INFO] [cnx200_dashboard:historical_data_service.py:71] - [1/1] Processing historical backfill for symbol 'PIIND'...
[2026-09-04 00:07:44] [INFO] [cnx200_dashboard:nse_client.py:59] - Fetching historical market data for PIIND from 27-04-2026 to 04-09-2026...
[2026-09-04 00:07:45] [INFO] [cnx200_dashboard:nse_client.py:69] - Retrieved 91 price records for PIIND.
[2026-09-04 00:07:45] [INFO] [cnx200_dashboard:repositories.py:164] - Bulk upserted 91 price records into daily_prices.
[2026-09-04 00:07:45] [INFO] [cnx200_dashboard:historical_data_service.py:122] - [OK] [1/1] 'PIIND' backfill complete: 91 records upserted.
[2026-09-04 00:07:45] [INFO] [cnx200_dashboard:historical_data_service.py:144] - Historical Backfill Finished. Total Stocks: 1, Success: 1, Failed: 0, Total Records: 91.
[2026-09-04 00:07:46] [INFO] [cnx200_dashboard:repositories.py:392] - Bulk upserted 227 RSI metrics into stock_rsi_metrics.
[2026-09-04 00:07:46] [INFO] [cnx200_dashboard:historical_data_service.py:37] - Starting Historical Market Data Backfill from 2026-04-27 to 2026-09-04...
[2026-09-04 00:07:46] [INFO] [cnx200_dashboard:historical_data_service.py:67] - Targeting 1 active stocks for historical backfill.
[2026-09-04 00:07:46] [INFO] [cnx200_dashboard:historical_data_service.py:71] - [1/1] Processing historical backfill for symbol 'PNB'...
[2026-09-04 00:07:46] [INFO] [cnx200_dashboard:nse_client.py:59] - Fetching historical market data for PNB from 27-04-2026 to 04-09-2026...
[2026-09-04 00:07:47] [INFO] [cnx200_dashboard:nse_client.py:69] - Retrieved 91 price records for PNB.
[2026-09-04 00:07:47] [INFO] [cnx200_dashboard:repositories.py:164] - Bulk upserted 91 price records into daily_prices.
[2026-09-04 00:07:47] [INFO] [cnx200_dashboard:historical_data_service.py:122] - [OK] [1/1] 'PNB' backfill complete: 91 records upserted.
[2026-09-04 00:07:47] [INFO] [cnx200_dashboard:historical_data_service.py:144] - Historical Backfill Finished. Total Stocks: 1, Success: 1, Failed: 0, Total Records: 91.
[2026-09-04 00:07:47] [INFO] [cnx200_dashboard:repositories.py:392] - Bulk upserted 227 RSI metrics into stock_rsi_metrics.
[2026-09-04 00:07:47] [INFO] [cnx200_dashboard:historical_data_service.py:37] - Starting Historical Market Data Backfill from 2026-04-27 to 2026-09-04...
[2026-09-04 00:07:47] [INFO] [cnx200_dashboard:historical_data_service.py:67] - Targeting 1 active stocks for historical backfill.
[2026-09-04 00:07:47] [INFO] [cnx200_dashboard:historical_data_service.py:71] - [1/1] Processing historical backfill for symbol 'POLICYBZR'...
[2026-09-04 00:07:47] [INFO] [cnx200_dashboard:nse_client.py:59] - Fetching historical market data for POLICYBZR from 27-04-2026 to 04-09-2026...
[2026-09-04 00:07:49] [INFO] [cnx200_dashboard:nse_client.py:69] - Retrieved 93 price records for POLICYBZR.
[2026-09-04 00:07:49] [INFO] [cnx200_dashboard:repositories.py:164] - Bulk upserted 93 price records into daily_prices.
[2026-09-04 00:07:49] [INFO] [cnx200_dashboard:historical_data_service.py:122] - [OK] [1/1] 'POLICYBZR' backfill complete: 93 records upserted.
[2026-09-04 00:07:49] [INFO] [cnx200_dashboard:historical_data_service.py:144] - Historical Backfill Finished. Total Stocks: 1, Success: 1, Failed: 0, Total Records: 93.
[2026-09-04 00:07:49] [INFO] [cnx200_dashboard:repositories.py:392] - Bulk upserted 227 RSI metrics into stock_rsi_metrics.
[2026-09-04 00:07:49] [INFO] [cnx200_dashboard:historical_data_service.py:37] - Starting Historical Market Data Backfill from 2026-04-27 to 2026-09-04...
[2026-09-04 00:07:49] [INFO] [cnx200_dashboard:historical_data_service.py:67] - Targeting 1 active stocks for historical backfill.
[2026-09-04 00:07:49] [INFO] [cnx200_dashboard:historical_data_service.py:71] - [1/1] Processing historical backfill for symbol 'POLYCAB'...
[2026-09-04 00:07:49] [INFO] [cnx200_dashboard:nse_client.py:59] - Fetching historical market data for POLYCAB from 27-04-2026 to 04-09-2026...
[2026-09-04 00:07:50] [INFO] [cnx200_dashboard:nse_client.py:69] - Retrieved 91 price records for POLYCAB.
[2026-09-04 00:07:50] [INFO] [cnx200_dashboard:repositories.py:164] - Bulk upserted 91 price records into daily_prices.
[2026-09-04 00:07:50] [INFO] [cnx200_dashboard:historical_data_service.py:122] - [OK] [1/1] 'POLYCAB' backfill complete: 91 records upserted.
[2026-09-04 00:07:50] [INFO] [cnx200_dashboard:historical_data_service.py:144] - Historical Backfill Finished. Total Stocks: 1, Success: 1, Failed: 0, Total Records: 91.
[2026-09-04 00:07:50] [INFO] [cnx200_dashboard:repositories.py:392] - Bulk upserted 227 RSI metrics into stock_rsi_metrics.
[2026-09-04 00:07:50] [INFO] [cnx200_dashboard:historical_data_service.py:37] - Starting Historical Market Data Backfill from 2026-04-27 to 2026-09-04...
[2026-09-04 00:07:50] [INFO] [cnx200_dashboard:historical_data_service.py:67] - Targeting 1 active stocks for historical backfill.
[2026-09-04 00:07:50] [INFO] [cnx200_dashboard:historical_data_service.py:71] - [1/1] Processing historical backfill for symbol 'POWERGRID'...
[2026-09-04 00:07:50] [INFO] [cnx200_dashboard:nse_client.py:59] - Fetching historical market data for POWERGRID from 27-04-2026 to 04-09-2026...
[2026-09-04 00:07:52] [INFO] [cnx200_dashboard:nse_client.py:69] - Retrieved 92 price records for POWERGRID.
[2026-09-04 00:07:52] [INFO] [cnx200_dashboard:repositories.py:164] - Bulk upserted 92 price records into daily_prices.
[2026-09-04 00:07:52] [INFO] [cnx200_dashboard:historical_data_service.py:122] - [OK] [1/1] 'POWERGRID' backfill complete: 92 records upserted.
[2026-09-04 00:07:52] [INFO] [cnx200_dashboard:historical_data_service.py:144] - Historical Backfill Finished. Total Stocks: 1, Success: 1, Failed: 0, Total Records: 92.
[2026-09-04 00:07:52] [INFO] [cnx200_dashboard:repositories.py:392] - Bulk upserted 227 RSI metrics into stock_rsi_metrics.
[2026-09-04 00:07:52] [INFO] [cnx200_dashboard:historical_data_service.py:37] - Starting Historical Market Data Backfill from 2026-04-27 to 2026-09-04...
[2026-09-04 00:07:52] [INFO] [cnx200_dashboard:historical_data_service.py:67] - Targeting 1 active stocks for historical backfill.
[2026-09-04 00:07:52] [INFO] [cnx200_dashboard:historical_data_service.py:71] - [1/1] Processing historical backfill for symbol 'POWERINDIA'...
[2026-09-04 00:07:52] [INFO] [cnx200_dashboard:nse_client.py:59] - Fetching historical market data for POWERINDIA from 27-04-2026 to 04-09-2026...
[2026-09-04 00:07:53] [INFO] [cnx200_dashboard:nse_client.py:69] - Retrieved 91 price records for POWERINDIA.
[2026-09-04 00:07:53] [INFO] [cnx200_dashboard:repositories.py:164] - Bulk upserted 91 price records into daily_prices.
[2026-09-04 00:07:53] [INFO] [cnx200_dashboard:historical_data_service.py:122] - [OK] [1/1] 'POWERINDIA' backfill complete: 91 records upserted.
[2026-09-04 00:07:53] [INFO] [cnx200_dashboard:historical_data_service.py:144] - Historical Backfill Finished. Total Stocks: 1, Success: 1, Failed: 0, Total Records: 91.
[2026-09-04 00:07:54] [INFO] [cnx200_dashboard:repositories.py:392] - Bulk upserted 227 RSI metrics into stock_rsi_metrics.
[2026-09-04 00:07:54] [INFO] [cnx200_dashboard:historical_data_service.py:37] - Starting Historical Market Data Backfill from 2026-04-27 to 2026-09-04...
[2026-09-04 00:07:54] [INFO] [cnx200_dashboard:historical_data_service.py:67] - Targeting 1 active stocks for historical backfill.
[2026-09-04 00:07:54] [INFO] [cnx200_dashboard:historical_data_service.py:71] - [1/1] Processing historical backfill for symbol 'PREMIERENE'...
[2026-09-04 00:07:54] [INFO] [cnx200_dashboard:nse_client.py:59] - Fetching historical market data for PREMIERENE from 27-04-2026 to 04-09-2026...
[2026-09-04 00:07:55] [INFO] [cnx200_dashboard:nse_client.py:69] - Retrieved 92 price records for PREMIERENE.
[2026-09-04 00:07:55] [INFO] [cnx200_dashboard:repositories.py:164] - Bulk upserted 92 price records into daily_prices.
[2026-09-04 00:07:55] [INFO] [cnx200_dashboard:historical_data_service.py:122] - [OK] [1/1] 'PREMIERENE' backfill complete: 92 records upserted.
[2026-09-04 00:07:55] [INFO] [cnx200_dashboard:historical_data_service.py:144] - Historical Backfill Finished. Total Stocks: 1, Success: 1, Failed: 0, Total Records: 92.
[2026-09-04 00:07:55] [INFO] [cnx200_dashboard:repositories.py:392] - Bulk upserted 227 RSI metrics into stock_rsi_metrics.
[2026-09-04 00:07:55] [INFO] [cnx200_dashboard:historical_data_service.py:37] - Starting Historical Market Data Backfill from 2026-04-27 to 2026-09-04...
[2026-09-04 00:07:55] [INFO] [cnx200_dashboard:historical_data_service.py:67] - Targeting 1 active stocks for historical backfill.
[2026-09-04 00:07:55] [INFO] [cnx200_dashboard:historical_data_service.py:71] - [1/1] Processing historical backfill for symbol 'PRESTIGE'...
[2026-09-04 00:07:55] [INFO] [cnx200_dashboard:nse_client.py:59] - Fetching historical market data for PRESTIGE from 27-04-2026 to 04-09-2026...
[2026-09-04 00:07:57] [INFO] [cnx200_dashboard:nse_client.py:69] - Retrieved 91 price records for PRESTIGE.
[2026-09-04 00:07:57] [INFO] [cnx200_dashboard:repositories.py:164] - Bulk upserted 91 price records into daily_prices.
[2026-09-04 00:07:57] [INFO] [cnx200_dashboard:historical_data_service.py:122] - [OK] [1/1] 'PRESTIGE' backfill complete: 91 records upserted.
[2026-09-04 00:07:57] [INFO] [cnx200_dashboard:historical_data_service.py:144] - Historical Backfill Finished. Total Stocks: 1, Success: 1, Failed: 0, Total Records: 91.
[2026-09-04 00:07:57] [INFO] [cnx200_dashboard:repositories.py:392] - Bulk upserted 227 RSI metrics into stock_rsi_metrics.
[2026-09-04 00:07:57] [INFO] [cnx200_dashboard:historical_data_service.py:37] - Starting Historical Market Data Backfill from 2026-04-27 to 2026-09-04...
[2026-09-04 00:07:57] [INFO] [cnx200_dashboard:historical_data_service.py:67] - Targeting 1 active stocks for historical backfill.
[2026-09-04 00:07:57] [INFO] [cnx200_dashboard:historical_data_service.py:71] - [1/1] Processing historical backfill for symbol 'RADICO'...
[2026-09-04 00:07:57] [INFO] [cnx200_dashboard:nse_client.py:59] - Fetching historical market data for RADICO from 27-04-2026 to 04-09-2026...
[2026-09-04 00:07:58] [INFO] [cnx200_dashboard:nse_client.py:69] - Retrieved 91 price records for RADICO.
[2026-09-04 00:07:58] [INFO] [cnx200_dashboard:repositories.py:164] - Bulk upserted 91 price records into daily_prices.
[2026-09-04 00:07:58] [INFO] [cnx200_dashboard:historical_data_service.py:122] - [OK] [1/1] 'RADICO' backfill complete: 91 records upserted.
[2026-09-04 00:07:58] [INFO] [cnx200_dashboard:historical_data_service.py:144] - Historical Backfill Finished. Total Stocks: 1, Success: 1, Failed: 0, Total Records: 91.
[2026-09-04 00:07:59] [INFO] [cnx200_dashboard:repositories.py:392] - Bulk upserted 227 RSI metrics into stock_rsi_metrics.
[2026-09-04 00:07:59] [INFO] [cnx200_dashboard:historical_data_service.py:37] - Starting Historical Market Data Backfill from 2026-04-27 to 2026-09-04...
[2026-09-04 00:07:59] [INFO] [cnx200_dashboard:historical_data_service.py:67] - Targeting 1 active stocks for historical backfill.
[2026-09-04 00:07:59] [INFO] [cnx200_dashboard:historical_data_service.py:71] - [1/1] Processing historical backfill for symbol 'RECLTD'...
[2026-09-04 00:07:59] [INFO] [cnx200_dashboard:nse_client.py:59] - Fetching historical market data for RECLTD from 27-04-2026 to 04-09-2026...
[2026-09-04 00:08:00] [INFO] [cnx200_dashboard:nse_client.py:69] - Retrieved 91 price records for RECLTD.
[2026-09-04 00:08:00] [INFO] [cnx200_dashboard:repositories.py:164] - Bulk upserted 91 price records into daily_prices.
[2026-09-04 00:08:00] [INFO] [cnx200_dashboard:historical_data_service.py:122] - [OK] [1/1] 'RECLTD' backfill complete: 91 records upserted.
[2026-09-04 00:08:00] [INFO] [cnx200_dashboard:historical_data_service.py:144] - Historical Backfill Finished. Total Stocks: 1, Success: 1, Failed: 0, Total Records: 91.
[2026-09-04 00:08:00] [INFO] [cnx200_dashboard:repositories.py:392] - Bulk upserted 227 RSI metrics into stock_rsi_metrics.
[2026-09-04 00:08:00] [INFO] [cnx200_dashboard:historical_data_service.py:37] - Starting Historical Market Data Backfill from 2026-04-27 to 2026-09-04...
[2026-09-04 00:08:00] [INFO] [cnx200_dashboard:historical_data_service.py:67] - Targeting 1 active stocks for historical backfill.
[2026-09-04 00:08:00] [INFO] [cnx200_dashboard:historical_data_service.py:71] - [1/1] Processing historical backfill for symbol 'RELIANCE'...
[2026-09-04 00:08:00] [INFO] [cnx200_dashboard:nse_client.py:59] - Fetching historical market data for RELIANCE from 27-04-2026 to 04-09-2026...
[2026-09-04 00:08:01] [INFO] [cnx200_dashboard:nse_client.py:69] - Retrieved 92 price records for RELIANCE.
[2026-09-04 00:08:01] [INFO] [cnx200_dashboard:repositories.py:164] - Bulk upserted 92 price records into daily_prices.
[2026-09-04 00:08:01] [INFO] [cnx200_dashboard:historical_data_service.py:122] - [OK] [1/1] 'RELIANCE' backfill complete: 92 records upserted.
[2026-09-04 00:08:01] [INFO] [cnx200_dashboard:historical_data_service.py:144] - Historical Backfill Finished. Total Stocks: 1, Success: 1, Failed: 0, Total Records: 92.
[2026-09-04 00:08:02] [INFO] [cnx200_dashboard:repositories.py:392] - Bulk upserted 394 RSI metrics into stock_rsi_metrics.
[2026-09-04 00:08:02] [INFO] [cnx200_dashboard:historical_data_service.py:37] - Starting Historical Market Data Backfill from 2026-04-27 to 2026-09-04...
[2026-09-04 00:08:02] [INFO] [cnx200_dashboard:historical_data_service.py:67] - Targeting 1 active stocks for historical backfill.
[2026-09-04 00:08:02] [INFO] [cnx200_dashboard:historical_data_service.py:71] - [1/1] Processing historical backfill for symbol 'RVNL'...
[2026-09-04 00:08:02] [INFO] [cnx200_dashboard:nse_client.py:59] - Fetching historical market data for RVNL from 27-04-2026 to 04-09-2026...
[2026-09-04 00:08:03] [INFO] [cnx200_dashboard:nse_client.py:69] - Retrieved 91 price records for RVNL.
[2026-09-04 00:08:03] [INFO] [cnx200_dashboard:repositories.py:164] - Bulk upserted 91 price records into daily_prices.
[2026-09-04 00:08:03] [INFO] [cnx200_dashboard:historical_data_service.py:122] - [OK] [1/1] 'RVNL' backfill complete: 91 records upserted.
[2026-09-04 00:08:03] [INFO] [cnx200_dashboard:historical_data_service.py:144] - Historical Backfill Finished. Total Stocks: 1, Success: 1, Failed: 0, Total Records: 91.
[2026-09-04 00:08:03] [INFO] [cnx200_dashboard:repositories.py:392] - Bulk upserted 227 RSI metrics into stock_rsi_metrics.
[2026-09-04 00:08:04] [INFO] [cnx200_dashboard:historical_data_service.py:37] - Starting Historical Market Data Backfill from 2026-04-27 to 2026-09-04...
[2026-09-04 00:08:04] [INFO] [cnx200_dashboard:historical_data_service.py:67] - Targeting 1 active stocks for historical backfill.
[2026-09-04 00:08:04] [INFO] [cnx200_dashboard:historical_data_service.py:71] - [1/1] Processing historical backfill for symbol 'SAIL'...
[2026-09-04 00:08:04] [INFO] [cnx200_dashboard:nse_client.py:59] - Fetching historical market data for SAIL from 27-04-2026 to 04-09-2026...
[2026-09-04 00:08:05] [INFO] [cnx200_dashboard:nse_client.py:69] - Retrieved 91 price records for SAIL.
[2026-09-04 00:08:05] [INFO] [cnx200_dashboard:repositories.py:164] - Bulk upserted 91 price records into daily_prices.
[2026-09-04 00:08:05] [INFO] [cnx200_dashboard:historical_data_service.py:122] - [OK] [1/1] 'SAIL' backfill complete: 91 records upserted.
[2026-09-04 00:08:05] [INFO] [cnx200_dashboard:historical_data_service.py:144] - Historical Backfill Finished. Total Stocks: 1, Success: 1, Failed: 0, Total Records: 91.
[2026-09-04 00:08:05] [INFO] [cnx200_dashboard:repositories.py:392] - Bulk upserted 227 RSI metrics into stock_rsi_metrics.
[2026-09-04 00:08:05] [INFO] [cnx200_dashboard:historical_data_service.py:37] - Starting Historical Market Data Backfill from 2026-04-27 to 2026-09-04...
[2026-09-04 00:08:05] [INFO] [cnx200_dashboard:historical_data_service.py:67] - Targeting 1 active stocks for historical backfill.
[2026-09-04 00:08:05] [INFO] [cnx200_dashboard:historical_data_service.py:71] - [1/1] Processing historical backfill for symbol 'SBICARD'...
[2026-09-04 00:08:05] [INFO] [cnx200_dashboard:nse_client.py:59] - Fetching historical market data for SBICARD from 27-04-2026 to 04-09-2026...
[2026-09-04 00:08:06] [INFO] [cnx200_dashboard:nse_client.py:69] - Retrieved 91 price records for SBICARD.
[2026-09-04 00:08:07] [INFO] [cnx200_dashboard:repositories.py:164] - Bulk upserted 91 price records into daily_prices.
[2026-09-04 00:08:07] [INFO] [cnx200_dashboard:historical_data_service.py:122] - [OK] [1/1] 'SBICARD' backfill complete: 91 records upserted.
[2026-09-04 00:08:07] [INFO] [cnx200_dashboard:historical_data_service.py:144] - Historical Backfill Finished. Total Stocks: 1, Success: 1, Failed: 0, Total Records: 91.
[2026-09-04 00:08:07] [INFO] [cnx200_dashboard:repositories.py:392] - Bulk upserted 227 RSI metrics into stock_rsi_metrics.
[2026-09-04 00:08:07] [INFO] [cnx200_dashboard:historical_data_service.py:37] - Starting Historical Market Data Backfill from 2026-04-27 to 2026-09-04...
[2026-09-04 00:08:07] [INFO] [cnx200_dashboard:historical_data_service.py:67] - Targeting 1 active stocks for historical backfill.
[2026-09-04 00:08:07] [INFO] [cnx200_dashboard:historical_data_service.py:71] - [1/1] Processing historical backfill for symbol 'SBILIFE'...
[2026-09-04 00:08:07] [INFO] [cnx200_dashboard:nse_client.py:59] - Fetching historical market data for SBILIFE from 27-04-2026 to 04-09-2026...
[2026-09-04 00:08:08] [INFO] [cnx200_dashboard:nse_client.py:69] - Retrieved 91 price records for SBILIFE.
[2026-09-04 00:08:08] [INFO] [cnx200_dashboard:repositories.py:164] - Bulk upserted 91 price records into daily_prices.
[2026-09-04 00:08:08] [INFO] [cnx200_dashboard:historical_data_service.py:122] - [OK] [1/1] 'SBILIFE' backfill complete: 91 records upserted.
[2026-09-04 00:08:08] [INFO] [cnx200_dashboard:historical_data_service.py:144] - Historical Backfill Finished. Total Stocks: 1, Success: 1, Failed: 0, Total Records: 91.
[2026-09-04 00:08:08] [INFO] [cnx200_dashboard:repositories.py:392] - Bulk upserted 227 RSI metrics into stock_rsi_metrics.
[2026-09-04 00:08:08] [INFO] [cnx200_dashboard:historical_data_service.py:37] - Starting Historical Market Data Backfill from 2026-04-27 to 2026-09-04...
[2026-09-04 00:08:08] [INFO] [cnx200_dashboard:historical_data_service.py:67] - Targeting 1 active stocks for historical backfill.
[2026-09-04 00:08:08] [INFO] [cnx200_dashboard:historical_data_service.py:71] - [1/1] Processing historical backfill for symbol 'SBIN'...
[2026-09-04 00:08:08] [INFO] [cnx200_dashboard:nse_client.py:59] - Fetching historical market data for SBIN from 27-04-2026 to 04-09-2026...
[2026-09-04 00:08:10] [INFO] [cnx200_dashboard:nse_client.py:69] - Retrieved 91 price records for SBIN.
[2026-09-04 00:08:10] [INFO] [cnx200_dashboard:repositories.py:164] - Bulk upserted 91 price records into daily_prices.
[2026-09-04 00:08:10] [INFO] [cnx200_dashboard:historical_data_service.py:122] - [OK] [1/1] 'SBIN' backfill complete: 91 records upserted.
[2026-09-04 00:08:10] [INFO] [cnx200_dashboard:historical_data_service.py:144] - Historical Backfill Finished. Total Stocks: 1, Success: 1, Failed: 0, Total Records: 91.
[2026-09-04 00:08:10] [INFO] [cnx200_dashboard:repositories.py:392] - Bulk upserted 227 RSI metrics into stock_rsi_metrics.
[2026-09-04 00:08:10] [INFO] [cnx200_dashboard:historical_data_service.py:37] - Starting Historical Market Data Backfill from 2026-04-27 to 2026-09-04...
[2026-09-04 00:08:10] [INFO] [cnx200_dashboard:historical_data_service.py:67] - Targeting 1 active stocks for historical backfill.
[2026-09-04 00:08:10] [INFO] [cnx200_dashboard:historical_data_service.py:71] - [1/1] Processing historical backfill for symbol 'SHREECEM'...
[2026-09-04 00:08:10] [INFO] [cnx200_dashboard:nse_client.py:59] - Fetching historical market data for SHREECEM from 27-04-2026 to 04-09-2026...
[2026-09-04 00:08:11] [INFO] [cnx200_dashboard:nse_client.py:69] - Retrieved 91 price records for SHREECEM.
[2026-09-04 00:08:11] [INFO] [cnx200_dashboard:repositories.py:164] - Bulk upserted 91 price records into daily_prices.
[2026-09-04 00:08:11] [INFO] [cnx200_dashboard:historical_data_service.py:122] - [OK] [1/1] 'SHREECEM' backfill complete: 91 records upserted.
[2026-09-04 00:08:11] [INFO] [cnx200_dashboard:historical_data_service.py:144] - Historical Backfill Finished. Total Stocks: 1, Success: 1, Failed: 0, Total Records: 91.
[2026-09-04 00:08:12] [INFO] [cnx200_dashboard:repositories.py:392] - Bulk upserted 227 RSI metrics into stock_rsi_metrics.
[2026-09-04 00:08:12] [INFO] [cnx200_dashboard:historical_data_service.py:37] - Starting Historical Market Data Backfill from 2026-04-27 to 2026-09-04...
[2026-09-04 00:08:12] [INFO] [cnx200_dashboard:historical_data_service.py:67] - Targeting 1 active stocks for historical backfill.
[2026-09-04 00:08:12] [INFO] [cnx200_dashboard:historical_data_service.py:71] - [1/1] Processing historical backfill for symbol 'SHRIRAMFIN'...
[2026-09-04 00:08:12] [INFO] [cnx200_dashboard:nse_client.py:59] - Fetching historical market data for SHRIRAMFIN from 27-04-2026 to 04-09-2026...
[2026-09-04 00:08:13] [INFO] [cnx200_dashboard:nse_client.py:69] - Retrieved 91 price records for SHRIRAMFIN.
[2026-09-04 00:08:13] [INFO] [cnx200_dashboard:repositories.py:164] - Bulk upserted 91 price records into daily_prices.
[2026-09-04 00:08:13] [INFO] [cnx200_dashboard:historical_data_service.py:122] - [OK] [1/1] 'SHRIRAMFIN' backfill complete: 91 records upserted.
[2026-09-04 00:08:13] [INFO] [cnx200_dashboard:historical_data_service.py:144] - Historical Backfill Finished. Total Stocks: 1, Success: 1, Failed: 0, Total Records: 91.
[2026-09-04 00:08:13] [INFO] [cnx200_dashboard:repositories.py:392] - Bulk upserted 227 RSI metrics into stock_rsi_metrics.
[2026-09-04 00:08:13] [INFO] [cnx200_dashboard:historical_data_service.py:37] - Starting Historical Market Data Backfill from 2026-04-27 to 2026-09-04...
[2026-09-04 00:08:13] [INFO] [cnx200_dashboard:historical_data_service.py:67] - Targeting 1 active stocks for historical backfill.
[2026-09-04 00:08:13] [INFO] [cnx200_dashboard:historical_data_service.py:71] - [1/1] Processing historical backfill for symbol 'SIEMENS'...
[2026-09-04 00:08:13] [INFO] [cnx200_dashboard:nse_client.py:59] - Fetching historical market data for SIEMENS from 27-04-2026 to 04-09-2026...
[2026-09-04 00:08:15] [INFO] [cnx200_dashboard:nse_client.py:69] - Retrieved 91 price records for SIEMENS.
[2026-09-04 00:08:15] [INFO] [cnx200_dashboard:repositories.py:164] - Bulk upserted 91 price records into daily_prices.
[2026-09-04 00:08:15] [INFO] [cnx200_dashboard:historical_data_service.py:122] - [OK] [1/1] 'SIEMENS' backfill complete: 91 records upserted.
[2026-09-04 00:08:15] [INFO] [cnx200_dashboard:historical_data_service.py:144] - Historical Backfill Finished. Total Stocks: 1, Success: 1, Failed: 0, Total Records: 91.
[2026-09-04 00:08:15] [INFO] [cnx200_dashboard:repositories.py:392] - Bulk upserted 227 RSI metrics into stock_rsi_metrics.
[2026-09-04 00:08:15] [INFO] [cnx200_dashboard:historical_data_service.py:37] - Starting Historical Market Data Backfill from 2026-04-27 to 2026-09-04...
[2026-09-04 00:08:15] [INFO] [cnx200_dashboard:historical_data_service.py:67] - Targeting 1 active stocks for historical backfill.
[2026-09-04 00:08:15] [INFO] [cnx200_dashboard:historical_data_service.py:71] - [1/1] Processing historical backfill for symbol 'SOLARINDS'...
[2026-09-04 00:08:15] [INFO] [cnx200_dashboard:nse_client.py:59] - Fetching historical market data for SOLARINDS from 27-04-2026 to 04-09-2026...
[2026-09-04 00:08:16] [INFO] [cnx200_dashboard:nse_client.py:69] - Retrieved 91 price records for SOLARINDS.
[2026-09-04 00:08:16] [INFO] [cnx200_dashboard:repositories.py:164] - Bulk upserted 91 price records into daily_prices.
[2026-09-04 00:08:16] [INFO] [cnx200_dashboard:historical_data_service.py:122] - [OK] [1/1] 'SOLARINDS' backfill complete: 91 records upserted.
[2026-09-04 00:08:16] [INFO] [cnx200_dashboard:historical_data_service.py:144] - Historical Backfill Finished. Total Stocks: 1, Success: 1, Failed: 0, Total Records: 91.
[2026-09-04 00:08:16] [INFO] [cnx200_dashboard:repositories.py:392] - Bulk upserted 227 RSI metrics into stock_rsi_metrics.
[2026-09-04 00:08:16] [INFO] [cnx200_dashboard:historical_data_service.py:37] - Starting Historical Market Data Backfill from 2026-04-27 to 2026-09-04...
[2026-09-04 00:08:16] [INFO] [cnx200_dashboard:historical_data_service.py:67] - Targeting 1 active stocks for historical backfill.
[2026-09-04 00:08:16] [INFO] [cnx200_dashboard:historical_data_service.py:71] - [1/1] Processing historical backfill for symbol 'SRF'...
[2026-09-04 00:08:16] [INFO] [cnx200_dashboard:nse_client.py:59] - Fetching historical market data for SRF from 27-04-2026 to 04-09-2026...
[2026-09-04 00:08:18] [INFO] [cnx200_dashboard:nse_client.py:69] - Retrieved 91 price records for SRF.
[2026-09-04 00:08:18] [INFO] [cnx200_dashboard:repositories.py:164] - Bulk upserted 91 price records into daily_prices.
[2026-09-04 00:08:18] [INFO] [cnx200_dashboard:historical_data_service.py:122] - [OK] [1/1] 'SRF' backfill complete: 91 records upserted.
[2026-09-04 00:08:18] [INFO] [cnx200_dashboard:historical_data_service.py:144] - Historical Backfill Finished. Total Stocks: 1, Success: 1, Failed: 0, Total Records: 91.
[2026-09-04 00:08:18] [INFO] [cnx200_dashboard:repositories.py:392] - Bulk upserted 227 RSI metrics into stock_rsi_metrics.
[2026-09-04 00:08:18] [INFO] [cnx200_dashboard:historical_data_service.py:37] - Starting Historical Market Data Backfill from 2026-04-27 to 2026-09-04...
[2026-09-04 00:08:18] [INFO] [cnx200_dashboard:historical_data_service.py:67] - Targeting 1 active stocks for historical backfill.
[2026-09-04 00:08:18] [INFO] [cnx200_dashboard:historical_data_service.py:71] - [1/1] Processing historical backfill for symbol 'SUNPHARMA'...
[2026-09-04 00:08:18] [INFO] [cnx200_dashboard:nse_client.py:59] - Fetching historical market data for SUNPHARMA from 27-04-2026 to 04-09-2026...
[2026-09-04 00:08:19] [INFO] [cnx200_dashboard:nse_client.py:69] - Retrieved 92 price records for SUNPHARMA.
[2026-09-04 00:08:19] [INFO] [cnx200_dashboard:repositories.py:164] - Bulk upserted 92 price records into daily_prices.
[2026-09-04 00:08:19] [INFO] [cnx200_dashboard:historical_data_service.py:122] - [OK] [1/1] 'SUNPHARMA' backfill complete: 92 records upserted.
[2026-09-04 00:08:19] [INFO] [cnx200_dashboard:historical_data_service.py:144] - Historical Backfill Finished. Total Stocks: 1, Success: 1, Failed: 0, Total Records: 92.
[2026-09-04 00:08:20] [INFO] [cnx200_dashboard:repositories.py:392] - Bulk upserted 227 RSI metrics into stock_rsi_metrics.
[2026-09-04 00:08:20] [INFO] [cnx200_dashboard:historical_data_service.py:37] - Starting Historical Market Data Backfill from 2026-04-27 to 2026-09-04...
[2026-09-04 00:08:20] [INFO] [cnx200_dashboard:historical_data_service.py:67] - Targeting 1 active stocks for historical backfill.
[2026-09-04 00:08:20] [INFO] [cnx200_dashboard:historical_data_service.py:71] - [1/1] Processing historical backfill for symbol 'SUPREMEIND'...
[2026-09-04 00:08:20] [INFO] [cnx200_dashboard:nse_client.py:59] - Fetching historical market data for SUPREMEIND from 27-04-2026 to 04-09-2026...
[2026-09-04 00:08:21] [INFO] [cnx200_dashboard:nse_client.py:69] - Retrieved 91 price records for SUPREMEIND.
[2026-09-04 00:08:21] [INFO] [cnx200_dashboard:repositories.py:164] - Bulk upserted 91 price records into daily_prices.
[2026-09-04 00:08:21] [INFO] [cnx200_dashboard:historical_data_service.py:122] - [OK] [1/1] 'SUPREMEIND' backfill complete: 91 records upserted.
[2026-09-04 00:08:21] [INFO] [cnx200_dashboard:historical_data_service.py:144] - Historical Backfill Finished. Total Stocks: 1, Success: 1, Failed: 0, Total Records: 91.
[2026-09-04 00:08:21] [INFO] [cnx200_dashboard:repositories.py:392] - Bulk upserted 227 RSI metrics into stock_rsi_metrics.
[2026-09-04 00:08:21] [INFO] [cnx200_dashboard:historical_data_service.py:37] - Starting Historical Market Data Backfill from 2026-04-27 to 2026-09-04...
[2026-09-04 00:08:21] [INFO] [cnx200_dashboard:historical_data_service.py:67] - Targeting 1 active stocks for historical backfill.
[2026-09-04 00:08:21] [INFO] [cnx200_dashboard:historical_data_service.py:71] - [1/1] Processing historical backfill for symbol 'SUZLON'...
[2026-09-04 00:08:21] [INFO] [cnx200_dashboard:nse_client.py:59] - Fetching historical market data for SUZLON from 27-04-2026 to 04-09-2026...
[2026-09-04 00:08:23] [INFO] [cnx200_dashboard:nse_client.py:69] - Retrieved 91 price records for SUZLON.
[2026-09-04 00:08:23] [INFO] [cnx200_dashboard:repositories.py:164] - Bulk upserted 91 price records into daily_prices.
[2026-09-04 00:08:23] [INFO] [cnx200_dashboard:historical_data_service.py:122] - [OK] [1/1] 'SUZLON' backfill complete: 91 records upserted.
[2026-09-04 00:08:23] [INFO] [cnx200_dashboard:historical_data_service.py:144] - Historical Backfill Finished. Total Stocks: 1, Success: 1, Failed: 0, Total Records: 91.
[2026-09-04 00:08:23] [INFO] [cnx200_dashboard:repositories.py:392] - Bulk upserted 227 RSI metrics into stock_rsi_metrics.
[2026-09-04 00:08:23] [INFO] [cnx200_dashboard:historical_data_service.py:37] - Starting Historical Market Data Backfill from 2026-04-27 to 2026-09-04...
[2026-09-04 00:08:23] [INFO] [cnx200_dashboard:historical_data_service.py:67] - Targeting 1 active stocks for historical backfill.
[2026-09-04 00:08:23] [INFO] [cnx200_dashboard:historical_data_service.py:71] - [1/1] Processing historical backfill for symbol 'SWIGGY'...
[2026-09-04 00:08:23] [INFO] [cnx200_dashboard:nse_client.py:59] - Fetching historical market data for SWIGGY from 27-04-2026 to 04-09-2026...
[2026-09-04 00:08:24] [INFO] [cnx200_dashboard:nse_client.py:69] - Retrieved 91 price records for SWIGGY.
[2026-09-04 00:08:24] [INFO] [cnx200_dashboard:repositories.py:164] - Bulk upserted 91 price records into daily_prices.
[2026-09-04 00:08:24] [INFO] [cnx200_dashboard:historical_data_service.py:122] - [OK] [1/1] 'SWIGGY' backfill complete: 91 records upserted.
[2026-09-04 00:08:24] [INFO] [cnx200_dashboard:historical_data_service.py:144] - Historical Backfill Finished. Total Stocks: 1, Success: 1, Failed: 0, Total Records: 91.
[2026-09-04 00:08:25] [INFO] [cnx200_dashboard:repositories.py:392] - Bulk upserted 227 RSI metrics into stock_rsi_metrics.
[2026-09-04 00:08:25] [INFO] [cnx200_dashboard:historical_data_service.py:37] - Starting Historical Market Data Backfill from 2026-04-27 to 2026-09-04...
[2026-09-04 00:08:25] [INFO] [cnx200_dashboard:historical_data_service.py:67] - Targeting 1 active stocks for historical backfill.
[2026-09-04 00:08:25] [INFO] [cnx200_dashboard:historical_data_service.py:71] - [1/1] Processing historical backfill for symbol 'TATACAP'...
[2026-09-04 00:08:25] [INFO] [cnx200_dashboard:nse_client.py:59] - Fetching historical market data for TATACAP from 27-04-2026 to 04-09-2026...
[2026-09-04 00:08:26] [INFO] [cnx200_dashboard:nse_client.py:69] - Retrieved 91 price records for TATACAP.
[2026-09-04 00:08:26] [INFO] [cnx200_dashboard:repositories.py:164] - Bulk upserted 91 price records into daily_prices.
[2026-09-04 00:08:26] [INFO] [cnx200_dashboard:historical_data_service.py:122] - [OK] [1/1] 'TATACAP' backfill complete: 91 records upserted.
[2026-09-04 00:08:26] [INFO] [cnx200_dashboard:historical_data_service.py:144] - Historical Backfill Finished. Total Stocks: 1, Success: 1, Failed: 0, Total Records: 91.
[2026-09-04 00:08:26] [INFO] [cnx200_dashboard:repositories.py:392] - Bulk upserted 200 RSI metrics into stock_rsi_metrics.
[2026-09-04 00:08:26] [INFO] [cnx200_dashboard:historical_data_service.py:37] - Starting Historical Market Data Backfill from 2026-04-27 to 2026-09-04...
[2026-09-04 00:08:26] [INFO] [cnx200_dashboard:historical_data_service.py:67] - Targeting 1 active stocks for historical backfill.
[2026-09-04 00:08:26] [INFO] [cnx200_dashboard:historical_data_service.py:71] - [1/1] Processing historical backfill for symbol 'TATACOMM'...
[2026-09-04 00:08:26] [INFO] [cnx200_dashboard:nse_client.py:59] - Fetching historical market data for TATACOMM from 27-04-2026 to 04-09-2026...
[2026-09-04 00:08:27] [INFO] [cnx200_dashboard:nse_client.py:69] - Retrieved 91 price records for TATACOMM.
[2026-09-04 00:08:27] [INFO] [cnx200_dashboard:repositories.py:164] - Bulk upserted 91 price records into daily_prices.
[2026-09-04 00:08:27] [INFO] [cnx200_dashboard:historical_data_service.py:122] - [OK] [1/1] 'TATACOMM' backfill complete: 91 records upserted.
[2026-09-04 00:08:27] [INFO] [cnx200_dashboard:historical_data_service.py:144] - Historical Backfill Finished. Total Stocks: 1, Success: 1, Failed: 0, Total Records: 91.
[2026-09-04 00:08:28] [INFO] [cnx200_dashboard:repositories.py:392] - Bulk upserted 227 RSI metrics into stock_rsi_metrics.
[2026-09-04 00:08:28] [INFO] [cnx200_dashboard:historical_data_service.py:37] - Starting Historical Market Data Backfill from 2026-04-27 to 2026-09-04...
[2026-09-04 00:08:28] [INFO] [cnx200_dashboard:historical_data_service.py:67] - Targeting 1 active stocks for historical backfill.
[2026-09-04 00:08:28] [INFO] [cnx200_dashboard:historical_data_service.py:71] - [1/1] Processing historical backfill for symbol 'TATACONSUM'...
[2026-09-04 00:08:28] [INFO] [cnx200_dashboard:nse_client.py:59] - Fetching historical market data for TATACONSUM from 27-04-2026 to 04-09-2026...
[2026-09-04 00:08:29] [INFO] [cnx200_dashboard:nse_client.py:69] - Retrieved 91 price records for TATACONSUM.
[2026-09-04 00:08:29] [INFO] [cnx200_dashboard:repositories.py:164] - Bulk upserted 91 price records into daily_prices.
[2026-09-04 00:08:29] [INFO] [cnx200_dashboard:historical_data_service.py:122] - [OK] [1/1] 'TATACONSUM' backfill complete: 91 records upserted.
[2026-09-04 00:08:29] [INFO] [cnx200_dashboard:historical_data_service.py:144] - Historical Backfill Finished. Total Stocks: 1, Success: 1, Failed: 0, Total Records: 91.
[2026-09-04 00:08:29] [INFO] [cnx200_dashboard:repositories.py:392] - Bulk upserted 227 RSI metrics into stock_rsi_metrics.
[2026-09-04 00:08:29] [INFO] [cnx200_dashboard:historical_data_service.py:37] - Starting Historical Market Data Backfill from 2026-04-27 to 2026-09-04...
[2026-09-04 00:08:29] [INFO] [cnx200_dashboard:historical_data_service.py:67] - Targeting 1 active stocks for historical backfill.
[2026-09-04 00:08:29] [INFO] [cnx200_dashboard:historical_data_service.py:71] - [1/1] Processing historical backfill for symbol 'TATAELXSI'...
[2026-09-04 00:08:29] [INFO] [cnx200_dashboard:nse_client.py:59] - Fetching historical market data for TATAELXSI from 27-04-2026 to 04-09-2026...
[2026-09-04 00:08:31] [INFO] [cnx200_dashboard:nse_client.py:69] - Retrieved 91 price records for TATAELXSI.
[2026-09-04 00:08:31] [INFO] [cnx200_dashboard:repositories.py:164] - Bulk upserted 91 price records into daily_prices.
[2026-09-04 00:08:31] [INFO] [cnx200_dashboard:historical_data_service.py:122] - [OK] [1/1] 'TATAELXSI' backfill complete: 91 records upserted.
[2026-09-04 00:08:31] [INFO] [cnx200_dashboard:historical_data_service.py:144] - Historical Backfill Finished. Total Stocks: 1, Success: 1, Failed: 0, Total Records: 91.
[2026-09-04 00:08:31] [INFO] [cnx200_dashboard:repositories.py:392] - Bulk upserted 227 RSI metrics into stock_rsi_metrics.
[2026-09-04 00:08:31] [INFO] [cnx200_dashboard:historical_data_service.py:37] - Starting Historical Market Data Backfill from 2026-04-27 to 2026-09-04...
[2026-09-04 00:08:31] [INFO] [cnx200_dashboard:historical_data_service.py:67] - Targeting 1 active stocks for historical backfill.
[2026-09-04 00:08:31] [INFO] [cnx200_dashboard:historical_data_service.py:71] - [1/1] Processing historical backfill for symbol 'TATAINVEST'...
[2026-09-04 00:08:31] [INFO] [cnx200_dashboard:nse_client.py:59] - Fetching historical market data for TATAINVEST from 27-04-2026 to 04-09-2026...
[2026-09-04 00:08:32] [INFO] [cnx200_dashboard:nse_client.py:69] - Retrieved 91 price records for TATAINVEST.
[2026-09-04 00:08:32] [INFO] [cnx200_dashboard:repositories.py:164] - Bulk upserted 91 price records into daily_prices.
[2026-09-04 00:08:33] [INFO] [cnx200_dashboard:historical_data_service.py:122] - [OK] [1/1] 'TATAINVEST' backfill complete: 91 records upserted.
[2026-09-04 00:08:33] [INFO] [cnx200_dashboard:historical_data_service.py:144] - Historical Backfill Finished. Total Stocks: 1, Success: 1, Failed: 0, Total Records: 91.
[2026-09-04 00:08:33] [INFO] [cnx200_dashboard:repositories.py:392] - Bulk upserted 227 RSI metrics into stock_rsi_metrics.
[2026-09-04 00:08:33] [INFO] [cnx200_dashboard:historical_data_service.py:37] - Starting Historical Market Data Backfill from 2026-04-27 to 2026-09-04...
[2026-09-04 00:08:33] [INFO] [cnx200_dashboard:historical_data_service.py:67] - Targeting 1 active stocks for historical backfill.
[2026-09-04 00:08:33] [INFO] [cnx200_dashboard:historical_data_service.py:71] - [1/1] Processing historical backfill for symbol 'TATAPOWER'...
[2026-09-04 00:08:33] [INFO] [cnx200_dashboard:nse_client.py:59] - Fetching historical market data for TATAPOWER from 27-04-2026 to 04-09-2026...
[2026-09-04 00:08:34] [INFO] [cnx200_dashboard:nse_client.py:69] - Retrieved 91 price records for TATAPOWER.
[2026-09-04 00:08:34] [INFO] [cnx200_dashboard:repositories.py:164] - Bulk upserted 91 price records into daily_prices.
[2026-09-04 00:08:34] [INFO] [cnx200_dashboard:historical_data_service.py:122] - [OK] [1/1] 'TATAPOWER' backfill complete: 91 records upserted.
[2026-09-04 00:08:34] [INFO] [cnx200_dashboard:historical_data_service.py:144] - Historical Backfill Finished. Total Stocks: 1, Success: 1, Failed: 0, Total Records: 91.
[2026-09-04 00:08:34] [INFO] [cnx200_dashboard:repositories.py:392] - Bulk upserted 227 RSI metrics into stock_rsi_metrics.
[2026-09-04 00:08:34] [INFO] [cnx200_dashboard:historical_data_service.py:37] - Starting Historical Market Data Backfill from 2026-04-27 to 2026-09-04...
[2026-09-04 00:08:34] [INFO] [cnx200_dashboard:historical_data_service.py:67] - Targeting 1 active stocks for historical backfill.
[2026-09-04 00:08:34] [INFO] [cnx200_dashboard:historical_data_service.py:71] - [1/1] Processing historical backfill for symbol 'TATASTEEL'...
[2026-09-04 00:08:34] [INFO] [cnx200_dashboard:nse_client.py:59] - Fetching historical market data for TATASTEEL from 27-04-2026 to 04-09-2026...
[2026-09-04 00:08:36] [INFO] [cnx200_dashboard:nse_client.py:69] - Retrieved 91 price records for TATASTEEL.
[2026-09-04 00:08:36] [INFO] [cnx200_dashboard:repositories.py:164] - Bulk upserted 91 price records into daily_prices.
[2026-09-04 00:08:36] [INFO] [cnx200_dashboard:historical_data_service.py:122] - [OK] [1/1] 'TATASTEEL' backfill complete: 91 records upserted.
[2026-09-04 00:08:36] [INFO] [cnx200_dashboard:historical_data_service.py:144] - Historical Backfill Finished. Total Stocks: 1, Success: 1, Failed: 0, Total Records: 91.
[2026-09-04 00:08:36] [INFO] [cnx200_dashboard:repositories.py:392] - Bulk upserted 227 RSI metrics into stock_rsi_metrics.
[2026-09-04 00:08:36] [INFO] [cnx200_dashboard:historical_data_service.py:37] - Starting Historical Market Data Backfill from 2026-04-27 to 2026-09-04...
[2026-09-04 00:08:36] [INFO] [cnx200_dashboard:historical_data_service.py:67] - Targeting 1 active stocks for historical backfill.
[2026-09-04 00:08:36] [INFO] [cnx200_dashboard:historical_data_service.py:71] - [1/1] Processing historical backfill for symbol 'TCS'...
[2026-09-04 00:08:36] [INFO] [cnx200_dashboard:nse_client.py:59] - Fetching historical market data for TCS from 27-04-2026 to 04-09-2026...
[2026-09-04 00:08:37] [INFO] [cnx200_dashboard:nse_client.py:69] - Retrieved 92 price records for TCS.
[2026-09-04 00:08:37] [INFO] [cnx200_dashboard:repositories.py:164] - Bulk upserted 92 price records into daily_prices.
[2026-09-04 00:08:37] [INFO] [cnx200_dashboard:historical_data_service.py:122] - [OK] [1/1] 'TCS' backfill complete: 92 records upserted.
[2026-09-04 00:08:37] [INFO] [cnx200_dashboard:historical_data_service.py:144] - Historical Backfill Finished. Total Stocks: 1, Success: 1, Failed: 0, Total Records: 92.
[2026-09-04 00:08:38] [INFO] [cnx200_dashboard:repositories.py:392] - Bulk upserted 394 RSI metrics into stock_rsi_metrics.
[2026-09-04 00:08:38] [INFO] [cnx200_dashboard:historical_data_service.py:37] - Starting Historical Market Data Backfill from 2026-04-27 to 2026-09-04...
[2026-09-04 00:08:38] [INFO] [cnx200_dashboard:historical_data_service.py:67] - Targeting 1 active stocks for historical backfill.
[2026-09-04 00:08:38] [INFO] [cnx200_dashboard:historical_data_service.py:71] - [1/1] Processing historical backfill for symbol 'TECHM'...
[2026-09-04 00:08:38] [INFO] [cnx200_dashboard:nse_client.py:59] - Fetching historical market data for TECHM from 27-04-2026 to 04-09-2026...
[2026-09-04 00:08:39] [INFO] [cnx200_dashboard:nse_client.py:69] - Retrieved 91 price records for TECHM.
[2026-09-04 00:08:39] [INFO] [cnx200_dashboard:repositories.py:164] - Bulk upserted 91 price records into daily_prices.
[2026-09-04 00:08:39] [INFO] [cnx200_dashboard:historical_data_service.py:122] - [OK] [1/1] 'TECHM' backfill complete: 91 records upserted.
[2026-09-04 00:08:39] [INFO] [cnx200_dashboard:historical_data_service.py:144] - Historical Backfill Finished. Total Stocks: 1, Success: 1, Failed: 0, Total Records: 91.
[2026-09-04 00:08:39] [INFO] [cnx200_dashboard:repositories.py:392] - Bulk upserted 227 RSI metrics into stock_rsi_metrics.
[2026-09-04 00:08:39] [INFO] [cnx200_dashboard:historical_data_service.py:37] - Starting Historical Market Data Backfill from 2026-04-27 to 2026-09-04...
[2026-09-04 00:08:39] [INFO] [cnx200_dashboard:historical_data_service.py:67] - Targeting 1 active stocks for historical backfill.
[2026-09-04 00:08:39] [INFO] [cnx200_dashboard:historical_data_service.py:71] - [1/1] Processing historical backfill for symbol 'TIINDIA'...
[2026-09-04 00:08:39] [INFO] [cnx200_dashboard:nse_client.py:59] - Fetching historical market data for TIINDIA from 27-04-2026 to 04-09-2026...
[2026-09-04 00:08:40] [INFO] [cnx200_dashboard:nse_client.py:69] - Retrieved 91 price records for TIINDIA.
[2026-09-04 00:08:41] [INFO] [cnx200_dashboard:repositories.py:164] - Bulk upserted 91 price records into daily_prices.
[2026-09-04 00:08:41] [INFO] [cnx200_dashboard:historical_data_service.py:122] - [OK] [1/1] 'TIINDIA' backfill complete: 91 records upserted.
[2026-09-04 00:08:41] [INFO] [cnx200_dashboard:historical_data_service.py:144] - Historical Backfill Finished. Total Stocks: 1, Success: 1, Failed: 0, Total Records: 91.
[2026-09-04 00:08:41] [INFO] [cnx200_dashboard:repositories.py:392] - Bulk upserted 227 RSI metrics into stock_rsi_metrics.
[2026-09-04 00:08:41] [INFO] [cnx200_dashboard:historical_data_service.py:37] - Starting Historical Market Data Backfill from 2026-04-27 to 2026-09-04...
[2026-09-04 00:08:41] [INFO] [cnx200_dashboard:historical_data_service.py:67] - Targeting 1 active stocks for historical backfill.
[2026-09-04 00:08:41] [INFO] [cnx200_dashboard:historical_data_service.py:71] - [1/1] Processing historical backfill for symbol 'TITAN'...
[2026-09-04 00:08:41] [INFO] [cnx200_dashboard:nse_client.py:59] - Fetching historical market data for TITAN from 27-04-2026 to 04-09-2026...
[2026-09-04 00:08:42] [INFO] [cnx200_dashboard:nse_client.py:69] - Retrieved 92 price records for TITAN.
[2026-09-04 00:08:42] [INFO] [cnx200_dashboard:repositories.py:164] - Bulk upserted 92 price records into daily_prices.
[2026-09-04 00:08:42] [INFO] [cnx200_dashboard:historical_data_service.py:122] - [OK] [1/1] 'TITAN' backfill complete: 92 records upserted.
[2026-09-04 00:08:42] [INFO] [cnx200_dashboard:historical_data_service.py:144] - Historical Backfill Finished. Total Stocks: 1, Success: 1, Failed: 0, Total Records: 92.
[2026-09-04 00:08:42] [INFO] [cnx200_dashboard:repositories.py:392] - Bulk upserted 227 RSI metrics into stock_rsi_metrics.
[2026-09-04 00:08:42] [INFO] [cnx200_dashboard:historical_data_service.py:37] - Starting Historical Market Data Backfill from 2026-04-27 to 2026-09-04...
[2026-09-04 00:08:42] [INFO] [cnx200_dashboard:historical_data_service.py:67] - Targeting 1 active stocks for historical backfill.
[2026-09-04 00:08:42] [INFO] [cnx200_dashboard:historical_data_service.py:71] - [1/1] Processing historical backfill for symbol 'TMCV'...
[2026-09-04 00:08:42] [INFO] [cnx200_dashboard:nse_client.py:59] - Fetching historical market data for TMCV from 27-04-2026 to 04-09-2026...
[2026-09-04 00:08:44] [INFO] [cnx200_dashboard:nse_client.py:69] - Retrieved 91 price records for TMCV.
[2026-09-04 00:08:44] [INFO] [cnx200_dashboard:repositories.py:164] - Bulk upserted 91 price records into daily_prices.
[2026-09-04 00:08:44] [INFO] [cnx200_dashboard:historical_data_service.py:122] - [OK] [1/1] 'TMCV' backfill complete: 91 records upserted.
[2026-09-04 00:08:44] [INFO] [cnx200_dashboard:historical_data_service.py:144] - Historical Backfill Finished. Total Stocks: 1, Success: 1, Failed: 0, Total Records: 91.
[2026-09-04 00:08:44] [INFO] [cnx200_dashboard:repositories.py:392] - Bulk upserted 180 RSI metrics into stock_rsi_metrics.
[2026-09-04 00:08:44] [INFO] [cnx200_dashboard:historical_data_service.py:37] - Starting Historical Market Data Backfill from 2026-04-27 to 2026-09-04...
[2026-09-04 00:08:44] [INFO] [cnx200_dashboard:historical_data_service.py:67] - Targeting 1 active stocks for historical backfill.
[2026-09-04 00:08:44] [INFO] [cnx200_dashboard:historical_data_service.py:71] - [1/1] Processing historical backfill for symbol 'TMPV'...
[2026-09-04 00:08:44] [INFO] [cnx200_dashboard:nse_client.py:59] - Fetching historical market data for TMPV from 27-04-2026 to 04-09-2026...
[2026-09-04 00:08:45] [INFO] [cnx200_dashboard:nse_client.py:69] - Retrieved 91 price records for TMPV.
[2026-09-04 00:08:46] [INFO] [cnx200_dashboard:repositories.py:164] - Bulk upserted 91 price records into daily_prices.
[2026-09-04 00:08:46] [INFO] [cnx200_dashboard:historical_data_service.py:122] - [OK] [1/1] 'TMPV' backfill complete: 91 records upserted.
[2026-09-04 00:08:46] [INFO] [cnx200_dashboard:historical_data_service.py:144] - Historical Backfill Finished. Total Stocks: 1, Success: 1, Failed: 0, Total Records: 91.
[2026-09-04 00:08:46] [INFO] [cnx200_dashboard:repositories.py:392] - Bulk upserted 192 RSI metrics into stock_rsi_metrics.
[2026-09-04 00:08:46] [INFO] [cnx200_dashboard:historical_data_service.py:37] - Starting Historical Market Data Backfill from 2026-04-27 to 2026-09-04...
[2026-09-04 00:08:46] [INFO] [cnx200_dashboard:historical_data_service.py:67] - Targeting 1 active stocks for historical backfill.
[2026-09-04 00:08:46] [INFO] [cnx200_dashboard:historical_data_service.py:71] - [1/1] Processing historical backfill for symbol 'TORNTPHARM'...
[2026-09-04 00:08:46] [INFO] [cnx200_dashboard:nse_client.py:59] - Fetching historical market data for TORNTPHARM from 27-04-2026 to 04-09-2026...
[2026-09-04 00:08:47] [INFO] [cnx200_dashboard:nse_client.py:69] - Retrieved 91 price records for TORNTPHARM.
[2026-09-04 00:08:47] [INFO] [cnx200_dashboard:repositories.py:164] - Bulk upserted 91 price records into daily_prices.
[2026-09-04 00:08:47] [INFO] [cnx200_dashboard:historical_data_service.py:122] - [OK] [1/1] 'TORNTPHARM' backfill complete: 91 records upserted.
[2026-09-04 00:08:47] [INFO] [cnx200_dashboard:historical_data_service.py:144] - Historical Backfill Finished. Total Stocks: 1, Success: 1, Failed: 0, Total Records: 91.
[2026-09-04 00:08:48] [INFO] [cnx200_dashboard:repositories.py:392] - Bulk upserted 227 RSI metrics into stock_rsi_metrics.
[2026-09-04 00:08:48] [INFO] [cnx200_dashboard:historical_data_service.py:37] - Starting Historical Market Data Backfill from 2026-04-27 to 2026-09-04...
[2026-09-04 00:08:48] [INFO] [cnx200_dashboard:historical_data_service.py:67] - Targeting 1 active stocks for historical backfill.
[2026-09-04 00:08:48] [INFO] [cnx200_dashboard:historical_data_service.py:71] - [1/1] Processing historical backfill for symbol 'TRENT'...
[2026-09-04 00:08:48] [INFO] [cnx200_dashboard:nse_client.py:59] - Fetching historical market data for TRENT from 27-04-2026 to 04-09-2026...
[2026-09-04 00:08:49] [INFO] [cnx200_dashboard:nse_client.py:69] - Retrieved 91 price records for TRENT.
[2026-09-04 00:08:49] [INFO] [cnx200_dashboard:repositories.py:164] - Bulk upserted 91 price records into daily_prices.
[2026-09-04 00:08:49] [INFO] [cnx200_dashboard:historical_data_service.py:122] - [OK] [1/1] 'TRENT' backfill complete: 91 records upserted.
[2026-09-04 00:08:49] [INFO] [cnx200_dashboard:historical_data_service.py:144] - Historical Backfill Finished. Total Stocks: 1, Success: 1, Failed: 0, Total Records: 91.
[2026-09-04 00:08:49] [INFO] [cnx200_dashboard:repositories.py:392] - Bulk upserted 227 RSI metrics into stock_rsi_metrics.
[2026-09-04 00:08:49] [INFO] [cnx200_dashboard:historical_data_service.py:37] - Starting Historical Market Data Backfill from 2026-04-27 to 2026-09-04...
[2026-09-04 00:08:49] [INFO] [cnx200_dashboard:historical_data_service.py:67] - Targeting 1 active stocks for historical backfill.
[2026-09-04 00:08:49] [INFO] [cnx200_dashboard:historical_data_service.py:71] - [1/1] Processing historical backfill for symbol 'TVSMOTOR'...
[2026-09-04 00:08:49] [INFO] [cnx200_dashboard:nse_client.py:59] - Fetching historical market data for TVSMOTOR from 27-04-2026 to 04-09-2026...
[2026-09-04 00:08:51] [INFO] [cnx200_dashboard:nse_client.py:69] - Retrieved 91 price records for TVSMOTOR.
[2026-09-04 00:08:51] [INFO] [cnx200_dashboard:repositories.py:164] - Bulk upserted 91 price records into daily_prices.
[2026-09-04 00:08:51] [INFO] [cnx200_dashboard:historical_data_service.py:122] - [OK] [1/1] 'TVSMOTOR' backfill complete: 91 records upserted.
[2026-09-04 00:08:51] [INFO] [cnx200_dashboard:historical_data_service.py:144] - Historical Backfill Finished. Total Stocks: 1, Success: 1, Failed: 0, Total Records: 91.
[2026-09-04 00:08:51] [INFO] [cnx200_dashboard:repositories.py:392] - Bulk upserted 227 RSI metrics into stock_rsi_metrics.
[2026-09-04 00:08:51] [INFO] [cnx200_dashboard:historical_data_service.py:37] - Starting Historical Market Data Backfill from 2026-04-27 to 2026-09-04...
[2026-09-04 00:08:51] [INFO] [cnx200_dashboard:historical_data_service.py:67] - Targeting 1 active stocks for historical backfill.
[2026-09-04 00:08:51] [INFO] [cnx200_dashboard:historical_data_service.py:71] - [1/1] Processing historical backfill for symbol 'ULTRACEMCO'...
[2026-09-04 00:08:51] [INFO] [cnx200_dashboard:nse_client.py:59] - Fetching historical market data for ULTRACEMCO from 27-04-2026 to 04-09-2026...
[2026-09-04 00:08:53] [INFO] [cnx200_dashboard:nse_client.py:69] - Retrieved 91 price records for ULTRACEMCO.
[2026-09-04 00:08:53] [INFO] [cnx200_dashboard:repositories.py:164] - Bulk upserted 91 price records into daily_prices.
[2026-09-04 00:08:53] [INFO] [cnx200_dashboard:historical_data_service.py:122] - [OK] [1/1] 'ULTRACEMCO' backfill complete: 91 records upserted.
[2026-09-04 00:08:53] [INFO] [cnx200_dashboard:historical_data_service.py:144] - Historical Backfill Finished. Total Stocks: 1, Success: 1, Failed: 0, Total Records: 91.
[2026-09-04 00:08:53] [INFO] [cnx200_dashboard:repositories.py:392] - Bulk upserted 227 RSI metrics into stock_rsi_metrics.
[2026-09-04 00:08:53] [INFO] [cnx200_dashboard:historical_data_service.py:37] - Starting Historical Market Data Backfill from 2026-04-27 to 2026-09-04...
[2026-09-04 00:08:53] [INFO] [cnx200_dashboard:historical_data_service.py:67] - Targeting 1 active stocks for historical backfill.
[2026-09-04 00:08:53] [INFO] [cnx200_dashboard:historical_data_service.py:71] - [1/1] Processing historical backfill for symbol 'UNIONBANK'...
[2026-09-04 00:08:53] [INFO] [cnx200_dashboard:nse_client.py:59] - Fetching historical market data for UNIONBANK from 27-04-2026 to 04-09-2026...
[2026-09-04 00:08:54] [INFO] [cnx200_dashboard:nse_client.py:69] - Retrieved 91 price records for UNIONBANK.
[2026-09-04 00:08:54] [INFO] [cnx200_dashboard:repositories.py:164] - Bulk upserted 91 price records into daily_prices.
[2026-09-04 00:08:54] [INFO] [cnx200_dashboard:historical_data_service.py:122] - [OK] [1/1] 'UNIONBANK' backfill complete: 91 records upserted.
[2026-09-04 00:08:54] [INFO] [cnx200_dashboard:historical_data_service.py:144] - Historical Backfill Finished. Total Stocks: 1, Success: 1, Failed: 0, Total Records: 91.
[2026-09-04 00:08:55] [INFO] [cnx200_dashboard:repositories.py:392] - Bulk upserted 227 RSI metrics into stock_rsi_metrics.
[2026-09-04 00:08:55] [INFO] [cnx200_dashboard:historical_data_service.py:37] - Starting Historical Market Data Backfill from 2026-04-27 to 2026-09-04...
[2026-09-04 00:08:55] [INFO] [cnx200_dashboard:historical_data_service.py:67] - Targeting 1 active stocks for historical backfill.
[2026-09-04 00:08:55] [INFO] [cnx200_dashboard:historical_data_service.py:71] - [1/1] Processing historical backfill for symbol 'UNITDSPR'...
[2026-09-04 00:08:55] [INFO] [cnx200_dashboard:nse_client.py:59] - Fetching historical market data for UNITDSPR from 27-04-2026 to 04-09-2026...
[2026-09-04 00:08:57] [INFO] [cnx200_dashboard:nse_client.py:69] - Retrieved 91 price records for UNITDSPR.
[2026-09-04 00:08:57] [INFO] [cnx200_dashboard:repositories.py:164] - Bulk upserted 91 price records into daily_prices.
[2026-09-04 00:08:57] [INFO] [cnx200_dashboard:historical_data_service.py:122] - [OK] [1/1] 'UNITDSPR' backfill complete: 91 records upserted.
[2026-09-04 00:08:57] [INFO] [cnx200_dashboard:historical_data_service.py:144] - Historical Backfill Finished. Total Stocks: 1, Success: 1, Failed: 0, Total Records: 91.
[2026-09-04 00:08:57] [INFO] [cnx200_dashboard:repositories.py:392] - Bulk upserted 227 RSI metrics into stock_rsi_metrics.
[2026-09-04 00:08:57] [INFO] [cnx200_dashboard:historical_data_service.py:37] - Starting Historical Market Data Backfill from 2026-04-27 to 2026-09-04...
[2026-09-04 00:08:57] [INFO] [cnx200_dashboard:historical_data_service.py:67] - Targeting 1 active stocks for historical backfill.
[2026-09-04 00:08:57] [INFO] [cnx200_dashboard:historical_data_service.py:71] - [1/1] Processing historical backfill for symbol 'UPL'...
[2026-09-04 00:08:57] [INFO] [cnx200_dashboard:nse_client.py:59] - Fetching historical market data for UPL from 27-04-2026 to 04-09-2026...
[2026-09-04 00:08:58] [INFO] [cnx200_dashboard:nse_client.py:69] - Retrieved 91 price records for UPL.
[2026-09-04 00:08:59] [INFO] [cnx200_dashboard:repositories.py:164] - Bulk upserted 91 price records into daily_prices.
[2026-09-04 00:08:59] [INFO] [cnx200_dashboard:historical_data_service.py:122] - [OK] [1/1] 'UPL' backfill complete: 91 records upserted.
[2026-09-04 00:08:59] [INFO] [cnx200_dashboard:historical_data_service.py:144] - Historical Backfill Finished. Total Stocks: 1, Success: 1, Failed: 0, Total Records: 91.
[2026-09-04 00:08:59] [INFO] [cnx200_dashboard:repositories.py:392] - Bulk upserted 227 RSI metrics into stock_rsi_metrics.
[2026-09-04 00:08:59] [INFO] [cnx200_dashboard:historical_data_service.py:37] - Starting Historical Market Data Backfill from 2026-04-27 to 2026-09-04...
[2026-09-04 00:08:59] [INFO] [cnx200_dashboard:historical_data_service.py:67] - Targeting 1 active stocks for historical backfill.
[2026-09-04 00:08:59] [INFO] [cnx200_dashboard:historical_data_service.py:71] - [1/1] Processing historical backfill for symbol 'VBL'...
[2026-09-04 00:08:59] [INFO] [cnx200_dashboard:nse_client.py:59] - Fetching historical market data for VBL from 27-04-2026 to 04-09-2026...
[2026-09-04 00:09:00] [INFO] [cnx200_dashboard:nse_client.py:69] - Retrieved 91 price records for VBL.
[2026-09-04 00:09:00] [INFO] [cnx200_dashboard:repositories.py:164] - Bulk upserted 91 price records into daily_prices.
[2026-09-04 00:09:00] [INFO] [cnx200_dashboard:historical_data_service.py:122] - [OK] [1/1] 'VBL' backfill complete: 91 records upserted.
[2026-09-04 00:09:00] [INFO] [cnx200_dashboard:historical_data_service.py:144] - Historical Backfill Finished. Total Stocks: 1, Success: 1, Failed: 0, Total Records: 91.
[2026-09-04 00:09:00] [INFO] [cnx200_dashboard:repositories.py:392] - Bulk upserted 227 RSI metrics into stock_rsi_metrics.
[2026-09-04 00:09:00] [INFO] [cnx200_dashboard:historical_data_service.py:37] - Starting Historical Market Data Backfill from 2026-04-27 to 2026-09-04...
[2026-09-04 00:09:00] [INFO] [cnx200_dashboard:historical_data_service.py:67] - Targeting 1 active stocks for historical backfill.
[2026-09-04 00:09:00] [INFO] [cnx200_dashboard:historical_data_service.py:71] - [1/1] Processing historical backfill for symbol 'VEDL'...
[2026-09-04 00:09:00] [INFO] [cnx200_dashboard:nse_client.py:59] - Fetching historical market data for VEDL from 27-04-2026 to 04-09-2026...
[2026-09-04 00:09:02] [INFO] [cnx200_dashboard:nse_client.py:69] - Retrieved 91 price records for VEDL.
[2026-09-04 00:09:02] [INFO] [cnx200_dashboard:repositories.py:164] - Bulk upserted 91 price records into daily_prices.
[2026-09-04 00:09:02] [INFO] [cnx200_dashboard:historical_data_service.py:122] - [OK] [1/1] 'VEDL' backfill complete: 91 records upserted.
[2026-09-04 00:09:02] [INFO] [cnx200_dashboard:historical_data_service.py:144] - Historical Backfill Finished. Total Stocks: 1, Success: 1, Failed: 0, Total Records: 91.
[2026-09-04 00:09:02] [INFO] [cnx200_dashboard:repositories.py:392] - Bulk upserted 227 RSI metrics into stock_rsi_metrics.
[2026-09-04 00:09:02] [INFO] [cnx200_dashboard:historical_data_service.py:37] - Starting Historical Market Data Backfill from 2026-04-27 to 2026-09-04...
[2026-09-04 00:09:02] [INFO] [cnx200_dashboard:historical_data_service.py:67] - Targeting 1 active stocks for historical backfill.
[2026-09-04 00:09:02] [INFO] [cnx200_dashboard:historical_data_service.py:71] - [1/1] Processing historical backfill for symbol 'VMM'...
[2026-09-04 00:09:02] [INFO] [cnx200_dashboard:nse_client.py:59] - Fetching historical market data for VMM from 27-04-2026 to 04-09-2026...
[2026-09-04 00:09:03] [INFO] [cnx200_dashboard:nse_client.py:69] - Retrieved 91 price records for VMM.
[2026-09-04 00:09:03] [INFO] [cnx200_dashboard:repositories.py:164] - Bulk upserted 91 price records into daily_prices.
[2026-09-04 00:09:03] [INFO] [cnx200_dashboard:historical_data_service.py:122] - [OK] [1/1] 'VMM' backfill complete: 91 records upserted.
[2026-09-04 00:09:03] [INFO] [cnx200_dashboard:historical_data_service.py:144] - Historical Backfill Finished. Total Stocks: 1, Success: 1, Failed: 0, Total Records: 91.
[2026-09-04 00:09:04] [INFO] [cnx200_dashboard:repositories.py:392] - Bulk upserted 227 RSI metrics into stock_rsi_metrics.
[2026-09-04 00:09:04] [INFO] [cnx200_dashboard:historical_data_service.py:37] - Starting Historical Market Data Backfill from 2026-04-27 to 2026-09-04...
[2026-09-04 00:09:04] [INFO] [cnx200_dashboard:historical_data_service.py:67] - Targeting 1 active stocks for historical backfill.
[2026-09-04 00:09:04] [INFO] [cnx200_dashboard:historical_data_service.py:71] - [1/1] Processing historical backfill for symbol 'VOLTAS'...
[2026-09-04 00:09:04] [INFO] [cnx200_dashboard:nse_client.py:59] - Fetching historical market data for VOLTAS from 27-04-2026 to 04-09-2026...
[2026-09-04 00:09:05] [INFO] [cnx200_dashboard:nse_client.py:69] - Retrieved 91 price records for VOLTAS.
[2026-09-04 00:09:05] [INFO] [cnx200_dashboard:repositories.py:164] - Bulk upserted 91 price records into daily_prices.
[2026-09-04 00:09:05] [INFO] [cnx200_dashboard:historical_data_service.py:122] - [OK] [1/1] 'VOLTAS' backfill complete: 91 records upserted.
[2026-09-04 00:09:05] [INFO] [cnx200_dashboard:historical_data_service.py:144] - Historical Backfill Finished. Total Stocks: 1, Success: 1, Failed: 0, Total Records: 91.
[2026-09-04 00:09:05] [INFO] [cnx200_dashboard:repositories.py:392] - Bulk upserted 227 RSI metrics into stock_rsi_metrics.
[2026-09-04 00:09:05] [INFO] [cnx200_dashboard:historical_data_service.py:37] - Starting Historical Market Data Backfill from 2026-04-27 to 2026-09-04...
[2026-09-04 00:09:05] [INFO] [cnx200_dashboard:historical_data_service.py:67] - Targeting 1 active stocks for historical backfill.
[2026-09-04 00:09:05] [INFO] [cnx200_dashboard:historical_data_service.py:71] - [1/1] Processing historical backfill for symbol 'WAAREEENER'...
[2026-09-04 00:09:05] [INFO] [cnx200_dashboard:nse_client.py:59] - Fetching historical market data for WAAREEENER from 27-04-2026 to 04-09-2026...
[2026-09-04 00:09:07] [INFO] [cnx200_dashboard:nse_client.py:69] - Retrieved 91 price records for WAAREEENER.
[2026-09-04 00:09:07] [INFO] [cnx200_dashboard:repositories.py:164] - Bulk upserted 91 price records into daily_prices.
[2026-09-04 00:09:07] [INFO] [cnx200_dashboard:historical_data_service.py:122] - [OK] [1/1] 'WAAREEENER' backfill complete: 91 records upserted.
[2026-09-04 00:09:07] [INFO] [cnx200_dashboard:historical_data_service.py:144] - Historical Backfill Finished. Total Stocks: 1, Success: 1, Failed: 0, Total Records: 91.
[2026-09-04 00:09:07] [INFO] [cnx200_dashboard:repositories.py:392] - Bulk upserted 227 RSI metrics into stock_rsi_metrics.
[2026-09-04 00:09:07] [INFO] [cnx200_dashboard:historical_data_service.py:37] - Starting Historical Market Data Backfill from 2026-04-27 to 2026-09-04...
[2026-09-04 00:09:07] [INFO] [cnx200_dashboard:historical_data_service.py:67] - Targeting 1 active stocks for historical backfill.
[2026-09-04 00:09:07] [INFO] [cnx200_dashboard:historical_data_service.py:71] - [1/1] Processing historical backfill for symbol 'WIPRO'...
[2026-09-04 00:09:07] [INFO] [cnx200_dashboard:nse_client.py:59] - Fetching historical market data for WIPRO from 27-04-2026 to 04-09-2026...
[2026-09-04 00:09:08] [INFO] [cnx200_dashboard:nse_client.py:69] - Retrieved 91 price records for WIPRO.
[2026-09-04 00:09:08] [INFO] [cnx200_dashboard:repositories.py:164] - Bulk upserted 91 price records into daily_prices.
[2026-09-04 00:09:08] [INFO] [cnx200_dashboard:historical_data_service.py:122] - [OK] [1/1] 'WIPRO' backfill complete: 91 records upserted.
[2026-09-04 00:09:08] [INFO] [cnx200_dashboard:historical_data_service.py:144] - Historical Backfill Finished. Total Stocks: 1, Success: 1, Failed: 0, Total Records: 91.
[2026-09-04 00:09:09] [INFO] [cnx200_dashboard:repositories.py:392] - Bulk upserted 227 RSI metrics into stock_rsi_metrics.
[2026-09-04 00:09:09] [INFO] [cnx200_dashboard:historical_data_service.py:37] - Starting Historical Market Data Backfill from 2026-04-27 to 2026-09-04...
[2026-09-04 00:09:09] [INFO] [cnx200_dashboard:historical_data_service.py:67] - Targeting 1 active stocks for historical backfill.
[2026-09-04 00:09:09] [INFO] [cnx200_dashboard:historical_data_service.py:71] - [1/1] Processing historical backfill for symbol 'YESBANK'...
[2026-09-04 00:09:09] [INFO] [cnx200_dashboard:nse_client.py:59] - Fetching historical market data for YESBANK from 27-04-2026 to 04-09-2026...
[2026-09-04 00:09:10] [INFO] [cnx200_dashboard:nse_client.py:69] - Retrieved 91 price records for YESBANK.
[2026-09-04 00:09:10] [INFO] [cnx200_dashboard:repositories.py:164] - Bulk upserted 91 price records into daily_prices.
[2026-09-04 00:09:10] [INFO] [cnx200_dashboard:historical_data_service.py:122] - [OK] [1/1] 'YESBANK' backfill complete: 91 records upserted.
[2026-09-04 00:09:10] [INFO] [cnx200_dashboard:historical_data_service.py:144] - Historical Backfill Finished. Total Stocks: 1, Success: 1, Failed: 0, Total Records: 91.
[2026-09-04 00:09:10] [INFO] [cnx200_dashboard:repositories.py:392] - Bulk upserted 227 RSI metrics into stock_rsi_metrics.
[2026-09-04 00:09:10] [INFO] [cnx200_dashboard:historical_data_service.py:37] - Starting Historical Market Data Backfill from 2026-04-27 to 2026-09-04...
[2026-09-04 00:09:10] [INFO] [cnx200_dashboard:historical_data_service.py:67] - Targeting 1 active stocks for historical backfill.
[2026-09-04 00:09:10] [INFO] [cnx200_dashboard:historical_data_service.py:71] - [1/1] Processing historical backfill for symbol 'ZYDUSLIFE'...
[2026-09-04 00:09:10] [INFO] [cnx200_dashboard:nse_client.py:59] - Fetching historical market data for ZYDUSLIFE from 27-04-2026 to 04-09-2026...
[2026-09-04 00:09:11] [INFO] [cnx200_dashboard:nse_client.py:69] - Retrieved 91 price records for ZYDUSLIFE.
[2026-09-04 00:09:12] [INFO] [cnx200_dashboard:repositories.py:164] - Bulk upserted 91 price records into daily_prices.
[2026-09-04 00:09:12] [INFO] [cnx200_dashboard:historical_data_service.py:122] - [OK] [1/1] 'ZYDUSLIFE' backfill complete: 91 records upserted.
[2026-09-04 00:09:12] [INFO] [cnx200_dashboard:historical_data_service.py:144] - Historical Backfill Finished. Total Stocks: 1, Success: 1, Failed: 0, Total Records: 91.
[2026-09-04 00:09:12] [INFO] [cnx200_dashboard:repositories.py:392] - Bulk upserted 227 RSI metrics into stock_rsi_metrics.
[2026-09-04 00:16:39] [INFO] [cnx200_dashboard:init_db.py:13] - Checking/Creating MySQL Database 'cnx200_rsi_dashboard'...
[2026-09-04 00:16:39] [INFO] [cnx200_dashboard:init_db.py:25] - Database 'cnx200_rsi_dashboard' ensured.
[2026-09-04 00:16:39] [INFO] [cnx200_dashboard:connection.py:34] - SQLAlchemy Database Engine initialized successfully.
[2026-09-04 00:16:39] [INFO] [cnx200_dashboard:init_db.py:31] - Creating tables, foreign keys, and indexes if they do not exist...
[2026-09-04 00:16:39] [INFO] [cnx200_dashboard:init_db.py:34] - All database tables initialized successfully.
[2026-09-04 00:16:39] [INFO] [cnx200_dashboard:excel_report_service.py:40] - Starting NIFTY 200 Excel Report Generation...
[2026-09-04 00:16:39] [INFO] [cnx200_dashboard:excel_report_service.py:44] - Checking latest NSE market data freshness...
[2026-09-04 00:16:39] [INFO] [cnx200_dashboard:repositories.py:297] - Created JobRun 'NIFTY200_MISSING_DATA_RECOVERY' (ID: 17).
[2026-09-04 00:16:40] [INFO] [cnx200_dashboard:ingestion_service.py:186] - No missing trading data detected. Database is fully up to date.
[2026-09-04 00:16:40] [INFO] [cnx200_dashboard:repositories.py:341] - Completed JobRun ID 17 with status 'SUCCESS'.
[2026-09-04 00:16:40] [INFO] [cnx200_dashboard:excel_report_service.py:50] - Updating & computing latest RSI metrics...
[2026-09-04 00:16:40] [INFO] [cnx200_dashboard:repositories.py:442] - Bulk upserted 227 RSI metrics into stock_rsi_metrics.
[2026-09-04 00:16:40] [INFO] [cnx200_dashboard:rsi_service.py:150] - [1/200] RSI calculated for '360ONE': 227 records.
[2026-09-04 00:16:41] [INFO] [cnx200_dashboard:repositories.py:442] - Bulk upserted 227 RSI metrics into stock_rsi_metrics.
[2026-09-04 00:16:41] [INFO] [cnx200_dashboard:rsi_service.py:150] - [2/200] RSI calculated for 'ABB': 227 records.
[2026-09-04 00:16:41] [INFO] [cnx200_dashboard:repositories.py:442] - Bulk upserted 227 RSI metrics into stock_rsi_metrics.
[2026-09-04 00:16:41] [INFO] [cnx200_dashboard:rsi_service.py:150] - [3/200] RSI calculated for 'ABCAPITAL': 227 records.
[2026-09-04 00:16:41] [INFO] [cnx200_dashboard:repositories.py:442] - Bulk upserted 227 RSI metrics into stock_rsi_metrics.
[2026-09-04 00:16:41] [INFO] [cnx200_dashboard:rsi_service.py:150] - [4/200] RSI calculated for 'ADANIENSOL': 227 records.
[2026-09-04 00:16:41] [INFO] [cnx200_dashboard:repositories.py:442] - Bulk upserted 227 RSI metrics into stock_rsi_metrics.
[2026-09-04 00:16:41] [INFO] [cnx200_dashboard:rsi_service.py:150] - [5/200] RSI calculated for 'ADANIENT': 227 records.
[2026-09-04 00:16:42] [INFO] [cnx200_dashboard:repositories.py:442] - Bulk upserted 227 RSI metrics into stock_rsi_metrics.
[2026-09-04 00:16:42] [INFO] [cnx200_dashboard:rsi_service.py:150] - [6/200] RSI calculated for 'ADANIGREEN': 227 records.
[2026-09-04 00:16:42] [INFO] [cnx200_dashboard:repositories.py:442] - Bulk upserted 227 RSI metrics into stock_rsi_metrics.
[2026-09-04 00:16:42] [INFO] [cnx200_dashboard:rsi_service.py:150] - [7/200] RSI calculated for 'ADANIPORTS': 227 records.
[2026-09-04 00:16:42] [INFO] [cnx200_dashboard:repositories.py:442] - Bulk upserted 227 RSI metrics into stock_rsi_metrics.
[2026-09-04 00:16:42] [INFO] [cnx200_dashboard:rsi_service.py:150] - [8/200] RSI calculated for 'ADANIPOWER': 227 records.
[2026-09-04 00:16:42] [INFO] [cnx200_dashboard:repositories.py:442] - Bulk upserted 227 RSI metrics into stock_rsi_metrics.
[2026-09-04 00:16:42] [INFO] [cnx200_dashboard:rsi_service.py:150] - [9/200] RSI calculated for 'ALKEM': 227 records.
[2026-09-04 00:16:43] [INFO] [cnx200_dashboard:repositories.py:442] - Bulk upserted 227 RSI metrics into stock_rsi_metrics.
[2026-09-04 00:16:43] [INFO] [cnx200_dashboard:rsi_service.py:150] - [10/200] RSI calculated for 'AMBUJACEM': 227 records.
[2026-09-04 00:16:43] [INFO] [cnx200_dashboard:repositories.py:442] - Bulk upserted 227 RSI metrics into stock_rsi_metrics.
[2026-09-04 00:16:43] [INFO] [cnx200_dashboard:rsi_service.py:150] - [11/200] RSI calculated for 'APLAPOLLO': 227 records.
[2026-09-04 00:16:43] [INFO] [cnx200_dashboard:repositories.py:442] - Bulk upserted 227 RSI metrics into stock_rsi_metrics.
[2026-09-04 00:16:43] [INFO] [cnx200_dashboard:rsi_service.py:150] - [12/200] RSI calculated for 'APOLLOHOSP': 227 records.
[2026-09-04 00:16:44] [INFO] [cnx200_dashboard:repositories.py:442] - Bulk upserted 227 RSI metrics into stock_rsi_metrics.
[2026-09-04 00:16:44] [INFO] [cnx200_dashboard:rsi_service.py:150] - [13/200] RSI calculated for 'ASHOKLEY': 227 records.
[2026-09-04 00:16:44] [INFO] [cnx200_dashboard:repositories.py:442] - Bulk upserted 227 RSI metrics into stock_rsi_metrics.
[2026-09-04 00:16:44] [INFO] [cnx200_dashboard:rsi_service.py:150] - [14/200] RSI calculated for 'ASIANPAINT': 227 records.
[2026-09-04 00:16:44] [INFO] [cnx200_dashboard:repositories.py:442] - Bulk upserted 227 RSI metrics into stock_rsi_metrics.
[2026-09-04 00:16:44] [INFO] [cnx200_dashboard:rsi_service.py:150] - [15/200] RSI calculated for 'ASTRAL': 227 records.
[2026-09-04 00:16:44] [INFO] [cnx200_dashboard:repositories.py:442] - Bulk upserted 227 RSI metrics into stock_rsi_metrics.
[2026-09-04 00:16:44] [INFO] [cnx200_dashboard:rsi_service.py:150] - [16/200] RSI calculated for 'ATGL': 227 records.
[2026-09-04 00:16:45] [INFO] [cnx200_dashboard:repositories.py:442] - Bulk upserted 227 RSI metrics into stock_rsi_metrics.
[2026-09-04 00:16:45] [INFO] [cnx200_dashboard:rsi_service.py:150] - [17/200] RSI calculated for 'AUBANK': 227 records.
[2026-09-04 00:16:45] [INFO] [cnx200_dashboard:repositories.py:442] - Bulk upserted 227 RSI metrics into stock_rsi_metrics.
[2026-09-04 00:16:45] [INFO] [cnx200_dashboard:rsi_service.py:150] - [18/200] RSI calculated for 'AUROPHARMA': 227 records.
[2026-09-04 00:16:45] [INFO] [cnx200_dashboard:repositories.py:442] - Bulk upserted 227 RSI metrics into stock_rsi_metrics.
[2026-09-04 00:16:45] [INFO] [cnx200_dashboard:rsi_service.py:150] - [19/200] RSI calculated for 'AXISBANK': 227 records.
[2026-09-04 00:16:45] [INFO] [cnx200_dashboard:repositories.py:442] - Bulk upserted 227 RSI metrics into stock_rsi_metrics.
[2026-09-04 00:16:45] [INFO] [cnx200_dashboard:rsi_service.py:150] - [20/200] RSI calculated for 'BAJAJ-AUTO': 227 records.
[2026-09-04 00:16:46] [INFO] [cnx200_dashboard:repositories.py:442] - Bulk upserted 227 RSI metrics into stock_rsi_metrics.
[2026-09-04 00:16:46] [INFO] [cnx200_dashboard:rsi_service.py:150] - [21/200] RSI calculated for 'BAJAJFINSV': 227 records.
[2026-09-04 00:16:46] [INFO] [cnx200_dashboard:repositories.py:442] - Bulk upserted 227 RSI metrics into stock_rsi_metrics.
[2026-09-04 00:16:46] [INFO] [cnx200_dashboard:rsi_service.py:150] - [22/200] RSI calculated for 'BAJAJHLDNG': 227 records.
[2026-09-04 00:16:46] [INFO] [cnx200_dashboard:repositories.py:442] - Bulk upserted 227 RSI metrics into stock_rsi_metrics.
[2026-09-04 00:16:46] [INFO] [cnx200_dashboard:rsi_service.py:150] - [23/200] RSI calculated for 'BAJFINANCE': 227 records.
[2026-09-04 00:16:46] [INFO] [cnx200_dashboard:repositories.py:442] - Bulk upserted 227 RSI metrics into stock_rsi_metrics.
[2026-09-04 00:16:46] [INFO] [cnx200_dashboard:rsi_service.py:150] - [24/200] RSI calculated for 'BANKBARODA': 227 records.
[2026-09-04 00:16:47] [INFO] [cnx200_dashboard:repositories.py:442] - Bulk upserted 227 RSI metrics into stock_rsi_metrics.
[2026-09-04 00:16:47] [INFO] [cnx200_dashboard:rsi_service.py:150] - [25/200] RSI calculated for 'BANKINDIA': 227 records.
[2026-09-04 00:16:47] [INFO] [cnx200_dashboard:repositories.py:442] - Bulk upserted 227 RSI metrics into stock_rsi_metrics.
[2026-09-04 00:16:47] [INFO] [cnx200_dashboard:rsi_service.py:150] - [26/200] RSI calculated for 'BDL': 227 records.
[2026-09-04 00:16:47] [INFO] [cnx200_dashboard:repositories.py:442] - Bulk upserted 227 RSI metrics into stock_rsi_metrics.
[2026-09-04 00:16:47] [INFO] [cnx200_dashboard:rsi_service.py:150] - [27/200] RSI calculated for 'BEL': 227 records.
[2026-09-04 00:16:47] [INFO] [cnx200_dashboard:repositories.py:442] - Bulk upserted 227 RSI metrics into stock_rsi_metrics.
[2026-09-04 00:16:47] [INFO] [cnx200_dashboard:rsi_service.py:150] - [28/200] RSI calculated for 'BHARATFORG': 227 records.
[2026-09-04 00:16:48] [INFO] [cnx200_dashboard:repositories.py:442] - Bulk upserted 227 RSI metrics into stock_rsi_metrics.
[2026-09-04 00:16:48] [INFO] [cnx200_dashboard:rsi_service.py:150] - [29/200] RSI calculated for 'BHARTIARTL': 227 records.
[2026-09-04 00:16:48] [INFO] [cnx200_dashboard:repositories.py:442] - Bulk upserted 227 RSI metrics into stock_rsi_metrics.
[2026-09-04 00:16:48] [INFO] [cnx200_dashboard:rsi_service.py:150] - [30/200] RSI calculated for 'BHEL': 227 records.
[2026-09-04 00:16:48] [INFO] [cnx200_dashboard:repositories.py:442] - Bulk upserted 227 RSI metrics into stock_rsi_metrics.
[2026-09-04 00:16:48] [INFO] [cnx200_dashboard:rsi_service.py:150] - [31/200] RSI calculated for 'BIOCON': 227 records.
[2026-09-04 00:16:48] [INFO] [cnx200_dashboard:repositories.py:442] - Bulk upserted 227 RSI metrics into stock_rsi_metrics.
[2026-09-04 00:16:48] [INFO] [cnx200_dashboard:rsi_service.py:150] - [32/200] RSI calculated for 'BLUESTARCO': 227 records.
[2026-09-04 00:16:49] [INFO] [cnx200_dashboard:repositories.py:442] - Bulk upserted 227 RSI metrics into stock_rsi_metrics.
[2026-09-04 00:16:49] [INFO] [cnx200_dashboard:rsi_service.py:150] - [33/200] RSI calculated for 'BOSCHLTD': 227 records.
[2026-09-04 00:16:49] [INFO] [cnx200_dashboard:repositories.py:442] - Bulk upserted 227 RSI metrics into stock_rsi_metrics.
[2026-09-04 00:16:49] [INFO] [cnx200_dashboard:rsi_service.py:150] - [34/200] RSI calculated for 'BPCL': 227 records.
[2026-09-04 00:16:49] [INFO] [cnx200_dashboard:repositories.py:442] - Bulk upserted 227 RSI metrics into stock_rsi_metrics.
[2026-09-04 00:16:49] [INFO] [cnx200_dashboard:rsi_service.py:150] - [35/200] RSI calculated for 'BRITANNIA': 227 records.
[2026-09-04 00:16:49] [INFO] [cnx200_dashboard:repositories.py:442] - Bulk upserted 227 RSI metrics into stock_rsi_metrics.
[2026-09-04 00:16:49] [INFO] [cnx200_dashboard:rsi_service.py:150] - [36/200] RSI calculated for 'BSE': 227 records.
[2026-09-04 00:16:50] [INFO] [cnx200_dashboard:repositories.py:442] - Bulk upserted 227 RSI metrics into stock_rsi_metrics.
[2026-09-04 00:16:50] [INFO] [cnx200_dashboard:rsi_service.py:150] - [37/200] RSI calculated for 'CANBK': 227 records.
[2026-09-04 00:16:50] [INFO] [cnx200_dashboard:repositories.py:442] - Bulk upserted 227 RSI metrics into stock_rsi_metrics.
[2026-09-04 00:16:50] [INFO] [cnx200_dashboard:rsi_service.py:150] - [38/200] RSI calculated for 'CGPOWER': 227 records.
[2026-09-04 00:16:50] [INFO] [cnx200_dashboard:repositories.py:442] - Bulk upserted 227 RSI metrics into stock_rsi_metrics.
[2026-09-04 00:16:50] [INFO] [cnx200_dashboard:rsi_service.py:150] - [39/200] RSI calculated for 'CHOLAFIN': 227 records.
[2026-09-04 00:16:50] [INFO] [cnx200_dashboard:repositories.py:442] - Bulk upserted 227 RSI metrics into stock_rsi_metrics.
[2026-09-04 00:16:50] [INFO] [cnx200_dashboard:rsi_service.py:150] - [40/200] RSI calculated for 'CIPLA': 227 records.
[2026-09-04 00:16:51] [INFO] [cnx200_dashboard:repositories.py:442] - Bulk upserted 227 RSI metrics into stock_rsi_metrics.
[2026-09-04 00:16:51] [INFO] [cnx200_dashboard:rsi_service.py:150] - [41/200] RSI calculated for 'COALINDIA': 227 records.
[2026-09-04 00:16:51] [INFO] [cnx200_dashboard:repositories.py:442] - Bulk upserted 227 RSI metrics into stock_rsi_metrics.
[2026-09-04 00:16:51] [INFO] [cnx200_dashboard:rsi_service.py:150] - [42/200] RSI calculated for 'COCHINSHIP': 227 records.
[2026-09-04 00:16:51] [INFO] [cnx200_dashboard:repositories.py:442] - Bulk upserted 227 RSI metrics into stock_rsi_metrics.
[2026-09-04 00:16:51] [INFO] [cnx200_dashboard:rsi_service.py:150] - [43/200] RSI calculated for 'COFORGE': 227 records.
[2026-09-04 00:16:52] [INFO] [cnx200_dashboard:repositories.py:442] - Bulk upserted 227 RSI metrics into stock_rsi_metrics.
[2026-09-04 00:16:52] [INFO] [cnx200_dashboard:rsi_service.py:150] - [44/200] RSI calculated for 'COLPAL': 227 records.
[2026-09-04 00:16:52] [INFO] [cnx200_dashboard:repositories.py:442] - Bulk upserted 227 RSI metrics into stock_rsi_metrics.
[2026-09-04 00:16:52] [INFO] [cnx200_dashboard:rsi_service.py:150] - [45/200] RSI calculated for 'CONCOR': 227 records.
[2026-09-04 00:16:52] [INFO] [cnx200_dashboard:repositories.py:442] - Bulk upserted 227 RSI metrics into stock_rsi_metrics.
[2026-09-04 00:16:52] [INFO] [cnx200_dashboard:rsi_service.py:150] - [46/200] RSI calculated for 'COROMANDEL': 227 records.
[2026-09-04 00:16:52] [INFO] [cnx200_dashboard:repositories.py:442] - Bulk upserted 227 RSI metrics into stock_rsi_metrics.
[2026-09-04 00:16:52] [INFO] [cnx200_dashboard:rsi_service.py:150] - [47/200] RSI calculated for 'CUMMINSIND': 227 records.
[2026-09-04 00:16:53] [INFO] [cnx200_dashboard:repositories.py:442] - Bulk upserted 227 RSI metrics into stock_rsi_metrics.
[2026-09-04 00:16:53] [INFO] [cnx200_dashboard:rsi_service.py:150] - [48/200] RSI calculated for 'DABUR': 227 records.
[2026-09-04 00:16:53] [INFO] [cnx200_dashboard:repositories.py:442] - Bulk upserted 227 RSI metrics into stock_rsi_metrics.
[2026-09-04 00:16:53] [INFO] [cnx200_dashboard:rsi_service.py:150] - [49/200] RSI calculated for 'DIVISLAB': 227 records.
[2026-09-04 00:16:53] [INFO] [cnx200_dashboard:repositories.py:442] - Bulk upserted 227 RSI metrics into stock_rsi_metrics.
[2026-09-04 00:16:53] [INFO] [cnx200_dashboard:rsi_service.py:150] - [50/200] RSI calculated for 'DIXON': 227 records.
[2026-09-04 00:16:53] [INFO] [cnx200_dashboard:repositories.py:442] - Bulk upserted 227 RSI metrics into stock_rsi_metrics.
[2026-09-04 00:16:53] [INFO] [cnx200_dashboard:rsi_service.py:150] - [51/200] RSI calculated for 'DLF': 227 records.
[2026-09-04 00:16:53] [INFO] [cnx200_dashboard:repositories.py:442] - Bulk upserted 227 RSI metrics into stock_rsi_metrics.
[2026-09-04 00:16:53] [INFO] [cnx200_dashboard:rsi_service.py:150] - [52/200] RSI calculated for 'DMART': 227 records.
[2026-09-04 00:16:53] [INFO] [cnx200_dashboard:repositories.py:442] - Bulk upserted 227 RSI metrics into stock_rsi_metrics.
[2026-09-04 00:16:53] [INFO] [cnx200_dashboard:rsi_service.py:150] - [53/200] RSI calculated for 'DRREDDY': 227 records.
[2026-09-04 00:16:53] [INFO] [cnx200_dashboard:repositories.py:442] - Bulk upserted 227 RSI metrics into stock_rsi_metrics.
[2026-09-04 00:16:53] [INFO] [cnx200_dashboard:rsi_service.py:150] - [54/200] RSI calculated for 'EICHERMOT': 227 records.
[2026-09-04 00:16:54] [INFO] [cnx200_dashboard:repositories.py:442] - Bulk upserted 227 RSI metrics into stock_rsi_metrics.
[2026-09-04 00:16:54] [INFO] [cnx200_dashboard:rsi_service.py:150] - [55/200] RSI calculated for 'ENRIN': 227 records.
[2026-09-04 00:16:54] [INFO] [cnx200_dashboard:repositories.py:442] - Bulk upserted 227 RSI metrics into stock_rsi_metrics.
[2026-09-04 00:16:54] [INFO] [cnx200_dashboard:rsi_service.py:150] - [56/200] RSI calculated for 'ETERNAL': 227 records.
[2026-09-04 00:16:54] [INFO] [cnx200_dashboard:repositories.py:442] - Bulk upserted 227 RSI metrics into stock_rsi_metrics.
[2026-09-04 00:16:54] [INFO] [cnx200_dashboard:rsi_service.py:150] - [57/200] RSI calculated for 'EXIDEIND': 227 records.
[2026-09-04 00:16:54] [INFO] [cnx200_dashboard:repositories.py:442] - Bulk upserted 227 RSI metrics into stock_rsi_metrics.
[2026-09-04 00:16:54] [INFO] [cnx200_dashboard:rsi_service.py:150] - [58/200] RSI calculated for 'FEDERALBNK': 227 records.
[2026-09-04 00:16:55] [INFO] [cnx200_dashboard:repositories.py:442] - Bulk upserted 227 RSI metrics into stock_rsi_metrics.
[2026-09-04 00:16:55] [INFO] [cnx200_dashboard:rsi_service.py:150] - [59/200] RSI calculated for 'FORTIS': 227 records.
[2026-09-04 00:16:55] [INFO] [cnx200_dashboard:repositories.py:442] - Bulk upserted 227 RSI metrics into stock_rsi_metrics.
[2026-09-04 00:16:55] [INFO] [cnx200_dashboard:rsi_service.py:150] - [60/200] RSI calculated for 'GAIL': 227 records.
[2026-09-04 00:16:55] [INFO] [cnx200_dashboard:repositories.py:442] - Bulk upserted 227 RSI metrics into stock_rsi_metrics.
[2026-09-04 00:16:55] [INFO] [cnx200_dashboard:rsi_service.py:150] - [61/200] RSI calculated for 'GLENMARK': 227 records.
[2026-09-04 00:16:55] [INFO] [cnx200_dashboard:repositories.py:442] - Bulk upserted 227 RSI metrics into stock_rsi_metrics.
[2026-09-04 00:16:55] [INFO] [cnx200_dashboard:rsi_service.py:150] - [62/200] RSI calculated for 'GMRAIRPORT': 227 records.
[2026-09-04 00:16:56] [INFO] [cnx200_dashboard:repositories.py:442] - Bulk upserted 227 RSI metrics into stock_rsi_metrics.
[2026-09-04 00:16:56] [INFO] [cnx200_dashboard:rsi_service.py:150] - [63/200] RSI calculated for 'GODFRYPHLP': 227 records.
[2026-09-04 00:16:56] [INFO] [cnx200_dashboard:repositories.py:442] - Bulk upserted 227 RSI metrics into stock_rsi_metrics.
[2026-09-04 00:16:56] [INFO] [cnx200_dashboard:rsi_service.py:150] - [64/200] RSI calculated for 'GODREJCP': 227 records.
[2026-09-04 00:16:56] [INFO] [cnx200_dashboard:repositories.py:442] - Bulk upserted 227 RSI metrics into stock_rsi_metrics.
[2026-09-04 00:16:56] [INFO] [cnx200_dashboard:rsi_service.py:150] - [65/200] RSI calculated for 'GODREJPROP': 227 records.
[2026-09-04 00:16:56] [INFO] [cnx200_dashboard:repositories.py:442] - Bulk upserted 227 RSI metrics into stock_rsi_metrics.
[2026-09-04 00:16:56] [INFO] [cnx200_dashboard:rsi_service.py:150] - [66/200] RSI calculated for 'GRASIM': 227 records.
[2026-09-04 00:16:56] [INFO] [cnx200_dashboard:repositories.py:442] - Bulk upserted 180 RSI metrics into stock_rsi_metrics.
[2026-09-04 00:16:56] [INFO] [cnx200_dashboard:rsi_service.py:150] - [67/200] RSI calculated for 'GROWW': 180 records.
[2026-09-04 00:16:57] [INFO] [cnx200_dashboard:repositories.py:442] - Bulk upserted 227 RSI metrics into stock_rsi_metrics.
[2026-09-04 00:16:57] [INFO] [cnx200_dashboard:rsi_service.py:150] - [68/200] RSI calculated for 'GVT&D': 227 records.
[2026-09-04 00:16:57] [INFO] [cnx200_dashboard:repositories.py:442] - Bulk upserted 227 RSI metrics into stock_rsi_metrics.
[2026-09-04 00:16:57] [INFO] [cnx200_dashboard:rsi_service.py:150] - [69/200] RSI calculated for 'HAL': 227 records.
[2026-09-04 00:16:57] [INFO] [cnx200_dashboard:repositories.py:442] - Bulk upserted 227 RSI metrics into stock_rsi_metrics.
[2026-09-04 00:16:57] [INFO] [cnx200_dashboard:rsi_service.py:150] - [70/200] RSI calculated for 'HAVELLS': 227 records.
[2026-09-04 00:16:57] [INFO] [cnx200_dashboard:repositories.py:442] - Bulk upserted 227 RSI metrics into stock_rsi_metrics.
[2026-09-04 00:16:57] [INFO] [cnx200_dashboard:rsi_service.py:150] - [71/200] RSI calculated for 'HCLTECH': 227 records.
[2026-09-04 00:16:58] [INFO] [cnx200_dashboard:repositories.py:442] - Bulk upserted 227 RSI metrics into stock_rsi_metrics.
[2026-09-04 00:16:58] [INFO] [cnx200_dashboard:rsi_service.py:150] - [72/200] RSI calculated for 'HDFCAMC': 227 records.
[2026-09-04 00:16:58] [INFO] [cnx200_dashboard:repositories.py:442] - Bulk upserted 69 RSI metrics into stock_rsi_metrics.
[2026-09-04 00:16:58] [INFO] [cnx200_dashboard:rsi_service.py:150] - [73/200] RSI calculated for 'HDFCBANK': 69 records.
[2026-09-04 00:16:58] [INFO] [cnx200_dashboard:repositories.py:442] - Bulk upserted 227 RSI metrics into stock_rsi_metrics.
[2026-09-04 00:16:58] [INFO] [cnx200_dashboard:rsi_service.py:150] - [74/200] RSI calculated for 'HDFCLIFE': 227 records.
[2026-09-04 00:16:58] [INFO] [cnx200_dashboard:repositories.py:442] - Bulk upserted 227 RSI metrics into stock_rsi_metrics.
[2026-09-04 00:16:58] [INFO] [cnx200_dashboard:rsi_service.py:150] - [75/200] RSI calculated for 'HEROMOTOCO': 227 records.
[2026-09-04 00:16:58] [INFO] [cnx200_dashboard:repositories.py:442] - Bulk upserted 227 RSI metrics into stock_rsi_metrics.
[2026-09-04 00:16:58] [INFO] [cnx200_dashboard:rsi_service.py:150] - [76/200] RSI calculated for 'HINDALCO': 227 records.
[2026-09-04 00:16:59] [INFO] [cnx200_dashboard:repositories.py:442] - Bulk upserted 227 RSI metrics into stock_rsi_metrics.
[2026-09-04 00:16:59] [INFO] [cnx200_dashboard:rsi_service.py:150] - [77/200] RSI calculated for 'HINDPETRO': 227 records.
[2026-09-04 00:16:59] [INFO] [cnx200_dashboard:repositories.py:442] - Bulk upserted 227 RSI metrics into stock_rsi_metrics.
[2026-09-04 00:16:59] [INFO] [cnx200_dashboard:rsi_service.py:150] - [78/200] RSI calculated for 'HINDUNILVR': 227 records.
[2026-09-04 00:16:59] [INFO] [cnx200_dashboard:repositories.py:442] - Bulk upserted 227 RSI metrics into stock_rsi_metrics.
[2026-09-04 00:16:59] [INFO] [cnx200_dashboard:rsi_service.py:150] - [79/200] RSI calculated for 'HINDZINC': 227 records.
[2026-09-04 00:16:59] [INFO] [cnx200_dashboard:repositories.py:442] - Bulk upserted 227 RSI metrics into stock_rsi_metrics.
[2026-09-04 00:16:59] [INFO] [cnx200_dashboard:rsi_service.py:150] - [80/200] RSI calculated for 'HUDCO': 227 records.
[2026-09-04 00:16:59] [INFO] [cnx200_dashboard:repositories.py:442] - Bulk upserted 227 RSI metrics into stock_rsi_metrics.
[2026-09-04 00:16:59] [INFO] [cnx200_dashboard:rsi_service.py:150] - [81/200] RSI calculated for 'HYUNDAI': 227 records.
[2026-09-04 00:17:00] [INFO] [cnx200_dashboard:repositories.py:442] - Bulk upserted 153 RSI metrics into stock_rsi_metrics.
[2026-09-04 00:17:00] [INFO] [cnx200_dashboard:rsi_service.py:150] - [82/200] RSI calculated for 'ICICIAMC': 153 records.
[2026-09-04 00:17:00] [INFO] [cnx200_dashboard:repositories.py:442] - Bulk upserted 227 RSI metrics into stock_rsi_metrics.
[2026-09-04 00:17:00] [INFO] [cnx200_dashboard:rsi_service.py:150] - [83/200] RSI calculated for 'ICICIBANK': 227 records.
[2026-09-04 00:17:00] [INFO] [cnx200_dashboard:repositories.py:442] - Bulk upserted 227 RSI metrics into stock_rsi_metrics.
[2026-09-04 00:17:00] [INFO] [cnx200_dashboard:rsi_service.py:150] - [84/200] RSI calculated for 'ICICIGI': 227 records.
[2026-09-04 00:17:00] [INFO] [cnx200_dashboard:repositories.py:442] - Bulk upserted 227 RSI metrics into stock_rsi_metrics.
[2026-09-04 00:17:00] [INFO] [cnx200_dashboard:rsi_service.py:150] - [85/200] RSI calculated for 'IDEA': 227 records.
[2026-09-04 00:17:00] [INFO] [cnx200_dashboard:repositories.py:442] - Bulk upserted 227 RSI metrics into stock_rsi_metrics.
[2026-09-04 00:17:00] [INFO] [cnx200_dashboard:rsi_service.py:150] - [86/200] RSI calculated for 'IDFCFIRSTB': 227 records.
[2026-09-04 00:17:01] [INFO] [cnx200_dashboard:repositories.py:442] - Bulk upserted 227 RSI metrics into stock_rsi_metrics.
[2026-09-04 00:17:01] [INFO] [cnx200_dashboard:rsi_service.py:150] - [87/200] RSI calculated for 'INDHOTEL': 227 records.
[2026-09-04 00:17:01] [INFO] [cnx200_dashboard:repositories.py:442] - Bulk upserted 227 RSI metrics into stock_rsi_metrics.
[2026-09-04 00:17:01] [INFO] [cnx200_dashboard:rsi_service.py:150] - [88/200] RSI calculated for 'INDIANB': 227 records.
[2026-09-04 00:17:01] [INFO] [cnx200_dashboard:repositories.py:442] - Bulk upserted 227 RSI metrics into stock_rsi_metrics.
[2026-09-04 00:17:01] [INFO] [cnx200_dashboard:rsi_service.py:150] - [89/200] RSI calculated for 'INDIGO': 227 records.
[2026-09-04 00:17:01] [INFO] [cnx200_dashboard:repositories.py:442] - Bulk upserted 227 RSI metrics into stock_rsi_metrics.
[2026-09-04 00:17:01] [INFO] [cnx200_dashboard:rsi_service.py:150] - [90/200] RSI calculated for 'INDUSINDBK': 227 records.
[2026-09-04 00:17:02] [INFO] [cnx200_dashboard:repositories.py:442] - Bulk upserted 227 RSI metrics into stock_rsi_metrics.
[2026-09-04 00:17:02] [INFO] [cnx200_dashboard:rsi_service.py:150] - [91/200] RSI calculated for 'INDUSTOWER': 227 records.
[2026-09-04 00:17:02] [INFO] [cnx200_dashboard:repositories.py:442] - Bulk upserted 394 RSI metrics into stock_rsi_metrics.
[2026-09-04 00:17:02] [INFO] [cnx200_dashboard:rsi_service.py:150] - [92/200] RSI calculated for 'INFY': 394 records.
[2026-09-04 00:17:02] [INFO] [cnx200_dashboard:repositories.py:442] - Bulk upserted 227 RSI metrics into stock_rsi_metrics.
[2026-09-04 00:17:02] [INFO] [cnx200_dashboard:rsi_service.py:150] - [93/200] RSI calculated for 'IOC': 227 records.
[2026-09-04 00:17:02] [INFO] [cnx200_dashboard:repositories.py:442] - Bulk upserted 227 RSI metrics into stock_rsi_metrics.
[2026-09-04 00:17:02] [INFO] [cnx200_dashboard:rsi_service.py:150] - [94/200] RSI calculated for 'IRCTC': 227 records.
[2026-09-04 00:17:03] [INFO] [cnx200_dashboard:repositories.py:442] - Bulk upserted 227 RSI metrics into stock_rsi_metrics.
[2026-09-04 00:17:03] [INFO] [cnx200_dashboard:rsi_service.py:150] - [95/200] RSI calculated for 'IREDA': 227 records.
[2026-09-04 00:17:03] [INFO] [cnx200_dashboard:repositories.py:442] - Bulk upserted 227 RSI metrics into stock_rsi_metrics.
[2026-09-04 00:17:03] [INFO] [cnx200_dashboard:rsi_service.py:150] - [96/200] RSI calculated for 'IRFC': 227 records.
[2026-09-04 00:17:03] [INFO] [cnx200_dashboard:repositories.py:442] - Bulk upserted 227 RSI metrics into stock_rsi_metrics.
[2026-09-04 00:17:03] [INFO] [cnx200_dashboard:rsi_service.py:150] - [97/200] RSI calculated for 'ITC': 227 records.
[2026-09-04 00:17:03] [INFO] [cnx200_dashboard:repositories.py:442] - Bulk upserted 227 RSI metrics into stock_rsi_metrics.
[2026-09-04 00:17:03] [INFO] [cnx200_dashboard:rsi_service.py:150] - [98/200] RSI calculated for 'JINDALSTEL': 227 records.
[2026-09-04 00:17:03] [INFO] [cnx200_dashboard:repositories.py:442] - Bulk upserted 227 RSI metrics into stock_rsi_metrics.
[2026-09-04 00:17:03] [INFO] [cnx200_dashboard:rsi_service.py:150] - [99/200] RSI calculated for 'JIOFIN': 227 records.
[2026-09-04 00:17:04] [INFO] [cnx200_dashboard:repositories.py:442] - Bulk upserted 227 RSI metrics into stock_rsi_metrics.
[2026-09-04 00:17:04] [INFO] [cnx200_dashboard:rsi_service.py:150] - [100/200] RSI calculated for 'JSWENERGY': 227 records.
[2026-09-04 00:17:04] [INFO] [cnx200_dashboard:repositories.py:442] - Bulk upserted 227 RSI metrics into stock_rsi_metrics.
[2026-09-04 00:17:04] [INFO] [cnx200_dashboard:rsi_service.py:150] - [101/200] RSI calculated for 'JSWSTEEL': 227 records.
[2026-09-04 00:17:04] [INFO] [cnx200_dashboard:repositories.py:442] - Bulk upserted 227 RSI metrics into stock_rsi_metrics.
[2026-09-04 00:17:04] [INFO] [cnx200_dashboard:rsi_service.py:150] - [102/200] RSI calculated for 'JUBLFOOD': 227 records.
[2026-09-04 00:17:04] [INFO] [cnx200_dashboard:repositories.py:442] - Bulk upserted 227 RSI metrics into stock_rsi_metrics.
[2026-09-04 00:17:04] [INFO] [cnx200_dashboard:rsi_service.py:150] - [103/200] RSI calculated for 'KALYANKJIL': 227 records.
[2026-09-04 00:17:05] [INFO] [cnx200_dashboard:repositories.py:442] - Bulk upserted 227 RSI metrics into stock_rsi_metrics.
[2026-09-04 00:17:05] [INFO] [cnx200_dashboard:rsi_service.py:150] - [104/200] RSI calculated for 'KEI': 227 records.
[2026-09-04 00:17:05] [INFO] [cnx200_dashboard:repositories.py:442] - Bulk upserted 227 RSI metrics into stock_rsi_metrics.
[2026-09-04 00:17:05] [INFO] [cnx200_dashboard:rsi_service.py:150] - [105/200] RSI calculated for 'KOTAKBANK': 227 records.
[2026-09-04 00:17:05] [INFO] [cnx200_dashboard:repositories.py:442] - Bulk upserted 227 RSI metrics into stock_rsi_metrics.
[2026-09-04 00:17:05] [INFO] [cnx200_dashboard:rsi_service.py:150] - [106/200] RSI calculated for 'KPITTECH': 227 records.
[2026-09-04 00:17:05] [INFO] [cnx200_dashboard:repositories.py:442] - Bulk upserted 227 RSI metrics into stock_rsi_metrics.
[2026-09-04 00:17:05] [INFO] [cnx200_dashboard:rsi_service.py:150] - [107/200] RSI calculated for 'LAURUSLABS': 227 records.
[2026-09-04 00:17:05] [INFO] [cnx200_dashboard:repositories.py:442] - Bulk upserted 182 RSI metrics into stock_rsi_metrics.
[2026-09-04 00:17:05] [INFO] [cnx200_dashboard:rsi_service.py:150] - [108/200] RSI calculated for 'LENSKART': 182 records.
[2026-09-04 00:17:06] [INFO] [cnx200_dashboard:repositories.py:442] - Bulk upserted 199 RSI metrics into stock_rsi_metrics.
[2026-09-04 00:17:06] [INFO] [cnx200_dashboard:rsi_service.py:150] - [109/200] RSI calculated for 'LGEINDIA': 199 records.
[2026-09-04 00:17:06] [INFO] [cnx200_dashboard:repositories.py:442] - Bulk upserted 227 RSI metrics into stock_rsi_metrics.
[2026-09-04 00:17:06] [INFO] [cnx200_dashboard:rsi_service.py:150] - [110/200] RSI calculated for 'LICHSGFIN': 227 records.
[2026-09-04 00:17:06] [INFO] [cnx200_dashboard:repositories.py:442] - Bulk upserted 227 RSI metrics into stock_rsi_metrics.
[2026-09-04 00:17:06] [INFO] [cnx200_dashboard:rsi_service.py:150] - [111/200] RSI calculated for 'LODHA': 227 records.
[2026-09-04 00:17:06] [INFO] [cnx200_dashboard:repositories.py:442] - Bulk upserted 227 RSI metrics into stock_rsi_metrics.
[2026-09-04 00:17:06] [INFO] [cnx200_dashboard:rsi_service.py:150] - [112/200] RSI calculated for 'LT': 227 records.
[2026-09-04 00:17:06] [INFO] [cnx200_dashboard:repositories.py:442] - Bulk upserted 227 RSI metrics into stock_rsi_metrics.
[2026-09-04 00:17:06] [INFO] [cnx200_dashboard:rsi_service.py:150] - [113/200] RSI calculated for 'LTF': 227 records.
[2026-09-04 00:17:07] [INFO] [cnx200_dashboard:repositories.py:442] - Bulk upserted 105 RSI metrics into stock_rsi_metrics.
[2026-09-04 00:17:07] [INFO] [cnx200_dashboard:rsi_service.py:150] - [114/200] RSI calculated for 'LTM': 105 records.
[2026-09-04 00:17:07] [INFO] [cnx200_dashboard:repositories.py:442] - Bulk upserted 227 RSI metrics into stock_rsi_metrics.
[2026-09-04 00:17:07] [INFO] [cnx200_dashboard:rsi_service.py:150] - [115/200] RSI calculated for 'LUPIN': 227 records.
[2026-09-04 00:17:07] [INFO] [cnx200_dashboard:repositories.py:442] - Bulk upserted 227 RSI metrics into stock_rsi_metrics.
[2026-09-04 00:17:07] [INFO] [cnx200_dashboard:rsi_service.py:150] - [116/200] RSI calculated for 'M&M': 227 records.
[2026-09-04 00:17:07] [INFO] [cnx200_dashboard:repositories.py:442] - Bulk upserted 227 RSI metrics into stock_rsi_metrics.
[2026-09-04 00:17:07] [INFO] [cnx200_dashboard:rsi_service.py:150] - [117/200] RSI calculated for 'M&MFIN': 227 records.
[2026-09-04 00:17:07] [INFO] [cnx200_dashboard:repositories.py:442] - Bulk upserted 227 RSI metrics into stock_rsi_metrics.
[2026-09-04 00:17:07] [INFO] [cnx200_dashboard:rsi_service.py:150] - [118/200] RSI calculated for 'MANKIND': 227 records.
[2026-09-04 00:17:08] [INFO] [cnx200_dashboard:repositories.py:442] - Bulk upserted 227 RSI metrics into stock_rsi_metrics.
[2026-09-04 00:17:08] [INFO] [cnx200_dashboard:rsi_service.py:150] - [119/200] RSI calculated for 'MARICO': 227 records.
[2026-09-04 00:17:08] [INFO] [cnx200_dashboard:repositories.py:442] - Bulk upserted 227 RSI metrics into stock_rsi_metrics.
[2026-09-04 00:17:08] [INFO] [cnx200_dashboard:rsi_service.py:150] - [120/200] RSI calculated for 'MARUTI': 227 records.
[2026-09-04 00:17:08] [INFO] [cnx200_dashboard:repositories.py:442] - Bulk upserted 227 RSI metrics into stock_rsi_metrics.
[2026-09-04 00:17:08] [INFO] [cnx200_dashboard:rsi_service.py:150] - [121/200] RSI calculated for 'MAXHEALTH': 227 records.
[2026-09-04 00:17:08] [INFO] [cnx200_dashboard:repositories.py:442] - Bulk upserted 227 RSI metrics into stock_rsi_metrics.
[2026-09-04 00:17:08] [INFO] [cnx200_dashboard:rsi_service.py:150] - [122/200] RSI calculated for 'MAZDOCK': 227 records.
[2026-09-04 00:17:09] [INFO] [cnx200_dashboard:repositories.py:442] - Bulk upserted 227 RSI metrics into stock_rsi_metrics.
[2026-09-04 00:17:09] [INFO] [cnx200_dashboard:rsi_service.py:150] - [123/200] RSI calculated for 'MCX': 227 records.
[2026-09-04 00:17:09] [INFO] [cnx200_dashboard:repositories.py:442] - Bulk upserted 227 RSI metrics into stock_rsi_metrics.
[2026-09-04 00:17:09] [INFO] [cnx200_dashboard:rsi_service.py:150] - [124/200] RSI calculated for 'MFSL': 227 records.
[2026-09-04 00:17:09] [INFO] [cnx200_dashboard:repositories.py:442] - Bulk upserted 227 RSI metrics into stock_rsi_metrics.
[2026-09-04 00:17:09] [INFO] [cnx200_dashboard:rsi_service.py:150] - [125/200] RSI calculated for 'MOTHERSON': 227 records.
[2026-09-04 00:17:09] [INFO] [cnx200_dashboard:repositories.py:442] - Bulk upserted 227 RSI metrics into stock_rsi_metrics.
[2026-09-04 00:17:09] [INFO] [cnx200_dashboard:rsi_service.py:150] - [126/200] RSI calculated for 'MOTILALOFS': 227 records.
[2026-09-04 00:17:09] [INFO] [cnx200_dashboard:repositories.py:442] - Bulk upserted 227 RSI metrics into stock_rsi_metrics.
[2026-09-04 00:17:09] [INFO] [cnx200_dashboard:rsi_service.py:150] - [127/200] RSI calculated for 'MPHASIS': 227 records.
[2026-09-04 00:17:10] [INFO] [cnx200_dashboard:repositories.py:442] - Bulk upserted 227 RSI metrics into stock_rsi_metrics.
[2026-09-04 00:17:10] [INFO] [cnx200_dashboard:rsi_service.py:150] - [128/200] RSI calculated for 'MRF': 227 records.
[2026-09-04 00:17:10] [INFO] [cnx200_dashboard:repositories.py:442] - Bulk upserted 227 RSI metrics into stock_rsi_metrics.
[2026-09-04 00:17:10] [INFO] [cnx200_dashboard:rsi_service.py:150] - [129/200] RSI calculated for 'MUTHOOTFIN': 227 records.
[2026-09-04 00:17:10] [INFO] [cnx200_dashboard:repositories.py:442] - Bulk upserted 227 RSI metrics into stock_rsi_metrics.
[2026-09-04 00:17:10] [INFO] [cnx200_dashboard:rsi_service.py:150] - [130/200] RSI calculated for 'NATIONALUM': 227 records.
[2026-09-04 00:17:10] [INFO] [cnx200_dashboard:repositories.py:442] - Bulk upserted 227 RSI metrics into stock_rsi_metrics.
[2026-09-04 00:17:10] [INFO] [cnx200_dashboard:rsi_service.py:150] - [131/200] RSI calculated for 'NAUKRI': 227 records.
[2026-09-04 00:17:11] [INFO] [cnx200_dashboard:repositories.py:442] - Bulk upserted 227 RSI metrics into stock_rsi_metrics.
[2026-09-04 00:17:11] [INFO] [cnx200_dashboard:rsi_service.py:150] - [132/200] RSI calculated for 'NESTLEIND': 227 records.
[2026-09-04 00:17:11] [INFO] [cnx200_dashboard:repositories.py:442] - Bulk upserted 227 RSI metrics into stock_rsi_metrics.
[2026-09-04 00:17:11] [INFO] [cnx200_dashboard:rsi_service.py:150] - [133/200] RSI calculated for 'NHPC': 227 records.
[2026-09-04 00:17:11] [INFO] [cnx200_dashboard:repositories.py:442] - Bulk upserted 227 RSI metrics into stock_rsi_metrics.
[2026-09-04 00:17:11] [INFO] [cnx200_dashboard:rsi_service.py:150] - [134/200] RSI calculated for 'NMDC': 227 records.
[2026-09-04 00:17:11] [INFO] [cnx200_dashboard:repositories.py:442] - Bulk upserted 227 RSI metrics into stock_rsi_metrics.
[2026-09-04 00:17:11] [INFO] [cnx200_dashboard:rsi_service.py:150] - [135/200] RSI calculated for 'NTPC': 227 records.
[2026-09-04 00:17:11] [INFO] [cnx200_dashboard:repositories.py:442] - Bulk upserted 227 RSI metrics into stock_rsi_metrics.
[2026-09-04 00:17:11] [INFO] [cnx200_dashboard:rsi_service.py:150] - [136/200] RSI calculated for 'NYKAA': 227 records.
[2026-09-04 00:17:12] [INFO] [cnx200_dashboard:repositories.py:442] - Bulk upserted 227 RSI metrics into stock_rsi_metrics.
[2026-09-04 00:17:12] [INFO] [cnx200_dashboard:rsi_service.py:150] - [137/200] RSI calculated for 'OBEROIRLTY': 227 records.
[2026-09-04 00:17:12] [INFO] [cnx200_dashboard:repositories.py:442] - Bulk upserted 227 RSI metrics into stock_rsi_metrics.
[2026-09-04 00:17:12] [INFO] [cnx200_dashboard:rsi_service.py:150] - [138/200] RSI calculated for 'OFSS': 227 records.
[2026-09-04 00:17:12] [INFO] [cnx200_dashboard:repositories.py:442] - Bulk upserted 227 RSI metrics into stock_rsi_metrics.
[2026-09-04 00:17:12] [INFO] [cnx200_dashboard:rsi_service.py:150] - [139/200] RSI calculated for 'OIL': 227 records.
[2026-09-04 00:17:12] [INFO] [cnx200_dashboard:repositories.py:442] - Bulk upserted 227 RSI metrics into stock_rsi_metrics.
[2026-09-04 00:17:12] [INFO] [cnx200_dashboard:rsi_service.py:150] - [140/200] RSI calculated for 'ONGC': 227 records.
[2026-09-04 00:17:12] [INFO] [cnx200_dashboard:repositories.py:442] - Bulk upserted 227 RSI metrics into stock_rsi_metrics.
[2026-09-04 00:17:12] [INFO] [cnx200_dashboard:rsi_service.py:150] - [141/200] RSI calculated for 'PAGEIND': 227 records.
[2026-09-04 00:17:13] [INFO] [cnx200_dashboard:repositories.py:442] - Bulk upserted 227 RSI metrics into stock_rsi_metrics.
[2026-09-04 00:17:13] [INFO] [cnx200_dashboard:rsi_service.py:150] - [142/200] RSI calculated for 'PATANJALI': 227 records.
[2026-09-04 00:17:13] [INFO] [cnx200_dashboard:repositories.py:442] - Bulk upserted 227 RSI metrics into stock_rsi_metrics.
[2026-09-04 00:17:13] [INFO] [cnx200_dashboard:rsi_service.py:150] - [143/200] RSI calculated for 'PAYTM': 227 records.
[2026-09-04 00:17:13] [INFO] [cnx200_dashboard:repositories.py:442] - Bulk upserted 227 RSI metrics into stock_rsi_metrics.
[2026-09-04 00:17:13] [INFO] [cnx200_dashboard:rsi_service.py:150] - [144/200] RSI calculated for 'PERSISTENT': 227 records.
[2026-09-04 00:17:13] [INFO] [cnx200_dashboard:repositories.py:442] - Bulk upserted 227 RSI metrics into stock_rsi_metrics.
[2026-09-04 00:17:13] [INFO] [cnx200_dashboard:rsi_service.py:150] - [145/200] RSI calculated for 'PFC': 227 records.
[2026-09-04 00:17:14] [INFO] [cnx200_dashboard:repositories.py:442] - Bulk upserted 227 RSI metrics into stock_rsi_metrics.
[2026-09-04 00:17:14] [INFO] [cnx200_dashboard:rsi_service.py:150] - [146/200] RSI calculated for 'PHOENIXLTD': 227 records.
[2026-09-04 00:17:14] [INFO] [cnx200_dashboard:repositories.py:442] - Bulk upserted 227 RSI metrics into stock_rsi_metrics.
[2026-09-04 00:17:14] [INFO] [cnx200_dashboard:rsi_service.py:150] - [147/200] RSI calculated for 'PIDILITIND': 227 records.
[2026-09-04 00:17:14] [INFO] [cnx200_dashboard:repositories.py:442] - Bulk upserted 227 RSI metrics into stock_rsi_metrics.
[2026-09-04 00:17:14] [INFO] [cnx200_dashboard:rsi_service.py:150] - [148/200] RSI calculated for 'PIIND': 227 records.
[2026-09-04 00:17:14] [INFO] [cnx200_dashboard:repositories.py:442] - Bulk upserted 227 RSI metrics into stock_rsi_metrics.
[2026-09-04 00:17:14] [INFO] [cnx200_dashboard:rsi_service.py:150] - [149/200] RSI calculated for 'PNB': 227 records.
[2026-09-04 00:17:15] [INFO] [cnx200_dashboard:repositories.py:442] - Bulk upserted 227 RSI metrics into stock_rsi_metrics.
[2026-09-04 00:17:15] [INFO] [cnx200_dashboard:rsi_service.py:150] - [150/200] RSI calculated for 'POLICYBZR': 227 records.
[2026-09-04 00:17:15] [INFO] [cnx200_dashboard:repositories.py:442] - Bulk upserted 227 RSI metrics into stock_rsi_metrics.
[2026-09-04 00:17:15] [INFO] [cnx200_dashboard:rsi_service.py:150] - [151/200] RSI calculated for 'POLYCAB': 227 records.
[2026-09-04 00:17:15] [INFO] [cnx200_dashboard:repositories.py:442] - Bulk upserted 227 RSI metrics into stock_rsi_metrics.
[2026-09-04 00:17:15] [INFO] [cnx200_dashboard:rsi_service.py:150] - [152/200] RSI calculated for 'POWERGRID': 227 records.
[2026-09-04 00:17:15] [INFO] [cnx200_dashboard:repositories.py:442] - Bulk upserted 227 RSI metrics into stock_rsi_metrics.
[2026-09-04 00:17:15] [INFO] [cnx200_dashboard:rsi_service.py:150] - [153/200] RSI calculated for 'POWERINDIA': 227 records.
[2026-09-04 00:17:16] [INFO] [cnx200_dashboard:repositories.py:442] - Bulk upserted 227 RSI metrics into stock_rsi_metrics.
[2026-09-04 00:17:16] [INFO] [cnx200_dashboard:rsi_service.py:150] - [154/200] RSI calculated for 'PREMIERENE': 227 records.
[2026-09-04 00:17:16] [INFO] [cnx200_dashboard:repositories.py:442] - Bulk upserted 227 RSI metrics into stock_rsi_metrics.
[2026-09-04 00:17:16] [INFO] [cnx200_dashboard:rsi_service.py:150] - [155/200] RSI calculated for 'PRESTIGE': 227 records.
[2026-09-04 00:17:16] [INFO] [cnx200_dashboard:repositories.py:442] - Bulk upserted 227 RSI metrics into stock_rsi_metrics.
[2026-09-04 00:17:16] [INFO] [cnx200_dashboard:rsi_service.py:150] - [156/200] RSI calculated for 'RADICO': 227 records.
[2026-09-04 00:17:16] [INFO] [cnx200_dashboard:repositories.py:442] - Bulk upserted 227 RSI metrics into stock_rsi_metrics.
[2026-09-04 00:17:16] [INFO] [cnx200_dashboard:rsi_service.py:150] - [157/200] RSI calculated for 'RECLTD': 227 records.
[2026-09-04 00:17:17] [INFO] [cnx200_dashboard:repositories.py:442] - Bulk upserted 394 RSI metrics into stock_rsi_metrics.
[2026-09-04 00:17:17] [INFO] [cnx200_dashboard:rsi_service.py:150] - [158/200] RSI calculated for 'RELIANCE': 394 records.
[2026-09-04 00:17:17] [INFO] [cnx200_dashboard:repositories.py:442] - Bulk upserted 227 RSI metrics into stock_rsi_metrics.
[2026-09-04 00:17:17] [INFO] [cnx200_dashboard:rsi_service.py:150] - [159/200] RSI calculated for 'RVNL': 227 records.
[2026-09-04 00:17:17] [INFO] [cnx200_dashboard:repositories.py:442] - Bulk upserted 227 RSI metrics into stock_rsi_metrics.
[2026-09-04 00:17:17] [INFO] [cnx200_dashboard:rsi_service.py:150] - [160/200] RSI calculated for 'SAIL': 227 records.
[2026-09-04 00:17:17] [INFO] [cnx200_dashboard:repositories.py:442] - Bulk upserted 227 RSI metrics into stock_rsi_metrics.
[2026-09-04 00:17:17] [INFO] [cnx200_dashboard:rsi_service.py:150] - [161/200] RSI calculated for 'SBICARD': 227 records.
[2026-09-04 00:17:17] [INFO] [cnx200_dashboard:repositories.py:442] - Bulk upserted 227 RSI metrics into stock_rsi_metrics.
[2026-09-04 00:17:17] [INFO] [cnx200_dashboard:rsi_service.py:150] - [162/200] RSI calculated for 'SBILIFE': 227 records.
[2026-09-04 00:17:18] [INFO] [cnx200_dashboard:repositories.py:442] - Bulk upserted 227 RSI metrics into stock_rsi_metrics.
[2026-09-04 00:17:18] [INFO] [cnx200_dashboard:rsi_service.py:150] - [163/200] RSI calculated for 'SBIN': 227 records.
[2026-09-04 00:17:18] [INFO] [cnx200_dashboard:repositories.py:442] - Bulk upserted 227 RSI metrics into stock_rsi_metrics.
[2026-09-04 00:17:18] [INFO] [cnx200_dashboard:rsi_service.py:150] - [164/200] RSI calculated for 'SHREECEM': 227 records.
[2026-09-04 00:17:18] [INFO] [cnx200_dashboard:repositories.py:442] - Bulk upserted 227 RSI metrics into stock_rsi_metrics.
[2026-09-04 00:17:18] [INFO] [cnx200_dashboard:rsi_service.py:150] - [165/200] RSI calculated for 'SHRIRAMFIN': 227 records.
[2026-09-04 00:17:18] [INFO] [cnx200_dashboard:repositories.py:442] - Bulk upserted 227 RSI metrics into stock_rsi_metrics.
[2026-09-04 00:17:18] [INFO] [cnx200_dashboard:rsi_service.py:150] - [166/200] RSI calculated for 'SIEMENS': 227 records.
[2026-09-04 00:17:19] [INFO] [cnx200_dashboard:repositories.py:442] - Bulk upserted 227 RSI metrics into stock_rsi_metrics.
[2026-09-04 00:17:19] [INFO] [cnx200_dashboard:rsi_service.py:150] - [167/200] RSI calculated for 'SOLARINDS': 227 records.
[2026-09-04 00:17:19] [INFO] [cnx200_dashboard:repositories.py:442] - Bulk upserted 227 RSI metrics into stock_rsi_metrics.
[2026-09-04 00:17:19] [INFO] [cnx200_dashboard:rsi_service.py:150] - [168/200] RSI calculated for 'SRF': 227 records.
[2026-09-04 00:17:19] [INFO] [cnx200_dashboard:repositories.py:442] - Bulk upserted 227 RSI metrics into stock_rsi_metrics.
[2026-09-04 00:17:19] [INFO] [cnx200_dashboard:rsi_service.py:150] - [169/200] RSI calculated for 'SUNPHARMA': 227 records.
[2026-09-04 00:17:19] [INFO] [cnx200_dashboard:repositories.py:442] - Bulk upserted 227 RSI metrics into stock_rsi_metrics.
[2026-09-04 00:17:19] [INFO] [cnx200_dashboard:rsi_service.py:150] - [170/200] RSI calculated for 'SUPREMEIND': 227 records.
[2026-09-04 00:17:19] [INFO] [cnx200_dashboard:repositories.py:442] - Bulk upserted 227 RSI metrics into stock_rsi_metrics.
[2026-09-04 00:17:19] [INFO] [cnx200_dashboard:rsi_service.py:150] - [171/200] RSI calculated for 'SUZLON': 227 records.
[2026-09-04 00:17:20] [INFO] [cnx200_dashboard:repositories.py:442] - Bulk upserted 227 RSI metrics into stock_rsi_metrics.
[2026-09-04 00:17:20] [INFO] [cnx200_dashboard:rsi_service.py:150] - [172/200] RSI calculated for 'SWIGGY': 227 records.
[2026-09-04 00:17:20] [INFO] [cnx200_dashboard:repositories.py:442] - Bulk upserted 200 RSI metrics into stock_rsi_metrics.
[2026-09-04 00:17:20] [INFO] [cnx200_dashboard:rsi_service.py:150] - [173/200] RSI calculated for 'TATACAP': 200 records.
[2026-09-04 00:17:20] [INFO] [cnx200_dashboard:repositories.py:442] - Bulk upserted 227 RSI metrics into stock_rsi_metrics.
[2026-09-04 00:17:20] [INFO] [cnx200_dashboard:rsi_service.py:150] - [174/200] RSI calculated for 'TATACOMM': 227 records.
[2026-09-04 00:17:20] [INFO] [cnx200_dashboard:repositories.py:442] - Bulk upserted 227 RSI metrics into stock_rsi_metrics.
[2026-09-04 00:17:20] [INFO] [cnx200_dashboard:rsi_service.py:150] - [175/200] RSI calculated for 'TATACONSUM': 227 records.
[2026-09-04 00:17:20] [INFO] [cnx200_dashboard:repositories.py:442] - Bulk upserted 227 RSI metrics into stock_rsi_metrics.
[2026-09-04 00:17:20] [INFO] [cnx200_dashboard:rsi_service.py:150] - [176/200] RSI calculated for 'TATAELXSI': 227 records.
[2026-09-04 00:17:21] [INFO] [cnx200_dashboard:repositories.py:442] - Bulk upserted 227 RSI metrics into stock_rsi_metrics.
[2026-09-04 00:17:21] [INFO] [cnx200_dashboard:rsi_service.py:150] - [177/200] RSI calculated for 'TATAINVEST': 227 records.
[2026-09-04 00:17:21] [INFO] [cnx200_dashboard:repositories.py:442] - Bulk upserted 227 RSI metrics into stock_rsi_metrics.
[2026-09-04 00:17:21] [INFO] [cnx200_dashboard:rsi_service.py:150] - [178/200] RSI calculated for 'TATAPOWER': 227 records.
[2026-09-04 00:17:21] [INFO] [cnx200_dashboard:repositories.py:442] - Bulk upserted 227 RSI metrics into stock_rsi_metrics.
[2026-09-04 00:17:21] [INFO] [cnx200_dashboard:rsi_service.py:150] - [179/200] RSI calculated for 'TATASTEEL': 227 records.
[2026-09-04 00:17:22] [INFO] [cnx200_dashboard:repositories.py:442] - Bulk upserted 394 RSI metrics into stock_rsi_metrics.
[2026-09-04 00:17:22] [INFO] [cnx200_dashboard:rsi_service.py:150] - [180/200] RSI calculated for 'TCS': 394 records.
[2026-09-04 00:17:22] [INFO] [cnx200_dashboard:repositories.py:442] - Bulk upserted 227 RSI metrics into stock_rsi_metrics.
[2026-09-04 00:17:22] [INFO] [cnx200_dashboard:rsi_service.py:150] - [181/200] RSI calculated for 'TECHM': 227 records.
[2026-09-04 00:17:22] [INFO] [cnx200_dashboard:repositories.py:442] - Bulk upserted 227 RSI metrics into stock_rsi_metrics.
[2026-09-04 00:17:22] [INFO] [cnx200_dashboard:rsi_service.py:150] - [182/200] RSI calculated for 'TIINDIA': 227 records.
[2026-09-04 00:17:22] [INFO] [cnx200_dashboard:repositories.py:442] - Bulk upserted 227 RSI metrics into stock_rsi_metrics.
[2026-09-04 00:17:22] [INFO] [cnx200_dashboard:rsi_service.py:150] - [183/200] RSI calculated for 'TITAN': 227 records.
[2026-09-04 00:17:22] [INFO] [cnx200_dashboard:repositories.py:442] - Bulk upserted 180 RSI metrics into stock_rsi_metrics.
[2026-09-04 00:17:22] [INFO] [cnx200_dashboard:rsi_service.py:150] - [184/200] RSI calculated for 'TMCV': 180 records.
[2026-09-04 00:17:23] [INFO] [cnx200_dashboard:repositories.py:442] - Bulk upserted 192 RSI metrics into stock_rsi_metrics.
[2026-09-04 00:17:23] [INFO] [cnx200_dashboard:rsi_service.py:150] - [185/200] RSI calculated for 'TMPV': 192 records.
[2026-09-04 00:17:23] [INFO] [cnx200_dashboard:repositories.py:442] - Bulk upserted 227 RSI metrics into stock_rsi_metrics.
[2026-09-04 00:17:23] [INFO] [cnx200_dashboard:rsi_service.py:150] - [186/200] RSI calculated for 'TORNTPHARM': 227 records.
[2026-09-04 00:17:23] [INFO] [cnx200_dashboard:repositories.py:442] - Bulk upserted 227 RSI metrics into stock_rsi_metrics.
[2026-09-04 00:17:23] [INFO] [cnx200_dashboard:rsi_service.py:150] - [187/200] RSI calculated for 'TRENT': 227 records.
[2026-09-04 00:17:23] [INFO] [cnx200_dashboard:repositories.py:442] - Bulk upserted 227 RSI metrics into stock_rsi_metrics.
[2026-09-04 00:17:23] [INFO] [cnx200_dashboard:rsi_service.py:150] - [188/200] RSI calculated for 'TVSMOTOR': 227 records.
[2026-09-04 00:17:23] [INFO] [cnx200_dashboard:repositories.py:442] - Bulk upserted 227 RSI metrics into stock_rsi_metrics.
[2026-09-04 00:17:23] [INFO] [cnx200_dashboard:rsi_service.py:150] - [189/200] RSI calculated for 'ULTRACEMCO': 227 records.
[2026-09-04 00:17:24] [INFO] [cnx200_dashboard:repositories.py:442] - Bulk upserted 227 RSI metrics into stock_rsi_metrics.
[2026-09-04 00:17:24] [INFO] [cnx200_dashboard:rsi_service.py:150] - [190/200] RSI calculated for 'UNIONBANK': 227 records.
[2026-09-04 00:17:24] [INFO] [cnx200_dashboard:repositories.py:442] - Bulk upserted 227 RSI metrics into stock_rsi_metrics.
[2026-09-04 00:17:24] [INFO] [cnx200_dashboard:rsi_service.py:150] - [191/200] RSI calculated for 'UNITDSPR': 227 records.
[2026-09-04 00:17:24] [INFO] [cnx200_dashboard:repositories.py:442] - Bulk upserted 227 RSI metrics into stock_rsi_metrics.
[2026-09-04 00:17:24] [INFO] [cnx200_dashboard:rsi_service.py:150] - [192/200] RSI calculated for 'UPL': 227 records.
[2026-09-04 00:17:24] [INFO] [cnx200_dashboard:repositories.py:442] - Bulk upserted 227 RSI metrics into stock_rsi_metrics.
[2026-09-04 00:17:24] [INFO] [cnx200_dashboard:rsi_service.py:150] - [193/200] RSI calculated for 'VBL': 227 records.
[2026-09-04 00:17:25] [INFO] [cnx200_dashboard:repositories.py:442] - Bulk upserted 227 RSI metrics into stock_rsi_metrics.
[2026-09-04 00:17:25] [INFO] [cnx200_dashboard:rsi_service.py:150] - [194/200] RSI calculated for 'VEDL': 227 records.
[2026-09-04 00:17:25] [INFO] [cnx200_dashboard:repositories.py:442] - Bulk upserted 227 RSI metrics into stock_rsi_metrics.
[2026-09-04 00:17:25] [INFO] [cnx200_dashboard:rsi_service.py:150] - [195/200] RSI calculated for 'VMM': 227 records.
[2026-09-04 00:17:25] [INFO] [cnx200_dashboard:repositories.py:442] - Bulk upserted 227 RSI metrics into stock_rsi_metrics.
[2026-09-04 00:17:25] [INFO] [cnx200_dashboard:rsi_service.py:150] - [196/200] RSI calculated for 'VOLTAS': 227 records.
[2026-09-04 00:17:25] [INFO] [cnx200_dashboard:repositories.py:442] - Bulk upserted 227 RSI metrics into stock_rsi_metrics.
[2026-09-04 00:17:25] [INFO] [cnx200_dashboard:rsi_service.py:150] - [197/200] RSI calculated for 'WAAREEENER': 227 records.
[2026-09-04 00:17:25] [INFO] [cnx200_dashboard:repositories.py:442] - Bulk upserted 227 RSI metrics into stock_rsi_metrics.
[2026-09-04 00:17:25] [INFO] [cnx200_dashboard:rsi_service.py:150] - [198/200] RSI calculated for 'WIPRO': 227 records.
[2026-09-04 00:17:26] [INFO] [cnx200_dashboard:repositories.py:442] - Bulk upserted 227 RSI metrics into stock_rsi_metrics.
[2026-09-04 00:17:26] [INFO] [cnx200_dashboard:rsi_service.py:150] - [199/200] RSI calculated for 'YESBANK': 227 records.
[2026-09-04 00:17:26] [INFO] [cnx200_dashboard:repositories.py:442] - Bulk upserted 227 RSI metrics into stock_rsi_metrics.
[2026-09-04 00:17:26] [INFO] [cnx200_dashboard:rsi_service.py:150] - [200/200] RSI calculated for 'ZYDUSLIFE': 227 records.
[2026-09-04 00:17:26] [ERROR] [cnx200_dashboard:connection.py:64] - Database session error. Transaction rolled back: (pymysql.err.ProgrammingError) (1064, "You have an error in your SQL syntax; check the manual that corresponds to your MariaDB server version for the right syntax to use near 'NULLS LAST' at line 4")
[SQL: SELECT stock_master.symbol, stock_master.company_name, stock_rsi_metrics.trade_date, stock_rsi_metrics.rsi_22, stock_rsi_metrics.rsi_44, stock_rsi_metrics.rsi_66, stock_rsi_metrics.average_rsi 
FROM stock_master INNER JOIN stock_rsi_metrics ON stock_master.id = stock_rsi_metrics.stock_id INNER JOIN (SELECT stock_rsi_metrics.stock_id AS stock_id, max(stock_rsi_metrics.trade_date) AS max_date 
FROM stock_rsi_metrics GROUP BY stock_rsi_metrics.stock_id) AS anon_1 ON stock_rsi_metrics.stock_id = anon_1.stock_id AND stock_rsi_metrics.trade_date = anon_1.max_date 
WHERE stock_master.active = true ORDER BY stock_rsi_metrics.average_rsi DESC NULLS LAST]
(Background on this error at: https://sqlalche.me/e/20/f405)
[2026-09-04 00:17:46] [INFO] [cnx200_dashboard:init_db.py:13] - Checking/Creating MySQL Database 'cnx200_rsi_dashboard'...
[2026-09-04 00:17:46] [INFO] [cnx200_dashboard:init_db.py:25] - Database 'cnx200_rsi_dashboard' ensured.
[2026-09-04 00:17:46] [INFO] [cnx200_dashboard:connection.py:34] - SQLAlchemy Database Engine initialized successfully.
[2026-09-04 00:17:46] [INFO] [cnx200_dashboard:init_db.py:31] - Creating tables, foreign keys, and indexes if they do not exist...
[2026-09-04 00:17:46] [INFO] [cnx200_dashboard:init_db.py:34] - All database tables initialized successfully.
[2026-09-04 00:17:46] [INFO] [cnx200_dashboard:excel_report_service.py:40] - Starting NIFTY 200 Excel Report Generation...
[2026-09-04 00:17:46] [INFO] [cnx200_dashboard:excel_report_service.py:49] - Database date is older than today. Checking for new market data from NSE...
[2026-09-04 00:17:46] [INFO] [cnx200_dashboard:repositories.py:297] - Created JobRun 'NIFTY200_MISSING_DATA_RECOVERY' (ID: 18).
[2026-09-04 00:17:47] [INFO] [cnx200_dashboard:ingestion_service.py:186] - No missing trading data detected. Database is fully up to date.
[2026-09-04 00:17:47] [INFO] [cnx200_dashboard:repositories.py:341] - Completed JobRun ID 18 with status 'SUCCESS'.
[2026-09-04 00:17:47] [INFO] [cnx200_dashboard:repositories.py:442] - Bulk upserted 227 RSI metrics into stock_rsi_metrics.
[2026-09-04 00:17:47] [INFO] [cnx200_dashboard:rsi_service.py:150] - [1/200] RSI calculated for '360ONE': 227 records.
[2026-09-04 00:17:48] [INFO] [cnx200_dashboard:repositories.py:442] - Bulk upserted 227 RSI metrics into stock_rsi_metrics.
[2026-09-04 00:17:48] [INFO] [cnx200_dashboard:rsi_service.py:150] - [2/200] RSI calculated for 'ABB': 227 records.
[2026-09-04 00:17:48] [INFO] [cnx200_dashboard:repositories.py:442] - Bulk upserted 227 RSI metrics into stock_rsi_metrics.
[2026-09-04 00:17:48] [INFO] [cnx200_dashboard:rsi_service.py:150] - [3/200] RSI calculated for 'ABCAPITAL': 227 records.
[2026-09-04 00:17:48] [INFO] [cnx200_dashboard:repositories.py:442] - Bulk upserted 227 RSI metrics into stock_rsi_metrics.
[2026-09-04 00:17:48] [INFO] [cnx200_dashboard:rsi_service.py:150] - [4/200] RSI calculated for 'ADANIENSOL': 227 records.
[2026-09-04 00:17:48] [INFO] [cnx200_dashboard:repositories.py:442] - Bulk upserted 227 RSI metrics into stock_rsi_metrics.
[2026-09-04 00:17:48] [INFO] [cnx200_dashboard:rsi_service.py:150] - [5/200] RSI calculated for 'ADANIENT': 227 records.
[2026-09-04 00:17:49] [INFO] [cnx200_dashboard:repositories.py:442] - Bulk upserted 227 RSI metrics into stock_rsi_metrics.
[2026-09-04 00:17:49] [INFO] [cnx200_dashboard:rsi_service.py:150] - [6/200] RSI calculated for 'ADANIGREEN': 227 records.
[2026-09-04 00:17:49] [INFO] [cnx200_dashboard:repositories.py:442] - Bulk upserted 227 RSI metrics into stock_rsi_metrics.
[2026-09-04 00:17:49] [INFO] [cnx200_dashboard:rsi_service.py:150] - [7/200] RSI calculated for 'ADANIPORTS': 227 records.
[2026-09-04 00:17:49] [INFO] [cnx200_dashboard:repositories.py:442] - Bulk upserted 227 RSI metrics into stock_rsi_metrics.
[2026-09-04 00:17:49] [INFO] [cnx200_dashboard:rsi_service.py:150] - [8/200] RSI calculated for 'ADANIPOWER': 227 records.
[2026-09-04 00:17:49] [INFO] [cnx200_dashboard:repositories.py:442] - Bulk upserted 227 RSI metrics into stock_rsi_metrics.
[2026-09-04 00:17:49] [INFO] [cnx200_dashboard:rsi_service.py:150] - [9/200] RSI calculated for 'ALKEM': 227 records.
[2026-09-04 00:17:50] [INFO] [cnx200_dashboard:repositories.py:442] - Bulk upserted 227 RSI metrics into stock_rsi_metrics.
[2026-09-04 00:17:50] [INFO] [cnx200_dashboard:rsi_service.py:150] - [10/200] RSI calculated for 'AMBUJACEM': 227 records.
[2026-09-04 00:17:50] [INFO] [cnx200_dashboard:repositories.py:442] - Bulk upserted 227 RSI metrics into stock_rsi_metrics.
[2026-09-04 00:17:50] [INFO] [cnx200_dashboard:rsi_service.py:150] - [11/200] RSI calculated for 'APLAPOLLO': 227 records.
[2026-09-04 00:17:50] [INFO] [cnx200_dashboard:repositories.py:442] - Bulk upserted 227 RSI metrics into stock_rsi_metrics.
[2026-09-04 00:17:50] [INFO] [cnx200_dashboard:rsi_service.py:150] - [12/200] RSI calculated for 'APOLLOHOSP': 227 records.
[2026-09-04 00:17:51] [INFO] [cnx200_dashboard:repositories.py:442] - Bulk upserted 227 RSI metrics into stock_rsi_metrics.
[2026-09-04 00:17:51] [INFO] [cnx200_dashboard:rsi_service.py:150] - [13/200] RSI calculated for 'ASHOKLEY': 227 records.
[2026-09-04 00:17:51] [INFO] [cnx200_dashboard:repositories.py:442] - Bulk upserted 227 RSI metrics into stock_rsi_metrics.
[2026-09-04 00:17:51] [INFO] [cnx200_dashboard:rsi_service.py:150] - [14/200] RSI calculated for 'ASIANPAINT': 227 records.
[2026-09-04 00:17:51] [INFO] [cnx200_dashboard:repositories.py:442] - Bulk upserted 227 RSI metrics into stock_rsi_metrics.
[2026-09-04 00:17:51] [INFO] [cnx200_dashboard:rsi_service.py:150] - [15/200] RSI calculated for 'ASTRAL': 227 records.
[2026-09-04 00:17:51] [INFO] [cnx200_dashboard:repositories.py:442] - Bulk upserted 227 RSI metrics into stock_rsi_metrics.
[2026-09-04 00:17:51] [INFO] [cnx200_dashboard:rsi_service.py:150] - [16/200] RSI calculated for 'ATGL': 227 records.
[2026-09-04 00:17:52] [INFO] [cnx200_dashboard:repositories.py:442] - Bulk upserted 227 RSI metrics into stock_rsi_metrics.
[2026-09-04 00:17:52] [INFO] [cnx200_dashboard:rsi_service.py:150] - [17/200] RSI calculated for 'AUBANK': 227 records.
[2026-09-04 00:17:52] [INFO] [cnx200_dashboard:repositories.py:442] - Bulk upserted 227 RSI metrics into stock_rsi_metrics.
[2026-09-04 00:17:52] [INFO] [cnx200_dashboard:rsi_service.py:150] - [18/200] RSI calculated for 'AUROPHARMA': 227 records.
[2026-09-04 00:17:52] [INFO] [cnx200_dashboard:repositories.py:442] - Bulk upserted 227 RSI metrics into stock_rsi_metrics.
[2026-09-04 00:17:52] [INFO] [cnx200_dashboard:rsi_service.py:150] - [19/200] RSI calculated for 'AXISBANK': 227 records.
[2026-09-04 00:17:52] [INFO] [cnx200_dashboard:repositories.py:442] - Bulk upserted 227 RSI metrics into stock_rsi_metrics.
[2026-09-04 00:17:52] [INFO] [cnx200_dashboard:rsi_service.py:150] - [20/200] RSI calculated for 'BAJAJ-AUTO': 227 records.
[2026-09-04 00:17:53] [INFO] [cnx200_dashboard:repositories.py:442] - Bulk upserted 227 RSI metrics into stock_rsi_metrics.
[2026-09-04 00:17:53] [INFO] [cnx200_dashboard:rsi_service.py:150] - [21/200] RSI calculated for 'BAJAJFINSV': 227 records.
[2026-09-04 00:17:53] [INFO] [cnx200_dashboard:repositories.py:442] - Bulk upserted 227 RSI metrics into stock_rsi_metrics.
[2026-09-04 00:17:53] [INFO] [cnx200_dashboard:rsi_service.py:150] - [22/200] RSI calculated for 'BAJAJHLDNG': 227 records.
[2026-09-04 00:17:53] [INFO] [cnx200_dashboard:repositories.py:442] - Bulk upserted 227 RSI metrics into stock_rsi_metrics.
[2026-09-04 00:17:53] [INFO] [cnx200_dashboard:rsi_service.py:150] - [23/200] RSI calculated for 'BAJFINANCE': 227 records.
[2026-09-04 00:17:53] [INFO] [cnx200_dashboard:repositories.py:442] - Bulk upserted 227 RSI metrics into stock_rsi_metrics.
[2026-09-04 00:17:53] [INFO] [cnx200_dashboard:rsi_service.py:150] - [24/200] RSI calculated for 'BANKBARODA': 227 records.
[2026-09-04 00:17:54] [INFO] [cnx200_dashboard:repositories.py:442] - Bulk upserted 227 RSI metrics into stock_rsi_metrics.
[2026-09-04 00:17:54] [INFO] [cnx200_dashboard:rsi_service.py:150] - [25/200] RSI calculated for 'BANKINDIA': 227 records.
[2026-09-04 00:17:54] [INFO] [cnx200_dashboard:repositories.py:442] - Bulk upserted 227 RSI metrics into stock_rsi_metrics.
[2026-09-04 00:17:54] [INFO] [cnx200_dashboard:rsi_service.py:150] - [26/200] RSI calculated for 'BDL': 227 records.
[2026-09-04 00:17:54] [INFO] [cnx200_dashboard:repositories.py:442] - Bulk upserted 227 RSI metrics into stock_rsi_metrics.
[2026-09-04 00:17:54] [INFO] [cnx200_dashboard:rsi_service.py:150] - [27/200] RSI calculated for 'BEL': 227 records.
[2026-09-04 00:17:55] [INFO] [cnx200_dashboard:repositories.py:442] - Bulk upserted 227 RSI metrics into stock_rsi_metrics.
[2026-09-04 00:17:55] [INFO] [cnx200_dashboard:rsi_service.py:150] - [28/200] RSI calculated for 'BHARATFORG': 227 records.
[2026-09-04 00:17:55] [INFO] [cnx200_dashboard:repositories.py:442] - Bulk upserted 227 RSI metrics into stock_rsi_metrics.
[2026-09-04 00:17:55] [INFO] [cnx200_dashboard:rsi_service.py:150] - [29/200] RSI calculated for 'BHARTIARTL': 227 records.
[2026-09-04 00:17:55] [INFO] [cnx200_dashboard:repositories.py:442] - Bulk upserted 227 RSI metrics into stock_rsi_metrics.
[2026-09-04 00:17:55] [INFO] [cnx200_dashboard:rsi_service.py:150] - [30/200] RSI calculated for 'BHEL': 227 records.
[2026-09-04 00:17:55] [INFO] [cnx200_dashboard:repositories.py:442] - Bulk upserted 227 RSI metrics into stock_rsi_metrics.
[2026-09-04 00:17:55] [INFO] [cnx200_dashboard:rsi_service.py:150] - [31/200] RSI calculated for 'BIOCON': 227 records.
[2026-09-04 00:17:56] [INFO] [cnx200_dashboard:repositories.py:442] - Bulk upserted 227 RSI metrics into stock_rsi_metrics.
[2026-09-04 00:17:56] [INFO] [cnx200_dashboard:rsi_service.py:150] - [32/200] RSI calculated for 'BLUESTARCO': 227 records.
[2026-09-04 00:17:56] [INFO] [cnx200_dashboard:repositories.py:442] - Bulk upserted 227 RSI metrics into stock_rsi_metrics.
[2026-09-04 00:17:56] [INFO] [cnx200_dashboard:rsi_service.py:150] - [33/200] RSI calculated for 'BOSCHLTD': 227 records.
[2026-09-04 00:17:56] [INFO] [cnx200_dashboard:repositories.py:442] - Bulk upserted 227 RSI metrics into stock_rsi_metrics.
[2026-09-04 00:17:56] [INFO] [cnx200_dashboard:rsi_service.py:150] - [34/200] RSI calculated for 'BPCL': 227 records.
[2026-09-04 00:17:56] [INFO] [cnx200_dashboard:repositories.py:442] - Bulk upserted 227 RSI metrics into stock_rsi_metrics.
[2026-09-04 00:17:56] [INFO] [cnx200_dashboard:rsi_service.py:150] - [35/200] RSI calculated for 'BRITANNIA': 227 records.
[2026-09-04 00:17:57] [INFO] [cnx200_dashboard:repositories.py:442] - Bulk upserted 227 RSI metrics into stock_rsi_metrics.
[2026-09-04 00:17:57] [INFO] [cnx200_dashboard:rsi_service.py:150] - [36/200] RSI calculated for 'BSE': 227 records.
[2026-09-04 00:17:57] [INFO] [cnx200_dashboard:repositories.py:442] - Bulk upserted 227 RSI metrics into stock_rsi_metrics.
[2026-09-04 00:17:57] [INFO] [cnx200_dashboard:rsi_service.py:150] - [37/200] RSI calculated for 'CANBK': 227 records.
[2026-09-04 00:17:57] [INFO] [cnx200_dashboard:repositories.py:442] - Bulk upserted 227 RSI metrics into stock_rsi_metrics.
[2026-09-04 00:17:57] [INFO] [cnx200_dashboard:rsi_service.py:150] - [38/200] RSI calculated for 'CGPOWER': 227 records.
[2026-09-04 00:17:57] [INFO] [cnx200_dashboard:repositories.py:442] - Bulk upserted 227 RSI metrics into stock_rsi_metrics.
[2026-09-04 00:17:57] [INFO] [cnx200_dashboard:rsi_service.py:150] - [39/200] RSI calculated for 'CHOLAFIN': 227 records.
[2026-09-04 00:17:58] [INFO] [cnx200_dashboard:repositories.py:442] - Bulk upserted 227 RSI metrics into stock_rsi_metrics.
[2026-09-04 00:17:58] [INFO] [cnx200_dashboard:rsi_service.py:150] - [40/200] RSI calculated for 'CIPLA': 227 records.
[2026-09-04 00:17:58] [INFO] [cnx200_dashboard:repositories.py:442] - Bulk upserted 227 RSI metrics into stock_rsi_metrics.
[2026-09-04 00:17:58] [INFO] [cnx200_dashboard:rsi_service.py:150] - [41/200] RSI calculated for 'COALINDIA': 227 records.
[2026-09-04 00:17:58] [INFO] [cnx200_dashboard:repositories.py:442] - Bulk upserted 227 RSI metrics into stock_rsi_metrics.
[2026-09-04 00:17:58] [INFO] [cnx200_dashboard:rsi_service.py:150] - [42/200] RSI calculated for 'COCHINSHIP': 227 records.
[2026-09-04 00:17:58] [INFO] [cnx200_dashboard:repositories.py:442] - Bulk upserted 227 RSI metrics into stock_rsi_metrics.
[2026-09-04 00:17:58] [INFO] [cnx200_dashboard:rsi_service.py:150] - [43/200] RSI calculated for 'COFORGE': 227 records.
[2026-09-04 00:17:59] [INFO] [cnx200_dashboard:repositories.py:442] - Bulk upserted 227 RSI metrics into stock_rsi_metrics.
[2026-09-04 00:17:59] [INFO] [cnx200_dashboard:rsi_service.py:150] - [44/200] RSI calculated for 'COLPAL': 227 records.
[2026-09-04 00:17:59] [INFO] [cnx200_dashboard:repositories.py:442] - Bulk upserted 227 RSI metrics into stock_rsi_metrics.
[2026-09-04 00:17:59] [INFO] [cnx200_dashboard:rsi_service.py:150] - [45/200] RSI calculated for 'CONCOR': 227 records.
[2026-09-04 00:17:59] [INFO] [cnx200_dashboard:repositories.py:442] - Bulk upserted 227 RSI metrics into stock_rsi_metrics.
[2026-09-04 00:17:59] [INFO] [cnx200_dashboard:rsi_service.py:150] - [46/200] RSI calculated for 'COROMANDEL': 227 records.
[2026-09-04 00:17:59] [INFO] [cnx200_dashboard:repositories.py:442] - Bulk upserted 227 RSI metrics into stock_rsi_metrics.
[2026-09-04 00:17:59] [INFO] [cnx200_dashboard:rsi_service.py:150] - [47/200] RSI calculated for 'CUMMINSIND': 227 records.
[2026-09-04 00:18:00] [INFO] [cnx200_dashboard:repositories.py:442] - Bulk upserted 227 RSI metrics into stock_rsi_metrics.
[2026-09-04 00:18:00] [INFO] [cnx200_dashboard:rsi_service.py:150] - [48/200] RSI calculated for 'DABUR': 227 records.
[2026-09-04 00:18:00] [INFO] [cnx200_dashboard:repositories.py:442] - Bulk upserted 227 RSI metrics into stock_rsi_metrics.
[2026-09-04 00:18:00] [INFO] [cnx200_dashboard:rsi_service.py:150] - [49/200] RSI calculated for 'DIVISLAB': 227 records.
[2026-09-04 00:18:00] [INFO] [cnx200_dashboard:repositories.py:442] - Bulk upserted 227 RSI metrics into stock_rsi_metrics.
[2026-09-04 00:18:00] [INFO] [cnx200_dashboard:rsi_service.py:150] - [50/200] RSI calculated for 'DIXON': 227 records.
[2026-09-04 00:18:00] [INFO] [cnx200_dashboard:repositories.py:442] - Bulk upserted 227 RSI metrics into stock_rsi_metrics.
[2026-09-04 00:18:00] [INFO] [cnx200_dashboard:rsi_service.py:150] - [51/200] RSI calculated for 'DLF': 227 records.
[2026-09-04 00:18:01] [INFO] [cnx200_dashboard:repositories.py:442] - Bulk upserted 227 RSI metrics into stock_rsi_metrics.
[2026-09-04 00:18:01] [INFO] [cnx200_dashboard:rsi_service.py:150] - [52/200] RSI calculated for 'DMART': 227 records.
[2026-09-04 00:18:01] [INFO] [cnx200_dashboard:repositories.py:442] - Bulk upserted 227 RSI metrics into stock_rsi_metrics.
[2026-09-04 00:18:01] [INFO] [cnx200_dashboard:rsi_service.py:150] - [53/200] RSI calculated for 'DRREDDY': 227 records.
[2026-09-04 00:18:01] [INFO] [cnx200_dashboard:repositories.py:442] - Bulk upserted 227 RSI metrics into stock_rsi_metrics.
[2026-09-04 00:18:01] [INFO] [cnx200_dashboard:rsi_service.py:150] - [54/200] RSI calculated for 'EICHERMOT': 227 records.
[2026-09-04 00:18:02] [INFO] [cnx200_dashboard:repositories.py:442] - Bulk upserted 227 RSI metrics into stock_rsi_metrics.
[2026-09-04 00:18:02] [INFO] [cnx200_dashboard:rsi_service.py:150] - [55/200] RSI calculated for 'ENRIN': 227 records.
[2026-09-04 00:18:02] [INFO] [cnx200_dashboard:repositories.py:442] - Bulk upserted 227 RSI metrics into stock_rsi_metrics.
[2026-09-04 00:18:02] [INFO] [cnx200_dashboard:rsi_service.py:150] - [56/200] RSI calculated for 'ETERNAL': 227 records.
[2026-09-04 00:18:02] [INFO] [cnx200_dashboard:repositories.py:442] - Bulk upserted 227 RSI metrics into stock_rsi_metrics.
[2026-09-04 00:18:02] [INFO] [cnx200_dashboard:rsi_service.py:150] - [57/200] RSI calculated for 'EXIDEIND': 227 records.
[2026-09-04 00:18:02] [INFO] [cnx200_dashboard:repositories.py:442] - Bulk upserted 227 RSI metrics into stock_rsi_metrics.
[2026-09-04 00:18:02] [INFO] [cnx200_dashboard:rsi_service.py:150] - [58/200] RSI calculated for 'FEDERALBNK': 227 records.
[2026-09-04 00:18:03] [INFO] [cnx200_dashboard:repositories.py:442] - Bulk upserted 227 RSI metrics into stock_rsi_metrics.
[2026-09-04 00:18:03] [INFO] [cnx200_dashboard:rsi_service.py:150] - [59/200] RSI calculated for 'FORTIS': 227 records.
[2026-09-04 00:18:03] [INFO] [cnx200_dashboard:repositories.py:442] - Bulk upserted 227 RSI metrics into stock_rsi_metrics.
[2026-09-04 00:18:03] [INFO] [cnx200_dashboard:rsi_service.py:150] - [60/200] RSI calculated for 'GAIL': 227 records.
[2026-09-04 00:18:03] [INFO] [cnx200_dashboard:repositories.py:442] - Bulk upserted 227 RSI metrics into stock_rsi_metrics.
[2026-09-04 00:18:03] [INFO] [cnx200_dashboard:rsi_service.py:150] - [61/200] RSI calculated for 'GLENMARK': 227 records.
[2026-09-04 00:18:03] [INFO] [cnx200_dashboard:repositories.py:442] - Bulk upserted 227 RSI metrics into stock_rsi_metrics.
[2026-09-04 00:18:03] [INFO] [cnx200_dashboard:rsi_service.py:150] - [62/200] RSI calculated for 'GMRAIRPORT': 227 records.
[2026-09-04 00:18:03] [INFO] [cnx200_dashboard:repositories.py:442] - Bulk upserted 227 RSI metrics into stock_rsi_metrics.
[2026-09-04 00:18:03] [INFO] [cnx200_dashboard:rsi_service.py:150] - [63/200] RSI calculated for 'GODFRYPHLP': 227 records.
[2026-09-04 00:18:04] [INFO] [cnx200_dashboard:repositories.py:442] - Bulk upserted 227 RSI metrics into stock_rsi_metrics.
[2026-09-04 00:18:04] [INFO] [cnx200_dashboard:rsi_service.py:150] - [64/200] RSI calculated for 'GODREJCP': 227 records.
[2026-09-04 00:18:04] [INFO] [cnx200_dashboard:repositories.py:442] - Bulk upserted 227 RSI metrics into stock_rsi_metrics.
[2026-09-04 00:18:04] [INFO] [cnx200_dashboard:rsi_service.py:150] - [65/200] RSI calculated for 'GODREJPROP': 227 records.
[2026-09-04 00:18:04] [INFO] [cnx200_dashboard:repositories.py:442] - Bulk upserted 227 RSI metrics into stock_rsi_metrics.
[2026-09-04 00:18:04] [INFO] [cnx200_dashboard:rsi_service.py:150] - [66/200] RSI calculated for 'GRASIM': 227 records.
[2026-09-04 00:18:04] [INFO] [cnx200_dashboard:repositories.py:442] - Bulk upserted 180 RSI metrics into stock_rsi_metrics.
[2026-09-04 00:18:04] [INFO] [cnx200_dashboard:rsi_service.py:150] - [67/200] RSI calculated for 'GROWW': 180 records.
[2026-09-04 00:18:05] [INFO] [cnx200_dashboard:repositories.py:442] - Bulk upserted 227 RSI metrics into stock_rsi_metrics.
[2026-09-04 00:18:05] [INFO] [cnx200_dashboard:rsi_service.py:150] - [68/200] RSI calculated for 'GVT&D': 227 records.
[2026-09-04 00:18:05] [INFO] [cnx200_dashboard:repositories.py:442] - Bulk upserted 227 RSI metrics into stock_rsi_metrics.
[2026-09-04 00:18:05] [INFO] [cnx200_dashboard:rsi_service.py:150] - [69/200] RSI calculated for 'HAL': 227 records.
[2026-09-04 00:18:05] [INFO] [cnx200_dashboard:repositories.py:442] - Bulk upserted 227 RSI metrics into stock_rsi_metrics.
[2026-09-04 00:18:05] [INFO] [cnx200_dashboard:rsi_service.py:150] - [70/200] RSI calculated for 'HAVELLS': 227 records.
[2026-09-04 00:18:05] [INFO] [cnx200_dashboard:repositories.py:442] - Bulk upserted 227 RSI metrics into stock_rsi_metrics.
[2026-09-04 00:18:05] [INFO] [cnx200_dashboard:rsi_service.py:150] - [71/200] RSI calculated for 'HCLTECH': 227 records.
[2026-09-04 00:18:05] [INFO] [cnx200_dashboard:repositories.py:442] - Bulk upserted 227 RSI metrics into stock_rsi_metrics.
[2026-09-04 00:18:05] [INFO] [cnx200_dashboard:rsi_service.py:150] - [72/200] RSI calculated for 'HDFCAMC': 227 records.
[2026-09-04 00:18:05] [INFO] [cnx200_dashboard:repositories.py:442] - Bulk upserted 69 RSI metrics into stock_rsi_metrics.
[2026-09-04 00:18:05] [INFO] [cnx200_dashboard:rsi_service.py:150] - [73/200] RSI calculated for 'HDFCBANK': 69 records.
[2026-09-04 00:18:06] [INFO] [cnx200_dashboard:repositories.py:442] - Bulk upserted 227 RSI metrics into stock_rsi_metrics.
[2026-09-04 00:18:06] [INFO] [cnx200_dashboard:rsi_service.py:150] - [74/200] RSI calculated for 'HDFCLIFE': 227 records.
[2026-09-04 00:18:06] [INFO] [cnx200_dashboard:repositories.py:442] - Bulk upserted 227 RSI metrics into stock_rsi_metrics.
[2026-09-04 00:18:06] [INFO] [cnx200_dashboard:rsi_service.py:150] - [75/200] RSI calculated for 'HEROMOTOCO': 227 records.
[2026-09-04 00:18:06] [INFO] [cnx200_dashboard:repositories.py:442] - Bulk upserted 227 RSI metrics into stock_rsi_metrics.
[2026-09-04 00:18:06] [INFO] [cnx200_dashboard:rsi_service.py:150] - [76/200] RSI calculated for 'HINDALCO': 227 records.
[2026-09-04 00:18:06] [INFO] [cnx200_dashboard:repositories.py:442] - Bulk upserted 227 RSI metrics into stock_rsi_metrics.
[2026-09-04 00:18:06] [INFO] [cnx200_dashboard:rsi_service.py:150] - [77/200] RSI calculated for 'HINDPETRO': 227 records.
[2026-09-04 00:18:06] [INFO] [cnx200_dashboard:repositories.py:442] - Bulk upserted 227 RSI metrics into stock_rsi_metrics.
[2026-09-04 00:18:06] [INFO] [cnx200_dashboard:rsi_service.py:150] - [78/200] RSI calculated for 'HINDUNILVR': 227 records.
[2026-09-04 00:18:07] [INFO] [cnx200_dashboard:repositories.py:442] - Bulk upserted 227 RSI metrics into stock_rsi_metrics.
[2026-09-04 00:18:07] [INFO] [cnx200_dashboard:rsi_service.py:150] - [79/200] RSI calculated for 'HINDZINC': 227 records.
[2026-09-04 00:18:07] [INFO] [cnx200_dashboard:repositories.py:442] - Bulk upserted 227 RSI metrics into stock_rsi_metrics.
[2026-09-04 00:18:07] [INFO] [cnx200_dashboard:rsi_service.py:150] - [80/200] RSI calculated for 'HUDCO': 227 records.
[2026-09-04 00:18:07] [INFO] [cnx200_dashboard:repositories.py:442] - Bulk upserted 227 RSI metrics into stock_rsi_metrics.
[2026-09-04 00:18:07] [INFO] [cnx200_dashboard:rsi_service.py:150] - [81/200] RSI calculated for 'HYUNDAI': 227 records.
[2026-09-04 00:18:07] [INFO] [cnx200_dashboard:repositories.py:442] - Bulk upserted 153 RSI metrics into stock_rsi_metrics.
[2026-09-04 00:18:07] [INFO] [cnx200_dashboard:rsi_service.py:150] - [82/200] RSI calculated for 'ICICIAMC': 153 records.
[2026-09-04 00:18:08] [INFO] [cnx200_dashboard:repositories.py:442] - Bulk upserted 227 RSI metrics into stock_rsi_metrics.
[2026-09-04 00:18:08] [INFO] [cnx200_dashboard:rsi_service.py:150] - [83/200] RSI calculated for 'ICICIBANK': 227 records.
[2026-09-04 00:18:08] [INFO] [cnx200_dashboard:repositories.py:442] - Bulk upserted 227 RSI metrics into stock_rsi_metrics.
[2026-09-04 00:18:08] [INFO] [cnx200_dashboard:rsi_service.py:150] - [84/200] RSI calculated for 'ICICIGI': 227 records.
[2026-09-04 00:18:08] [INFO] [cnx200_dashboard:repositories.py:442] - Bulk upserted 227 RSI metrics into stock_rsi_metrics.
[2026-09-04 00:18:08] [INFO] [cnx200_dashboard:rsi_service.py:150] - [85/200] RSI calculated for 'IDEA': 227 records.
[2026-09-04 00:18:08] [INFO] [cnx200_dashboard:repositories.py:442] - Bulk upserted 227 RSI metrics into stock_rsi_metrics.
[2026-09-04 00:18:08] [INFO] [cnx200_dashboard:rsi_service.py:150] - [86/200] RSI calculated for 'IDFCFIRSTB': 227 records.
[2026-09-04 00:18:08] [INFO] [cnx200_dashboard:repositories.py:442] - Bulk upserted 227 RSI metrics into stock_rsi_metrics.
[2026-09-04 00:18:08] [INFO] [cnx200_dashboard:rsi_service.py:150] - [87/200] RSI calculated for 'INDHOTEL': 227 records.
[2026-09-04 00:18:09] [INFO] [cnx200_dashboard:repositories.py:442] - Bulk upserted 227 RSI metrics into stock_rsi_metrics.
[2026-09-04 00:18:09] [INFO] [cnx200_dashboard:rsi_service.py:150] - [88/200] RSI calculated for 'INDIANB': 227 records.
[2026-09-04 00:18:09] [INFO] [cnx200_dashboard:repositories.py:442] - Bulk upserted 227 RSI metrics into stock_rsi_metrics.
[2026-09-04 00:18:09] [INFO] [cnx200_dashboard:rsi_service.py:150] - [89/200] RSI calculated for 'INDIGO': 227 records.
[2026-09-04 00:18:09] [INFO] [cnx200_dashboard:repositories.py:442] - Bulk upserted 227 RSI metrics into stock_rsi_metrics.
[2026-09-04 00:18:09] [INFO] [cnx200_dashboard:rsi_service.py:150] - [90/200] RSI calculated for 'INDUSINDBK': 227 records.
[2026-09-04 00:18:09] [INFO] [cnx200_dashboard:repositories.py:442] - Bulk upserted 227 RSI metrics into stock_rsi_metrics.
[2026-09-04 00:18:09] [INFO] [cnx200_dashboard:rsi_service.py:150] - [91/200] RSI calculated for 'INDUSTOWER': 227 records.
[2026-09-04 00:18:10] [INFO] [cnx200_dashboard:repositories.py:442] - Bulk upserted 394 RSI metrics into stock_rsi_metrics.
[2026-09-04 00:18:10] [INFO] [cnx200_dashboard:rsi_service.py:150] - [92/200] RSI calculated for 'INFY': 394 records.
[2026-09-04 00:18:10] [INFO] [cnx200_dashboard:repositories.py:442] - Bulk upserted 227 RSI metrics into stock_rsi_metrics.
[2026-09-04 00:18:10] [INFO] [cnx200_dashboard:rsi_service.py:150] - [93/200] RSI calculated for 'IOC': 227 records.
[2026-09-04 00:18:10] [INFO] [cnx200_dashboard:repositories.py:442] - Bulk upserted 227 RSI metrics into stock_rsi_metrics.
[2026-09-04 00:18:10] [INFO] [cnx200_dashboard:rsi_service.py:150] - [94/200] RSI calculated for 'IRCTC': 227 records.
[2026-09-04 00:18:10] [INFO] [cnx200_dashboard:repositories.py:442] - Bulk upserted 227 RSI metrics into stock_rsi_metrics.
[2026-09-04 00:18:10] [INFO] [cnx200_dashboard:rsi_service.py:150] - [95/200] RSI calculated for 'IREDA': 227 records.
[2026-09-04 00:18:11] [INFO] [cnx200_dashboard:repositories.py:442] - Bulk upserted 227 RSI metrics into stock_rsi_metrics.
[2026-09-04 00:18:11] [INFO] [cnx200_dashboard:rsi_service.py:150] - [96/200] RSI calculated for 'IRFC': 227 records.
[2026-09-04 00:18:11] [INFO] [cnx200_dashboard:repositories.py:442] - Bulk upserted 227 RSI metrics into stock_rsi_metrics.
[2026-09-04 00:18:11] [INFO] [cnx200_dashboard:rsi_service.py:150] - [97/200] RSI calculated for 'ITC': 227 records.
[2026-09-04 00:18:11] [INFO] [cnx200_dashboard:repositories.py:442] - Bulk upserted 227 RSI metrics into stock_rsi_metrics.
[2026-09-04 00:18:11] [INFO] [cnx200_dashboard:rsi_service.py:150] - [98/200] RSI calculated for 'JINDALSTEL': 227 records.
[2026-09-04 00:18:11] [INFO] [cnx200_dashboard:repositories.py:442] - Bulk upserted 227 RSI metrics into stock_rsi_metrics.
[2026-09-04 00:18:11] [INFO] [cnx200_dashboard:rsi_service.py:150] - [99/200] RSI calculated for 'JIOFIN': 227 records.
[2026-09-04 00:18:12] [INFO] [cnx200_dashboard:repositories.py:442] - Bulk upserted 227 RSI metrics into stock_rsi_metrics.
[2026-09-04 00:18:12] [INFO] [cnx200_dashboard:rsi_service.py:150] - [100/200] RSI calculated for 'JSWENERGY': 227 records.
[2026-09-04 00:18:12] [INFO] [cnx200_dashboard:repositories.py:442] - Bulk upserted 227 RSI metrics into stock_rsi_metrics.
[2026-09-04 00:18:12] [INFO] [cnx200_dashboard:rsi_service.py:150] - [101/200] RSI calculated for 'JSWSTEEL': 227 records.
[2026-09-04 00:18:12] [INFO] [cnx200_dashboard:repositories.py:442] - Bulk upserted 227 RSI metrics into stock_rsi_metrics.
[2026-09-04 00:18:12] [INFO] [cnx200_dashboard:rsi_service.py:150] - [102/200] RSI calculated for 'JUBLFOOD': 227 records.
[2026-09-04 00:18:12] [INFO] [cnx200_dashboard:repositories.py:442] - Bulk upserted 227 RSI metrics into stock_rsi_metrics.
[2026-09-04 00:18:12] [INFO] [cnx200_dashboard:rsi_service.py:150] - [103/200] RSI calculated for 'KALYANKJIL': 227 records.
[2026-09-04 00:18:13] [INFO] [cnx200_dashboard:repositories.py:442] - Bulk upserted 227 RSI metrics into stock_rsi_metrics.
[2026-09-04 00:18:13] [INFO] [cnx200_dashboard:rsi_service.py:150] - [104/200] RSI calculated for 'KEI': 227 records.
[2026-09-04 00:18:13] [INFO] [cnx200_dashboard:repositories.py:442] - Bulk upserted 227 RSI metrics into stock_rsi_metrics.
[2026-09-04 00:18:13] [INFO] [cnx200_dashboard:rsi_service.py:150] - [105/200] RSI calculated for 'KOTAKBANK': 227 records.
[2026-09-04 00:18:13] [INFO] [cnx200_dashboard:repositories.py:442] - Bulk upserted 227 RSI metrics into stock_rsi_metrics.
[2026-09-04 00:18:13] [INFO] [cnx200_dashboard:rsi_service.py:150] - [106/200] RSI calculated for 'KPITTECH': 227 records.
[2026-09-04 00:18:13] [INFO] [cnx200_dashboard:repositories.py:442] - Bulk upserted 227 RSI metrics into stock_rsi_metrics.
[2026-09-04 00:18:13] [INFO] [cnx200_dashboard:rsi_service.py:150] - [107/200] RSI calculated for 'LAURUSLABS': 227 records.
[2026-09-04 00:18:13] [INFO] [cnx200_dashboard:repositories.py:442] - Bulk upserted 182 RSI metrics into stock_rsi_metrics.
[2026-09-04 00:18:13] [INFO] [cnx200_dashboard:rsi_service.py:150] - [108/200] RSI calculated for 'LENSKART': 182 records.
[2026-09-04 00:18:14] [INFO] [cnx200_dashboard:repositories.py:442] - Bulk upserted 199 RSI metrics into stock_rsi_metrics.
[2026-09-04 00:18:14] [INFO] [cnx200_dashboard:rsi_service.py:150] - [109/200] RSI calculated for 'LGEINDIA': 199 records.
[2026-09-04 00:18:14] [INFO] [cnx200_dashboard:repositories.py:442] - Bulk upserted 227 RSI metrics into stock_rsi_metrics.
[2026-09-04 00:18:14] [INFO] [cnx200_dashboard:rsi_service.py:150] - [110/200] RSI calculated for 'LICHSGFIN': 227 records.
[2026-09-04 00:18:14] [INFO] [cnx200_dashboard:repositories.py:442] - Bulk upserted 227 RSI metrics into stock_rsi_metrics.
[2026-09-04 00:18:14] [INFO] [cnx200_dashboard:rsi_service.py:150] - [111/200] RSI calculated for 'LODHA': 227 records.
[2026-09-04 00:18:14] [INFO] [cnx200_dashboard:repositories.py:442] - Bulk upserted 227 RSI metrics into stock_rsi_metrics.
[2026-09-04 00:18:14] [INFO] [cnx200_dashboard:rsi_service.py:150] - [112/200] RSI calculated for 'LT': 227 records.
[2026-09-04 00:18:14] [INFO] [cnx200_dashboard:repositories.py:442] - Bulk upserted 227 RSI metrics into stock_rsi_metrics.
[2026-09-04 00:18:14] [INFO] [cnx200_dashboard:rsi_service.py:150] - [113/200] RSI calculated for 'LTF': 227 records.
[2026-09-04 00:18:15] [INFO] [cnx200_dashboard:repositories.py:442] - Bulk upserted 105 RSI metrics into stock_rsi_metrics.
[2026-09-04 00:18:15] [INFO] [cnx200_dashboard:rsi_service.py:150] - [114/200] RSI calculated for 'LTM': 105 records.
[2026-09-04 00:18:15] [INFO] [cnx200_dashboard:repositories.py:442] - Bulk upserted 227 RSI metrics into stock_rsi_metrics.
[2026-09-04 00:18:15] [INFO] [cnx200_dashboard:rsi_service.py:150] - [115/200] RSI calculated for 'LUPIN': 227 records.
[2026-09-04 00:18:15] [INFO] [cnx200_dashboard:repositories.py:442] - Bulk upserted 227 RSI metrics into stock_rsi_metrics.
[2026-09-04 00:18:15] [INFO] [cnx200_dashboard:rsi_service.py:150] - [116/200] RSI calculated for 'M&M': 227 records.
[2026-09-04 00:18:15] [INFO] [cnx200_dashboard:repositories.py:442] - Bulk upserted 227 RSI metrics into stock_rsi_metrics.
[2026-09-04 00:18:15] [INFO] [cnx200_dashboard:rsi_service.py:150] - [117/200] RSI calculated for 'M&MFIN': 227 records.
[2026-09-04 00:18:16] [INFO] [cnx200_dashboard:repositories.py:442] - Bulk upserted 227 RSI metrics into stock_rsi_metrics.
[2026-09-04 00:18:16] [INFO] [cnx200_dashboard:rsi_service.py:150] - [118/200] RSI calculated for 'MANKIND': 227 records.
[2026-09-04 00:18:16] [INFO] [cnx200_dashboard:repositories.py:442] - Bulk upserted 227 RSI metrics into stock_rsi_metrics.
[2026-09-04 00:18:16] [INFO] [cnx200_dashboard:rsi_service.py:150] - [119/200] RSI calculated for 'MARICO': 227 records.
[2026-09-04 00:18:16] [INFO] [cnx200_dashboard:repositories.py:442] - Bulk upserted 227 RSI metrics into stock_rsi_metrics.
[2026-09-04 00:18:16] [INFO] [cnx200_dashboard:rsi_service.py:150] - [120/200] RSI calculated for 'MARUTI': 227 records.
[2026-09-04 00:18:16] [INFO] [cnx200_dashboard:repositories.py:442] - Bulk upserted 227 RSI metrics into stock_rsi_metrics.
[2026-09-04 00:18:16] [INFO] [cnx200_dashboard:rsi_service.py:150] - [121/200] RSI calculated for 'MAXHEALTH': 227 records.
[2026-09-04 00:18:16] [INFO] [cnx200_dashboard:repositories.py:442] - Bulk upserted 227 RSI metrics into stock_rsi_metrics.
[2026-09-04 00:18:16] [INFO] [cnx200_dashboard:rsi_service.py:150] - [122/200] RSI calculated for 'MAZDOCK': 227 records.
[2026-09-04 00:18:17] [INFO] [cnx200_dashboard:repositories.py:442] - Bulk upserted 227 RSI metrics into stock_rsi_metrics.
[2026-09-04 00:18:17] [INFO] [cnx200_dashboard:rsi_service.py:150] - [123/200] RSI calculated for 'MCX': 227 records.
[2026-09-04 00:18:17] [INFO] [cnx200_dashboard:repositories.py:442] - Bulk upserted 227 RSI metrics into stock_rsi_metrics.
[2026-09-04 00:18:17] [INFO] [cnx200_dashboard:rsi_service.py:150] - [124/200] RSI calculated for 'MFSL': 227 records.
[2026-09-04 00:18:17] [INFO] [cnx200_dashboard:repositories.py:442] - Bulk upserted 227 RSI metrics into stock_rsi_metrics.
[2026-09-04 00:18:17] [INFO] [cnx200_dashboard:rsi_service.py:150] - [125/200] RSI calculated for 'MOTHERSON': 227 records.
[2026-09-04 00:18:17] [INFO] [cnx200_dashboard:repositories.py:442] - Bulk upserted 227 RSI metrics into stock_rsi_metrics.
[2026-09-04 00:18:17] [INFO] [cnx200_dashboard:rsi_service.py:150] - [126/200] RSI calculated for 'MOTILALOFS': 227 records.
[2026-09-04 00:18:17] [INFO] [cnx200_dashboard:repositories.py:442] - Bulk upserted 227 RSI metrics into stock_rsi_metrics.
[2026-09-04 00:18:18] [INFO] [cnx200_dashboard:rsi_service.py:150] - [127/200] RSI calculated for 'MPHASIS': 227 records.
[2026-09-04 00:18:18] [INFO] [cnx200_dashboard:repositories.py:442] - Bulk upserted 227 RSI metrics into stock_rsi_metrics.
[2026-09-04 00:18:18] [INFO] [cnx200_dashboard:rsi_service.py:150] - [128/200] RSI calculated for 'MRF': 227 records.
[2026-09-04 00:18:18] [INFO] [cnx200_dashboard:repositories.py:442] - Bulk upserted 227 RSI metrics into stock_rsi_metrics.
[2026-09-04 00:18:18] [INFO] [cnx200_dashboard:rsi_service.py:150] - [129/200] RSI calculated for 'MUTHOOTFIN': 227 records.
[2026-09-04 00:18:18] [INFO] [cnx200_dashboard:repositories.py:442] - Bulk upserted 227 RSI metrics into stock_rsi_metrics.
[2026-09-04 00:18:18] [INFO] [cnx200_dashboard:rsi_service.py:150] - [130/200] RSI calculated for 'NATIONALUM': 227 records.
[2026-09-04 00:18:18] [INFO] [cnx200_dashboard:repositories.py:442] - Bulk upserted 227 RSI metrics into stock_rsi_metrics.
[2026-09-04 00:18:18] [INFO] [cnx200_dashboard:rsi_service.py:150] - [131/200] RSI calculated for 'NAUKRI': 227 records.
[2026-09-04 00:18:19] [INFO] [cnx200_dashboard:repositories.py:442] - Bulk upserted 227 RSI metrics into stock_rsi_metrics.
[2026-09-04 00:18:19] [INFO] [cnx200_dashboard:rsi_service.py:150] - [132/200] RSI calculated for 'NESTLEIND': 227 records.
[2026-09-04 00:18:19] [INFO] [cnx200_dashboard:repositories.py:442] - Bulk upserted 227 RSI metrics into stock_rsi_metrics.
[2026-09-04 00:18:19] [INFO] [cnx200_dashboard:rsi_service.py:150] - [133/200] RSI calculated for 'NHPC': 227 records.
[2026-09-04 00:18:19] [INFO] [cnx200_dashboard:repositories.py:442] - Bulk upserted 227 RSI metrics into stock_rsi_metrics.
[2026-09-04 00:18:19] [INFO] [cnx200_dashboard:rsi_service.py:150] - [134/200] RSI calculated for 'NMDC': 227 records.
[2026-09-04 00:18:19] [INFO] [cnx200_dashboard:repositories.py:442] - Bulk upserted 227 RSI metrics into stock_rsi_metrics.
[2026-09-04 00:18:19] [INFO] [cnx200_dashboard:rsi_service.py:150] - [135/200] RSI calculated for 'NTPC': 227 records.
[2026-09-04 00:18:20] [INFO] [cnx200_dashboard:repositories.py:442] - Bulk upserted 227 RSI metrics into stock_rsi_metrics.
[2026-09-04 00:18:20] [INFO] [cnx200_dashboard:rsi_service.py:150] - [136/200] RSI calculated for 'NYKAA': 227 records.
[2026-09-04 00:18:20] [INFO] [cnx200_dashboard:repositories.py:442] - Bulk upserted 227 RSI metrics into stock_rsi_metrics.
[2026-09-04 00:18:20] [INFO] [cnx200_dashboard:rsi_service.py:150] - [137/200] RSI calculated for 'OBEROIRLTY': 227 records.
[2026-09-04 00:18:20] [INFO] [cnx200_dashboard:repositories.py:442] - Bulk upserted 227 RSI metrics into stock_rsi_metrics.
[2026-09-04 00:18:20] [INFO] [cnx200_dashboard:rsi_service.py:150] - [138/200] RSI calculated for 'OFSS': 227 records.
[2026-09-04 00:18:20] [INFO] [cnx200_dashboard:repositories.py:442] - Bulk upserted 227 RSI metrics into stock_rsi_metrics.
[2026-09-04 00:18:20] [INFO] [cnx200_dashboard:rsi_service.py:150] - [139/200] RSI calculated for 'OIL': 227 records.
[2026-09-04 00:18:21] [INFO] [cnx200_dashboard:repositories.py:442] - Bulk upserted 227 RSI metrics into stock_rsi_metrics.
[2026-09-04 00:18:21] [INFO] [cnx200_dashboard:rsi_service.py:150] - [140/200] RSI calculated for 'ONGC': 227 records.
[2026-09-04 00:18:21] [INFO] [cnx200_dashboard:repositories.py:442] - Bulk upserted 227 RSI metrics into stock_rsi_metrics.
[2026-09-04 00:18:21] [INFO] [cnx200_dashboard:rsi_service.py:150] - [141/200] RSI calculated for 'PAGEIND': 227 records.
[2026-09-04 00:18:21] [INFO] [cnx200_dashboard:repositories.py:442] - Bulk upserted 227 RSI metrics into stock_rsi_metrics.
[2026-09-04 00:18:21] [INFO] [cnx200_dashboard:rsi_service.py:150] - [142/200] RSI calculated for 'PATANJALI': 227 records.
[2026-09-04 00:18:21] [INFO] [cnx200_dashboard:repositories.py:442] - Bulk upserted 227 RSI metrics into stock_rsi_metrics.
[2026-09-04 00:18:21] [INFO] [cnx200_dashboard:rsi_service.py:150] - [143/200] RSI calculated for 'PAYTM': 227 records.
[2026-09-04 00:18:22] [INFO] [cnx200_dashboard:repositories.py:442] - Bulk upserted 227 RSI metrics into stock_rsi_metrics.
[2026-09-04 00:18:22] [INFO] [cnx200_dashboard:rsi_service.py:150] - [144/200] RSI calculated for 'PERSISTENT': 227 records.
[2026-09-04 00:18:22] [INFO] [cnx200_dashboard:repositories.py:442] - Bulk upserted 227 RSI metrics into stock_rsi_metrics.
[2026-09-04 00:18:22] [INFO] [cnx200_dashboard:rsi_service.py:150] - [145/200] RSI calculated for 'PFC': 227 records.
[2026-09-04 00:18:22] [INFO] [cnx200_dashboard:repositories.py:442] - Bulk upserted 227 RSI metrics into stock_rsi_metrics.
[2026-09-04 00:18:22] [INFO] [cnx200_dashboard:rsi_service.py:150] - [146/200] RSI calculated for 'PHOENIXLTD': 227 records.
[2026-09-04 00:18:22] [INFO] [cnx200_dashboard:repositories.py:442] - Bulk upserted 227 RSI metrics into stock_rsi_metrics.
[2026-09-04 00:18:22] [INFO] [cnx200_dashboard:rsi_service.py:150] - [147/200] RSI calculated for 'PIDILITIND': 227 records.
[2026-09-04 00:18:22] [INFO] [cnx200_dashboard:repositories.py:442] - Bulk upserted 227 RSI metrics into stock_rsi_metrics.
[2026-09-04 00:18:22] [INFO] [cnx200_dashboard:rsi_service.py:150] - [148/200] RSI calculated for 'PIIND': 227 records.
[2026-09-04 00:18:23] [INFO] [cnx200_dashboard:repositories.py:442] - Bulk upserted 227 RSI metrics into stock_rsi_metrics.
[2026-09-04 00:18:23] [INFO] [cnx200_dashboard:rsi_service.py:150] - [149/200] RSI calculated for 'PNB': 227 records.
[2026-09-04 00:18:23] [INFO] [cnx200_dashboard:repositories.py:442] - Bulk upserted 227 RSI metrics into stock_rsi_metrics.
[2026-09-04 00:18:23] [INFO] [cnx200_dashboard:rsi_service.py:150] - [150/200] RSI calculated for 'POLICYBZR': 227 records.
[2026-09-04 00:18:23] [INFO] [cnx200_dashboard:repositories.py:442] - Bulk upserted 227 RSI metrics into stock_rsi_metrics.
[2026-09-04 00:18:23] [INFO] [cnx200_dashboard:rsi_service.py:150] - [151/200] RSI calculated for 'POLYCAB': 227 records.
[2026-09-04 00:18:23] [INFO] [cnx200_dashboard:repositories.py:442] - Bulk upserted 227 RSI metrics into stock_rsi_metrics.
[2026-09-04 00:18:23] [INFO] [cnx200_dashboard:rsi_service.py:150] - [152/200] RSI calculated for 'POWERGRID': 227 records.
[2026-09-04 00:18:24] [INFO] [cnx200_dashboard:repositories.py:442] - Bulk upserted 227 RSI metrics into stock_rsi_metrics.
[2026-09-04 00:18:24] [INFO] [cnx200_dashboard:rsi_service.py:150] - [153/200] RSI calculated for 'POWERINDIA': 227 records.
[2026-09-04 00:18:24] [INFO] [cnx200_dashboard:repositories.py:442] - Bulk upserted 227 RSI metrics into stock_rsi_metrics.
[2026-09-04 00:18:24] [INFO] [cnx200_dashboard:rsi_service.py:150] - [154/200] RSI calculated for 'PREMIERENE': 227 records.
[2026-09-04 00:18:24] [INFO] [cnx200_dashboard:repositories.py:442] - Bulk upserted 227 RSI metrics into stock_rsi_metrics.
[2026-09-04 00:18:24] [INFO] [cnx200_dashboard:rsi_service.py:150] - [155/200] RSI calculated for 'PRESTIGE': 227 records.
[2026-09-04 00:18:24] [INFO] [cnx200_dashboard:repositories.py:442] - Bulk upserted 227 RSI metrics into stock_rsi_metrics.
[2026-09-04 00:18:24] [INFO] [cnx200_dashboard:rsi_service.py:150] - [156/200] RSI calculated for 'RADICO': 227 records.
[2026-09-04 00:18:24] [INFO] [cnx200_dashboard:repositories.py:442] - Bulk upserted 227 RSI metrics into stock_rsi_metrics.
[2026-09-04 00:18:24] [INFO] [cnx200_dashboard:rsi_service.py:150] - [157/200] RSI calculated for 'RECLTD': 227 records.
[2026-09-04 00:18:25] [INFO] [cnx200_dashboard:repositories.py:442] - Bulk upserted 394 RSI metrics into stock_rsi_metrics.
[2026-09-04 00:18:25] [INFO] [cnx200_dashboard:rsi_service.py:150] - [158/200] RSI calculated for 'RELIANCE': 394 records.
[2026-09-04 00:18:25] [INFO] [cnx200_dashboard:repositories.py:442] - Bulk upserted 227 RSI metrics into stock_rsi_metrics.
[2026-09-04 00:18:25] [INFO] [cnx200_dashboard:rsi_service.py:150] - [159/200] RSI calculated for 'RVNL': 227 records.
[2026-09-04 00:18:25] [INFO] [cnx200_dashboard:repositories.py:442] - Bulk upserted 227 RSI metrics into stock_rsi_metrics.
[2026-09-04 00:18:25] [INFO] [cnx200_dashboard:rsi_service.py:150] - [160/200] RSI calculated for 'SAIL': 227 records.
[2026-09-04 00:18:26] [INFO] [cnx200_dashboard:repositories.py:442] - Bulk upserted 227 RSI metrics into stock_rsi_metrics.
[2026-09-04 00:18:26] [INFO] [cnx200_dashboard:rsi_service.py:150] - [161/200] RSI calculated for 'SBICARD': 227 records.
[2026-09-04 00:18:26] [INFO] [cnx200_dashboard:repositories.py:442] - Bulk upserted 227 RSI metrics into stock_rsi_metrics.
[2026-09-04 00:18:26] [INFO] [cnx200_dashboard:rsi_service.py:150] - [162/200] RSI calculated for 'SBILIFE': 227 records.
[2026-09-04 00:18:26] [INFO] [cnx200_dashboard:repositories.py:442] - Bulk upserted 227 RSI metrics into stock_rsi_metrics.
[2026-09-04 00:18:26] [INFO] [cnx200_dashboard:rsi_service.py:150] - [163/200] RSI calculated for 'SBIN': 227 records.
[2026-09-04 00:18:26] [INFO] [cnx200_dashboard:repositories.py:442] - Bulk upserted 227 RSI metrics into stock_rsi_metrics.
[2026-09-04 00:18:26] [INFO] [cnx200_dashboard:rsi_service.py:150] - [164/200] RSI calculated for 'SHREECEM': 227 records.
[2026-09-04 00:18:26] [INFO] [cnx200_dashboard:repositories.py:442] - Bulk upserted 227 RSI metrics into stock_rsi_metrics.
[2026-09-04 00:18:26] [INFO] [cnx200_dashboard:rsi_service.py:150] - [165/200] RSI calculated for 'SHRIRAMFIN': 227 records.
[2026-09-04 00:18:27] [INFO] [cnx200_dashboard:repositories.py:442] - Bulk upserted 227 RSI metrics into stock_rsi_metrics.
[2026-09-04 00:18:27] [INFO] [cnx200_dashboard:rsi_service.py:150] - [166/200] RSI calculated for 'SIEMENS': 227 records.
[2026-09-04 00:18:27] [INFO] [cnx200_dashboard:repositories.py:442] - Bulk upserted 227 RSI metrics into stock_rsi_metrics.
[2026-09-04 00:18:27] [INFO] [cnx200_dashboard:rsi_service.py:150] - [167/200] RSI calculated for 'SOLARINDS': 227 records.
[2026-09-04 00:18:27] [INFO] [cnx200_dashboard:repositories.py:442] - Bulk upserted 227 RSI metrics into stock_rsi_metrics.
[2026-09-04 00:18:27] [INFO] [cnx200_dashboard:rsi_service.py:150] - [168/200] RSI calculated for 'SRF': 227 records.
[2026-09-04 00:18:27] [INFO] [cnx200_dashboard:repositories.py:442] - Bulk upserted 227 RSI metrics into stock_rsi_metrics.
[2026-09-04 00:18:27] [INFO] [cnx200_dashboard:rsi_service.py:150] - [169/200] RSI calculated for 'SUNPHARMA': 227 records.
[2026-09-04 00:18:27] [INFO] [cnx200_dashboard:repositories.py:442] - Bulk upserted 227 RSI metrics into stock_rsi_metrics.
[2026-09-04 00:18:27] [INFO] [cnx200_dashboard:rsi_service.py:150] - [170/200] RSI calculated for 'SUPREMEIND': 227 records.
[2026-09-04 00:18:28] [INFO] [cnx200_dashboard:repositories.py:442] - Bulk upserted 227 RSI metrics into stock_rsi_metrics.
[2026-09-04 00:18:28] [INFO] [cnx200_dashboard:rsi_service.py:150] - [171/200] RSI calculated for 'SUZLON': 227 records.
[2026-09-04 00:18:28] [INFO] [cnx200_dashboard:repositories.py:442] - Bulk upserted 227 RSI metrics into stock_rsi_metrics.
[2026-09-04 00:18:28] [INFO] [cnx200_dashboard:rsi_service.py:150] - [172/200] RSI calculated for 'SWIGGY': 227 records.
[2026-09-04 00:18:28] [INFO] [cnx200_dashboard:repositories.py:442] - Bulk upserted 200 RSI metrics into stock_rsi_metrics.
[2026-09-04 00:18:28] [INFO] [cnx200_dashboard:rsi_service.py:150] - [173/200] RSI calculated for 'TATACAP': 200 records.
[2026-09-04 00:18:28] [INFO] [cnx200_dashboard:repositories.py:442] - Bulk upserted 227 RSI metrics into stock_rsi_metrics.
[2026-09-04 00:18:28] [INFO] [cnx200_dashboard:rsi_service.py:150] - [174/200] RSI calculated for 'TATACOMM': 227 records.
[2026-09-04 00:18:29] [INFO] [cnx200_dashboard:repositories.py:442] - Bulk upserted 227 RSI metrics into stock_rsi_metrics.
[2026-09-04 00:18:29] [INFO] [cnx200_dashboard:rsi_service.py:150] - [175/200] RSI calculated for 'TATACONSUM': 227 records.
[2026-09-04 00:18:29] [INFO] [cnx200_dashboard:repositories.py:442] - Bulk upserted 227 RSI metrics into stock_rsi_metrics.
[2026-09-04 00:18:29] [INFO] [cnx200_dashboard:rsi_service.py:150] - [176/200] RSI calculated for 'TATAELXSI': 227 records.
[2026-09-04 00:18:29] [INFO] [cnx200_dashboard:repositories.py:442] - Bulk upserted 227 RSI metrics into stock_rsi_metrics.
[2026-09-04 00:18:29] [INFO] [cnx200_dashboard:rsi_service.py:150] - [177/200] RSI calculated for 'TATAINVEST': 227 records.
[2026-09-04 00:18:29] [INFO] [cnx200_dashboard:repositories.py:442] - Bulk upserted 227 RSI metrics into stock_rsi_metrics.
[2026-09-04 00:18:29] [INFO] [cnx200_dashboard:rsi_service.py:150] - [178/200] RSI calculated for 'TATAPOWER': 227 records.
[2026-09-04 00:18:30] [INFO] [cnx200_dashboard:repositories.py:442] - Bulk upserted 227 RSI metrics into stock_rsi_metrics.
[2026-09-04 00:18:30] [INFO] [cnx200_dashboard:rsi_service.py:150] - [179/200] RSI calculated for 'TATASTEEL': 227 records.
[2026-09-04 00:18:30] [INFO] [cnx200_dashboard:repositories.py:442] - Bulk upserted 394 RSI metrics into stock_rsi_metrics.
[2026-09-04 00:18:30] [INFO] [cnx200_dashboard:rsi_service.py:150] - [180/200] RSI calculated for 'TCS': 394 records.
[2026-09-04 00:18:30] [INFO] [cnx200_dashboard:repositories.py:442] - Bulk upserted 227 RSI metrics into stock_rsi_metrics.
[2026-09-04 00:18:30] [INFO] [cnx200_dashboard:rsi_service.py:150] - [181/200] RSI calculated for 'TECHM': 227 records.
[2026-09-04 00:18:30] [INFO] [cnx200_dashboard:repositories.py:442] - Bulk upserted 227 RSI metrics into stock_rsi_metrics.
[2026-09-04 00:18:30] [INFO] [cnx200_dashboard:rsi_service.py:150] - [182/200] RSI calculated for 'TIINDIA': 227 records.
[2026-09-04 00:18:31] [INFO] [cnx200_dashboard:repositories.py:442] - Bulk upserted 227 RSI metrics into stock_rsi_metrics.
[2026-09-04 00:18:31] [INFO] [cnx200_dashboard:rsi_service.py:150] - [183/200] RSI calculated for 'TITAN': 227 records.
[2026-09-04 00:18:31] [INFO] [cnx200_dashboard:repositories.py:442] - Bulk upserted 180 RSI metrics into stock_rsi_metrics.
[2026-09-04 00:18:31] [INFO] [cnx200_dashboard:rsi_service.py:150] - [184/200] RSI calculated for 'TMCV': 180 records.
[2026-09-04 00:18:31] [INFO] [cnx200_dashboard:repositories.py:442] - Bulk upserted 192 RSI metrics into stock_rsi_metrics.
[2026-09-04 00:18:31] [INFO] [cnx200_dashboard:rsi_service.py:150] - [185/200] RSI calculated for 'TMPV': 192 records.
[2026-09-04 00:18:31] [INFO] [cnx200_dashboard:repositories.py:442] - Bulk upserted 227 RSI metrics into stock_rsi_metrics.
[2026-09-04 00:18:31] [INFO] [cnx200_dashboard:rsi_service.py:150] - [186/200] RSI calculated for 'TORNTPHARM': 227 records.
[2026-09-04 00:18:31] [INFO] [cnx200_dashboard:repositories.py:442] - Bulk upserted 227 RSI metrics into stock_rsi_metrics.
[2026-09-04 00:18:31] [INFO] [cnx200_dashboard:rsi_service.py:150] - [187/200] RSI calculated for 'TRENT': 227 records.
[2026-09-04 00:18:32] [INFO] [cnx200_dashboard:repositories.py:442] - Bulk upserted 227 RSI metrics into stock_rsi_metrics.
[2026-09-04 00:18:32] [INFO] [cnx200_dashboard:rsi_service.py:150] - [188/200] RSI calculated for 'TVSMOTOR': 227 records.
[2026-09-04 00:18:32] [INFO] [cnx200_dashboard:repositories.py:442] - Bulk upserted 227 RSI metrics into stock_rsi_metrics.
[2026-09-04 00:18:32] [INFO] [cnx200_dashboard:rsi_service.py:150] - [189/200] RSI calculated for 'ULTRACEMCO': 227 records.
[2026-09-04 00:18:32] [INFO] [cnx200_dashboard:repositories.py:442] - Bulk upserted 227 RSI metrics into stock_rsi_metrics.
[2026-09-04 00:18:32] [INFO] [cnx200_dashboard:rsi_service.py:150] - [190/200] RSI calculated for 'UNIONBANK': 227 records.
[2026-09-04 00:18:32] [INFO] [cnx200_dashboard:repositories.py:442] - Bulk upserted 227 RSI metrics into stock_rsi_metrics.
[2026-09-04 00:18:32] [INFO] [cnx200_dashboard:rsi_service.py:150] - [191/200] RSI calculated for 'UNITDSPR': 227 records.
[2026-09-04 00:18:33] [INFO] [cnx200_dashboard:repositories.py:442] - Bulk upserted 227 RSI metrics into stock_rsi_metrics.
[2026-09-04 00:18:33] [INFO] [cnx200_dashboard:rsi_service.py:150] - [192/200] RSI calculated for 'UPL': 227 records.
[2026-09-04 00:18:33] [INFO] [cnx200_dashboard:repositories.py:442] - Bulk upserted 227 RSI metrics into stock_rsi_metrics.
[2026-09-04 00:18:33] [INFO] [cnx200_dashboard:rsi_service.py:150] - [193/200] RSI calculated for 'VBL': 227 records.
[2026-09-04 00:18:33] [INFO] [cnx200_dashboard:repositories.py:442] - Bulk upserted 227 RSI metrics into stock_rsi_metrics.
[2026-09-04 00:18:33] [INFO] [cnx200_dashboard:rsi_service.py:150] - [194/200] RSI calculated for 'VEDL': 227 records.
[2026-09-04 00:18:33] [INFO] [cnx200_dashboard:repositories.py:442] - Bulk upserted 227 RSI metrics into stock_rsi_metrics.
[2026-09-04 00:18:33] [INFO] [cnx200_dashboard:rsi_service.py:150] - [195/200] RSI calculated for 'VMM': 227 records.
[2026-09-04 00:18:33] [INFO] [cnx200_dashboard:repositories.py:442] - Bulk upserted 227 RSI metrics into stock_rsi_metrics.
[2026-09-04 00:18:33] [INFO] [cnx200_dashboard:rsi_service.py:150] - [196/200] RSI calculated for 'VOLTAS': 227 records.
[2026-09-04 00:18:34] [INFO] [cnx200_dashboard:repositories.py:442] - Bulk upserted 227 RSI metrics into stock_rsi_metrics.
[2026-09-04 00:18:34] [INFO] [cnx200_dashboard:rsi_service.py:150] - [197/200] RSI calculated for 'WAAREEENER': 227 records.
[2026-09-04 00:18:34] [INFO] [cnx200_dashboard:repositories.py:442] - Bulk upserted 227 RSI metrics into stock_rsi_metrics.
[2026-09-04 00:18:34] [INFO] [cnx200_dashboard:rsi_service.py:150] - [198/200] RSI calculated for 'WIPRO': 227 records.
[2026-09-04 00:18:34] [INFO] [cnx200_dashboard:repositories.py:442] - Bulk upserted 227 RSI metrics into stock_rsi_metrics.
[2026-09-04 00:18:34] [INFO] [cnx200_dashboard:rsi_service.py:150] - [199/200] RSI calculated for 'YESBANK': 227 records.
[2026-09-04 00:18:34] [INFO] [cnx200_dashboard:repositories.py:442] - Bulk upserted 227 RSI metrics into stock_rsi_metrics.
[2026-09-04 00:18:34] [INFO] [cnx200_dashboard:rsi_service.py:150] - [200/200] RSI calculated for 'ZYDUSLIFE': 227 records.
[2026-09-04 00:18:35] [ERROR] [cnx200_dashboard:connection.py:64] - Database session error. Transaction rolled back: (pymysql.err.ProgrammingError) (1064, "You have an error in your SQL syntax; check the manual that corresponds to your MariaDB server version for the right syntax to use near 'NULLS LAST' at line 4")
[SQL: SELECT stock_master.symbol, stock_master.company_name, stock_rsi_metrics.trade_date, stock_rsi_metrics.rsi_22, stock_rsi_metrics.rsi_44, stock_rsi_metrics.rsi_66, stock_rsi_metrics.average_rsi 
FROM stock_master INNER JOIN stock_rsi_metrics ON stock_master.id = stock_rsi_metrics.stock_id INNER JOIN (SELECT stock_rsi_metrics.stock_id AS stock_id, max(stock_rsi_metrics.trade_date) AS max_date 
FROM stock_rsi_metrics GROUP BY stock_rsi_metrics.stock_id) AS anon_1 ON stock_rsi_metrics.stock_id = anon_1.stock_id AND stock_rsi_metrics.trade_date = anon_1.max_date 
WHERE stock_master.active = true ORDER BY stock_rsi_metrics.average_rsi DESC NULLS LAST]
(Background on this error at: https://sqlalche.me/e/20/f405)
[2026-09-04 00:18:49] [INFO] [cnx200_dashboard:init_db.py:13] - Checking/Creating MySQL Database 'cnx200_rsi_dashboard'...
[2026-09-04 00:18:49] [INFO] [cnx200_dashboard:init_db.py:25] - Database 'cnx200_rsi_dashboard' ensured.
[2026-09-04 00:18:49] [INFO] [cnx200_dashboard:connection.py:34] - SQLAlchemy Database Engine initialized successfully.
[2026-09-04 00:18:49] [INFO] [cnx200_dashboard:init_db.py:31] - Creating tables, foreign keys, and indexes if they do not exist...
[2026-09-04 00:18:49] [INFO] [cnx200_dashboard:init_db.py:34] - All database tables initialized successfully.
[2026-09-04 00:18:49] [INFO] [cnx200_dashboard:excel_report_service.py:40] - Starting NIFTY 200 Excel Report Generation...
[2026-09-04 00:18:49] [INFO] [cnx200_dashboard:excel_report_service.py:53] - Checking for new market data and updating RSI metrics...
[2026-09-04 00:18:49] [INFO] [cnx200_dashboard:repositories.py:297] - Created JobRun 'NIFTY200_MISSING_DATA_RECOVERY' (ID: 19).
[2026-09-04 00:18:50] [INFO] [cnx200_dashboard:ingestion_service.py:186] - No missing trading data detected. Database is fully up to date.
[2026-09-04 00:18:50] [INFO] [cnx200_dashboard:repositories.py:341] - Completed JobRun ID 19 with status 'SUCCESS'.
[2026-09-04 00:18:50] [INFO] [cnx200_dashboard:repositories.py:442] - Bulk upserted 227 RSI metrics into stock_rsi_metrics.
[2026-09-04 00:18:50] [INFO] [cnx200_dashboard:rsi_service.py:150] - [1/200] RSI calculated for '360ONE': 227 records.
[2026-09-04 00:18:50] [INFO] [cnx200_dashboard:repositories.py:442] - Bulk upserted 227 RSI metrics into stock_rsi_metrics.
[2026-09-04 00:18:50] [INFO] [cnx200_dashboard:rsi_service.py:150] - [2/200] RSI calculated for 'ABB': 227 records.
[2026-09-04 00:18:51] [INFO] [cnx200_dashboard:repositories.py:442] - Bulk upserted 227 RSI metrics into stock_rsi_metrics.
[2026-09-04 00:18:51] [INFO] [cnx200_dashboard:rsi_service.py:150] - [3/200] RSI calculated for 'ABCAPITAL': 227 records.
[2026-09-04 00:18:51] [INFO] [cnx200_dashboard:repositories.py:442] - Bulk upserted 227 RSI metrics into stock_rsi_metrics.
[2026-09-04 00:18:51] [INFO] [cnx200_dashboard:rsi_service.py:150] - [4/200] RSI calculated for 'ADANIENSOL': 227 records.
[2026-09-04 00:18:51] [INFO] [cnx200_dashboard:repositories.py:442] - Bulk upserted 227 RSI metrics into stock_rsi_metrics.
[2026-09-04 00:18:51] [INFO] [cnx200_dashboard:rsi_service.py:150] - [5/200] RSI calculated for 'ADANIENT': 227 records.
[2026-09-04 00:18:51] [INFO] [cnx200_dashboard:repositories.py:442] - Bulk upserted 227 RSI metrics into stock_rsi_metrics.
[2026-09-04 00:18:51] [INFO] [cnx200_dashboard:rsi_service.py:150] - [6/200] RSI calculated for 'ADANIGREEN': 227 records.
[2026-09-04 00:18:52] [INFO] [cnx200_dashboard:repositories.py:442] - Bulk upserted 227 RSI metrics into stock_rsi_metrics.
[2026-09-04 00:18:52] [INFO] [cnx200_dashboard:rsi_service.py:150] - [7/200] RSI calculated for 'ADANIPORTS': 227 records.
[2026-09-04 00:18:52] [INFO] [cnx200_dashboard:repositories.py:442] - Bulk upserted 227 RSI metrics into stock_rsi_metrics.
[2026-09-04 00:18:52] [INFO] [cnx200_dashboard:rsi_service.py:150] - [8/200] RSI calculated for 'ADANIPOWER': 227 records.
[2026-09-04 00:18:52] [INFO] [cnx200_dashboard:repositories.py:442] - Bulk upserted 227 RSI metrics into stock_rsi_metrics.
[2026-09-04 00:18:52] [INFO] [cnx200_dashboard:rsi_service.py:150] - [9/200] RSI calculated for 'ALKEM': 227 records.
[2026-09-04 00:18:53] [INFO] [cnx200_dashboard:repositories.py:442] - Bulk upserted 227 RSI metrics into stock_rsi_metrics.
[2026-09-04 00:18:53] [INFO] [cnx200_dashboard:rsi_service.py:150] - [10/200] RSI calculated for 'AMBUJACEM': 227 records.
[2026-09-04 00:18:53] [INFO] [cnx200_dashboard:repositories.py:442] - Bulk upserted 227 RSI metrics into stock_rsi_metrics.
[2026-09-04 00:18:53] [INFO] [cnx200_dashboard:rsi_service.py:150] - [11/200] RSI calculated for 'APLAPOLLO': 227 records.
[2026-09-04 00:18:53] [INFO] [cnx200_dashboard:repositories.py:442] - Bulk upserted 227 RSI metrics into stock_rsi_metrics.
[2026-09-04 00:18:53] [INFO] [cnx200_dashboard:rsi_service.py:150] - [12/200] RSI calculated for 'APOLLOHOSP': 227 records.
[2026-09-04 00:18:53] [INFO] [cnx200_dashboard:repositories.py:442] - Bulk upserted 227 RSI metrics into stock_rsi_metrics.
[2026-09-04 00:18:53] [INFO] [cnx200_dashboard:rsi_service.py:150] - [13/200] RSI calculated for 'ASHOKLEY': 227 records.
[2026-09-04 00:18:54] [INFO] [cnx200_dashboard:repositories.py:442] - Bulk upserted 227 RSI metrics into stock_rsi_metrics.
[2026-09-04 00:18:54] [INFO] [cnx200_dashboard:rsi_service.py:150] - [14/200] RSI calculated for 'ASIANPAINT': 227 records.
[2026-09-04 00:18:54] [INFO] [cnx200_dashboard:repositories.py:442] - Bulk upserted 227 RSI metrics into stock_rsi_metrics.
[2026-09-04 00:18:54] [INFO] [cnx200_dashboard:rsi_service.py:150] - [15/200] RSI calculated for 'ASTRAL': 227 records.
[2026-09-04 00:18:54] [INFO] [cnx200_dashboard:repositories.py:442] - Bulk upserted 227 RSI metrics into stock_rsi_metrics.
[2026-09-04 00:18:54] [INFO] [cnx200_dashboard:rsi_service.py:150] - [16/200] RSI calculated for 'ATGL': 227 records.
[2026-09-04 00:18:54] [INFO] [cnx200_dashboard:repositories.py:442] - Bulk upserted 227 RSI metrics into stock_rsi_metrics.
[2026-09-04 00:18:54] [INFO] [cnx200_dashboard:rsi_service.py:150] - [17/200] RSI calculated for 'AUBANK': 227 records.
[2026-09-04 00:18:55] [INFO] [cnx200_dashboard:repositories.py:442] - Bulk upserted 227 RSI metrics into stock_rsi_metrics.
[2026-09-04 00:18:55] [INFO] [cnx200_dashboard:rsi_service.py:150] - [18/200] RSI calculated for 'AUROPHARMA': 227 records.
[2026-09-04 00:18:55] [INFO] [cnx200_dashboard:repositories.py:442] - Bulk upserted 227 RSI metrics into stock_rsi_metrics.
[2026-09-04 00:18:55] [INFO] [cnx200_dashboard:rsi_service.py:150] - [19/200] RSI calculated for 'AXISBANK': 227 records.
[2026-09-04 00:18:55] [INFO] [cnx200_dashboard:repositories.py:442] - Bulk upserted 227 RSI metrics into stock_rsi_metrics.
[2026-09-04 00:18:55] [INFO] [cnx200_dashboard:rsi_service.py:150] - [20/200] RSI calculated for 'BAJAJ-AUTO': 227 records.
[2026-09-04 00:18:56] [INFO] [cnx200_dashboard:repositories.py:442] - Bulk upserted 227 RSI metrics into stock_rsi_metrics.
[2026-09-04 00:18:56] [INFO] [cnx200_dashboard:rsi_service.py:150] - [21/200] RSI calculated for 'BAJAJFINSV': 227 records.
[2026-09-04 00:18:56] [INFO] [cnx200_dashboard:repositories.py:442] - Bulk upserted 227 RSI metrics into stock_rsi_metrics.
[2026-09-04 00:18:56] [INFO] [cnx200_dashboard:rsi_service.py:150] - [22/200] RSI calculated for 'BAJAJHLDNG': 227 records.
[2026-09-04 00:18:56] [INFO] [cnx200_dashboard:repositories.py:442] - Bulk upserted 227 RSI metrics into stock_rsi_metrics.
[2026-09-04 00:18:56] [INFO] [cnx200_dashboard:rsi_service.py:150] - [23/200] RSI calculated for 'BAJFINANCE': 227 records.
[2026-09-04 00:18:56] [INFO] [cnx200_dashboard:repositories.py:442] - Bulk upserted 227 RSI metrics into stock_rsi_metrics.
[2026-09-04 00:18:56] [INFO] [cnx200_dashboard:rsi_service.py:150] - [24/200] RSI calculated for 'BANKBARODA': 227 records.
[2026-09-04 00:18:57] [INFO] [cnx200_dashboard:repositories.py:442] - Bulk upserted 227 RSI metrics into stock_rsi_metrics.
[2026-09-04 00:18:57] [INFO] [cnx200_dashboard:rsi_service.py:150] - [25/200] RSI calculated for 'BANKINDIA': 227 records.
[2026-09-04 00:18:57] [INFO] [cnx200_dashboard:repositories.py:442] - Bulk upserted 227 RSI metrics into stock_rsi_metrics.
[2026-09-04 00:18:57] [INFO] [cnx200_dashboard:rsi_service.py:150] - [26/200] RSI calculated for 'BDL': 227 records.
[2026-09-04 00:18:57] [INFO] [cnx200_dashboard:repositories.py:442] - Bulk upserted 227 RSI metrics into stock_rsi_metrics.
[2026-09-04 00:18:57] [INFO] [cnx200_dashboard:rsi_service.py:150] - [27/200] RSI calculated for 'BEL': 227 records.
[2026-09-04 00:18:57] [INFO] [cnx200_dashboard:repositories.py:442] - Bulk upserted 227 RSI metrics into stock_rsi_metrics.
[2026-09-04 00:18:57] [INFO] [cnx200_dashboard:rsi_service.py:150] - [28/200] RSI calculated for 'BHARATFORG': 227 records.
[2026-09-04 00:18:58] [INFO] [cnx200_dashboard:repositories.py:442] - Bulk upserted 227 RSI metrics into stock_rsi_metrics.
[2026-09-04 00:18:58] [INFO] [cnx200_dashboard:rsi_service.py:150] - [29/200] RSI calculated for 'BHARTIARTL': 227 records.
[2026-09-04 00:18:58] [INFO] [cnx200_dashboard:repositories.py:442] - Bulk upserted 227 RSI metrics into stock_rsi_metrics.
[2026-09-04 00:18:58] [INFO] [cnx200_dashboard:rsi_service.py:150] - [30/200] RSI calculated for 'BHEL': 227 records.
[2026-09-04 00:18:58] [INFO] [cnx200_dashboard:repositories.py:442] - Bulk upserted 227 RSI metrics into stock_rsi_metrics.
[2026-09-04 00:18:58] [INFO] [cnx200_dashboard:rsi_service.py:150] - [31/200] RSI calculated for 'BIOCON': 227 records.
[2026-09-04 00:18:58] [INFO] [cnx200_dashboard:repositories.py:442] - Bulk upserted 227 RSI metrics into stock_rsi_metrics.
[2026-09-04 00:18:58] [INFO] [cnx200_dashboard:rsi_service.py:150] - [32/200] RSI calculated for 'BLUESTARCO': 227 records.
[2026-09-04 00:18:59] [INFO] [cnx200_dashboard:repositories.py:442] - Bulk upserted 227 RSI metrics into stock_rsi_metrics.
[2026-09-04 00:18:59] [INFO] [cnx200_dashboard:rsi_service.py:150] - [33/200] RSI calculated for 'BOSCHLTD': 227 records.
[2026-09-04 00:18:59] [INFO] [cnx200_dashboard:repositories.py:442] - Bulk upserted 227 RSI metrics into stock_rsi_metrics.
[2026-09-04 00:18:59] [INFO] [cnx200_dashboard:rsi_service.py:150] - [34/200] RSI calculated for 'BPCL': 227 records.
[2026-09-04 00:18:59] [INFO] [cnx200_dashboard:repositories.py:442] - Bulk upserted 227 RSI metrics into stock_rsi_metrics.
[2026-09-04 00:18:59] [INFO] [cnx200_dashboard:rsi_service.py:150] - [35/200] RSI calculated for 'BRITANNIA': 227 records.
[2026-09-04 00:18:59] [INFO] [cnx200_dashboard:repositories.py:442] - Bulk upserted 227 RSI metrics into stock_rsi_metrics.
[2026-09-04 00:18:59] [INFO] [cnx200_dashboard:rsi_service.py:150] - [36/200] RSI calculated for 'BSE': 227 records.
[2026-09-04 00:19:00] [INFO] [cnx200_dashboard:repositories.py:442] - Bulk upserted 227 RSI metrics into stock_rsi_metrics.
[2026-09-04 00:19:00] [INFO] [cnx200_dashboard:rsi_service.py:150] - [37/200] RSI calculated for 'CANBK': 227 records.
[2026-09-04 00:19:00] [INFO] [cnx200_dashboard:repositories.py:442] - Bulk upserted 227 RSI metrics into stock_rsi_metrics.
[2026-09-04 00:19:00] [INFO] [cnx200_dashboard:rsi_service.py:150] - [38/200] RSI calculated for 'CGPOWER': 227 records.
[2026-09-04 00:19:00] [INFO] [cnx200_dashboard:repositories.py:442] - Bulk upserted 227 RSI metrics into stock_rsi_metrics.
[2026-09-04 00:19:00] [INFO] [cnx200_dashboard:rsi_service.py:150] - [39/200] RSI calculated for 'CHOLAFIN': 227 records.
[2026-09-04 00:19:00] [INFO] [cnx200_dashboard:repositories.py:442] - Bulk upserted 227 RSI metrics into stock_rsi_metrics.
[2026-09-04 00:19:00] [INFO] [cnx200_dashboard:rsi_service.py:150] - [40/200] RSI calculated for 'CIPLA': 227 records.
[2026-09-04 00:19:01] [INFO] [cnx200_dashboard:repositories.py:442] - Bulk upserted 227 RSI metrics into stock_rsi_metrics.
[2026-09-04 00:19:01] [INFO] [cnx200_dashboard:rsi_service.py:150] - [41/200] RSI calculated for 'COALINDIA': 227 records.
[2026-09-04 00:19:01] [INFO] [cnx200_dashboard:repositories.py:442] - Bulk upserted 227 RSI metrics into stock_rsi_metrics.
[2026-09-04 00:19:01] [INFO] [cnx200_dashboard:rsi_service.py:150] - [42/200] RSI calculated for 'COCHINSHIP': 227 records.
[2026-09-04 00:19:01] [INFO] [cnx200_dashboard:repositories.py:442] - Bulk upserted 227 RSI metrics into stock_rsi_metrics.
[2026-09-04 00:19:01] [INFO] [cnx200_dashboard:rsi_service.py:150] - [43/200] RSI calculated for 'COFORGE': 227 records.
[2026-09-04 00:19:01] [INFO] [cnx200_dashboard:repositories.py:442] - Bulk upserted 227 RSI metrics into stock_rsi_metrics.
[2026-09-04 00:19:01] [INFO] [cnx200_dashboard:rsi_service.py:150] - [44/200] RSI calculated for 'COLPAL': 227 records.
[2026-09-04 00:19:01] [INFO] [cnx200_dashboard:repositories.py:442] - Bulk upserted 227 RSI metrics into stock_rsi_metrics.
[2026-09-04 00:19:01] [INFO] [cnx200_dashboard:rsi_service.py:150] - [45/200] RSI calculated for 'CONCOR': 227 records.
[2026-09-04 00:19:01] [INFO] [cnx200_dashboard:repositories.py:442] - Bulk upserted 227 RSI metrics into stock_rsi_metrics.
[2026-09-04 00:19:01] [INFO] [cnx200_dashboard:rsi_service.py:150] - [46/200] RSI calculated for 'COROMANDEL': 227 records.
[2026-09-04 00:19:02] [INFO] [cnx200_dashboard:repositories.py:442] - Bulk upserted 227 RSI metrics into stock_rsi_metrics.
[2026-09-04 00:19:02] [INFO] [cnx200_dashboard:rsi_service.py:150] - [47/200] RSI calculated for 'CUMMINSIND': 227 records.
[2026-09-04 00:19:02] [INFO] [cnx200_dashboard:repositories.py:442] - Bulk upserted 227 RSI metrics into stock_rsi_metrics.
[2026-09-04 00:19:02] [INFO] [cnx200_dashboard:rsi_service.py:150] - [48/200] RSI calculated for 'DABUR': 227 records.
[2026-09-04 00:19:02] [INFO] [cnx200_dashboard:repositories.py:442] - Bulk upserted 227 RSI metrics into stock_rsi_metrics.
[2026-09-04 00:19:02] [INFO] [cnx200_dashboard:rsi_service.py:150] - [49/200] RSI calculated for 'DIVISLAB': 227 records.
[2026-09-04 00:19:02] [INFO] [cnx200_dashboard:repositories.py:442] - Bulk upserted 227 RSI metrics into stock_rsi_metrics.
[2026-09-04 00:19:02] [INFO] [cnx200_dashboard:rsi_service.py:150] - [50/200] RSI calculated for 'DIXON': 227 records.
[2026-09-04 00:19:03] [INFO] [cnx200_dashboard:repositories.py:442] - Bulk upserted 227 RSI metrics into stock_rsi_metrics.
[2026-09-04 00:19:03] [INFO] [cnx200_dashboard:rsi_service.py:150] - [51/200] RSI calculated for 'DLF': 227 records.
[2026-09-04 00:19:03] [INFO] [cnx200_dashboard:repositories.py:442] - Bulk upserted 227 RSI metrics into stock_rsi_metrics.
[2026-09-04 00:19:03] [INFO] [cnx200_dashboard:rsi_service.py:150] - [52/200] RSI calculated for 'DMART': 227 records.
[2026-09-04 00:19:03] [INFO] [cnx200_dashboard:repositories.py:442] - Bulk upserted 227 RSI metrics into stock_rsi_metrics.
[2026-09-04 00:19:03] [INFO] [cnx200_dashboard:rsi_service.py:150] - [53/200] RSI calculated for 'DRREDDY': 227 records.
[2026-09-04 00:19:04] [INFO] [cnx200_dashboard:repositories.py:442] - Bulk upserted 227 RSI metrics into stock_rsi_metrics.
[2026-09-04 00:19:04] [INFO] [cnx200_dashboard:rsi_service.py:150] - [54/200] RSI calculated for 'EICHERMOT': 227 records.
[2026-09-04 00:19:04] [INFO] [cnx200_dashboard:repositories.py:442] - Bulk upserted 227 RSI metrics into stock_rsi_metrics.
[2026-09-04 00:19:04] [INFO] [cnx200_dashboard:rsi_service.py:150] - [55/200] RSI calculated for 'ENRIN': 227 records.
[2026-09-04 00:19:04] [INFO] [cnx200_dashboard:repositories.py:442] - Bulk upserted 227 RSI metrics into stock_rsi_metrics.
[2026-09-04 00:19:04] [INFO] [cnx200_dashboard:rsi_service.py:150] - [56/200] RSI calculated for 'ETERNAL': 227 records.
[2026-09-04 00:19:04] [INFO] [cnx200_dashboard:repositories.py:442] - Bulk upserted 227 RSI metrics into stock_rsi_metrics.
[2026-09-04 00:19:04] [INFO] [cnx200_dashboard:rsi_service.py:150] - [57/200] RSI calculated for 'EXIDEIND': 227 records.
[2026-09-04 00:19:04] [INFO] [cnx200_dashboard:repositories.py:442] - Bulk upserted 227 RSI metrics into stock_rsi_metrics.
[2026-09-04 00:19:04] [INFO] [cnx200_dashboard:rsi_service.py:150] - [58/200] RSI calculated for 'FEDERALBNK': 227 records.
[2026-09-04 00:19:05] [INFO] [cnx200_dashboard:repositories.py:442] - Bulk upserted 227 RSI metrics into stock_rsi_metrics.
[2026-09-04 00:19:05] [INFO] [cnx200_dashboard:rsi_service.py:150] - [59/200] RSI calculated for 'FORTIS': 227 records.
[2026-09-04 00:19:05] [INFO] [cnx200_dashboard:repositories.py:442] - Bulk upserted 227 RSI metrics into stock_rsi_metrics.
[2026-09-04 00:19:05] [INFO] [cnx200_dashboard:rsi_service.py:150] - [60/200] RSI calculated for 'GAIL': 227 records.
[2026-09-04 00:19:05] [INFO] [cnx200_dashboard:repositories.py:442] - Bulk upserted 227 RSI metrics into stock_rsi_metrics.
[2026-09-04 00:19:05] [INFO] [cnx200_dashboard:rsi_service.py:150] - [61/200] RSI calculated for 'GLENMARK': 227 records.
[2026-09-04 00:19:05] [INFO] [cnx200_dashboard:repositories.py:442] - Bulk upserted 227 RSI metrics into stock_rsi_metrics.
[2026-09-04 00:19:05] [INFO] [cnx200_dashboard:rsi_service.py:150] - [62/200] RSI calculated for 'GMRAIRPORT': 227 records.
[2026-09-04 00:19:06] [INFO] [cnx200_dashboard:repositories.py:442] - Bulk upserted 227 RSI metrics into stock_rsi_metrics.
[2026-09-04 00:19:06] [INFO] [cnx200_dashboard:rsi_service.py:150] - [63/200] RSI calculated for 'GODFRYPHLP': 227 records.
[2026-09-04 00:19:06] [INFO] [cnx200_dashboard:repositories.py:442] - Bulk upserted 227 RSI metrics into stock_rsi_metrics.
[2026-09-04 00:19:06] [INFO] [cnx200_dashboard:rsi_service.py:150] - [64/200] RSI calculated for 'GODREJCP': 227 records.
[2026-09-04 00:19:06] [INFO] [cnx200_dashboard:repositories.py:442] - Bulk upserted 227 RSI metrics into stock_rsi_metrics.
[2026-09-04 00:19:06] [INFO] [cnx200_dashboard:rsi_service.py:150] - [65/200] RSI calculated for 'GODREJPROP': 227 records.
[2026-09-04 00:19:06] [INFO] [cnx200_dashboard:repositories.py:442] - Bulk upserted 227 RSI metrics into stock_rsi_metrics.
[2026-09-04 00:19:06] [INFO] [cnx200_dashboard:rsi_service.py:150] - [66/200] RSI calculated for 'GRASIM': 227 records.
[2026-09-04 00:19:06] [INFO] [cnx200_dashboard:repositories.py:442] - Bulk upserted 180 RSI metrics into stock_rsi_metrics.
[2026-09-04 00:19:06] [INFO] [cnx200_dashboard:rsi_service.py:150] - [67/200] RSI calculated for 'GROWW': 180 records.
[2026-09-04 00:19:07] [INFO] [cnx200_dashboard:repositories.py:442] - Bulk upserted 227 RSI metrics into stock_rsi_metrics.
[2026-09-04 00:19:07] [INFO] [cnx200_dashboard:rsi_service.py:150] - [68/200] RSI calculated for 'GVT&D': 227 records.
[2026-09-04 00:19:07] [INFO] [cnx200_dashboard:repositories.py:442] - Bulk upserted 227 RSI metrics into stock_rsi_metrics.
[2026-09-04 00:19:07] [INFO] [cnx200_dashboard:rsi_service.py:150] - [69/200] RSI calculated for 'HAL': 227 records.
[2026-09-04 00:19:07] [INFO] [cnx200_dashboard:repositories.py:442] - Bulk upserted 227 RSI metrics into stock_rsi_metrics.
[2026-09-04 00:19:07] [INFO] [cnx200_dashboard:rsi_service.py:150] - [70/200] RSI calculated for 'HAVELLS': 227 records.
[2026-09-04 00:19:07] [INFO] [cnx200_dashboard:repositories.py:442] - Bulk upserted 227 RSI metrics into stock_rsi_metrics.
[2026-09-04 00:19:07] [INFO] [cnx200_dashboard:rsi_service.py:150] - [71/200] RSI calculated for 'HCLTECH': 227 records.
[2026-09-04 00:19:07] [INFO] [cnx200_dashboard:repositories.py:442] - Bulk upserted 227 RSI metrics into stock_rsi_metrics.
[2026-09-04 00:19:07] [INFO] [cnx200_dashboard:rsi_service.py:150] - [72/200] RSI calculated for 'HDFCAMC': 227 records.
[2026-09-04 00:19:08] [INFO] [cnx200_dashboard:repositories.py:442] - Bulk upserted 69 RSI metrics into stock_rsi_metrics.
[2026-09-04 00:19:08] [INFO] [cnx200_dashboard:rsi_service.py:150] - [73/200] RSI calculated for 'HDFCBANK': 69 records.
[2026-09-04 00:19:08] [INFO] [cnx200_dashboard:repositories.py:442] - Bulk upserted 227 RSI metrics into stock_rsi_metrics.
[2026-09-04 00:19:08] [INFO] [cnx200_dashboard:rsi_service.py:150] - [74/200] RSI calculated for 'HDFCLIFE': 227 records.
[2026-09-04 00:19:08] [INFO] [cnx200_dashboard:repositories.py:442] - Bulk upserted 227 RSI metrics into stock_rsi_metrics.
[2026-09-04 00:19:08] [INFO] [cnx200_dashboard:rsi_service.py:150] - [75/200] RSI calculated for 'HEROMOTOCO': 227 records.
[2026-09-04 00:19:08] [INFO] [cnx200_dashboard:repositories.py:442] - Bulk upserted 227 RSI metrics into stock_rsi_metrics.
[2026-09-04 00:19:08] [INFO] [cnx200_dashboard:rsi_service.py:150] - [76/200] RSI calculated for 'HINDALCO': 227 records.
[2026-09-04 00:19:09] [INFO] [cnx200_dashboard:repositories.py:442] - Bulk upserted 227 RSI metrics into stock_rsi_metrics.
[2026-09-04 00:19:09] [INFO] [cnx200_dashboard:rsi_service.py:150] - [77/200] RSI calculated for 'HINDPETRO': 227 records.
[2026-09-04 00:19:09] [INFO] [cnx200_dashboard:repositories.py:442] - Bulk upserted 227 RSI metrics into stock_rsi_metrics.
[2026-09-04 00:19:09] [INFO] [cnx200_dashboard:rsi_service.py:150] - [78/200] RSI calculated for 'HINDUNILVR': 227 records.
[2026-09-04 00:19:09] [INFO] [cnx200_dashboard:repositories.py:442] - Bulk upserted 227 RSI metrics into stock_rsi_metrics.
[2026-09-04 00:19:09] [INFO] [cnx200_dashboard:rsi_service.py:150] - [79/200] RSI calculated for 'HINDZINC': 227 records.
[2026-09-04 00:19:09] [INFO] [cnx200_dashboard:repositories.py:442] - Bulk upserted 227 RSI metrics into stock_rsi_metrics.
[2026-09-04 00:19:09] [INFO] [cnx200_dashboard:rsi_service.py:150] - [80/200] RSI calculated for 'HUDCO': 227 records.
[2026-09-04 00:19:09] [INFO] [cnx200_dashboard:repositories.py:442] - Bulk upserted 227 RSI metrics into stock_rsi_metrics.
[2026-09-04 00:19:09] [INFO] [cnx200_dashboard:rsi_service.py:150] - [81/200] RSI calculated for 'HYUNDAI': 227 records.
[2026-09-04 00:19:10] [INFO] [cnx200_dashboard:repositories.py:442] - Bulk upserted 153 RSI metrics into stock_rsi_metrics.
[2026-09-04 00:19:10] [INFO] [cnx200_dashboard:rsi_service.py:150] - [82/200] RSI calculated for 'ICICIAMC': 153 records.
[2026-09-04 00:19:10] [INFO] [cnx200_dashboard:repositories.py:442] - Bulk upserted 227 RSI metrics into stock_rsi_metrics.
[2026-09-04 00:19:10] [INFO] [cnx200_dashboard:rsi_service.py:150] - [83/200] RSI calculated for 'ICICIBANK': 227 records.
[2026-09-04 00:19:10] [INFO] [cnx200_dashboard:repositories.py:442] - Bulk upserted 227 RSI metrics into stock_rsi_metrics.
[2026-09-04 00:19:10] [INFO] [cnx200_dashboard:rsi_service.py:150] - [84/200] RSI calculated for 'ICICIGI': 227 records.
[2026-09-04 00:19:10] [INFO] [cnx200_dashboard:repositories.py:442] - Bulk upserted 227 RSI metrics into stock_rsi_metrics.
[2026-09-04 00:19:10] [INFO] [cnx200_dashboard:rsi_service.py:150] - [85/200] RSI calculated for 'IDEA': 227 records.
[2026-09-04 00:19:11] [INFO] [cnx200_dashboard:repositories.py:442] - Bulk upserted 227 RSI metrics into stock_rsi_metrics.
[2026-09-04 00:19:11] [INFO] [cnx200_dashboard:rsi_service.py:150] - [86/200] RSI calculated for 'IDFCFIRSTB': 227 records.
[2026-09-04 00:19:11] [INFO] [cnx200_dashboard:repositories.py:442] - Bulk upserted 227 RSI metrics into stock_rsi_metrics.
[2026-09-04 00:19:11] [INFO] [cnx200_dashboard:rsi_service.py:150] - [87/200] RSI calculated for 'INDHOTEL': 227 records.
[2026-09-04 00:19:11] [INFO] [cnx200_dashboard:repositories.py:442] - Bulk upserted 227 RSI metrics into stock_rsi_metrics.
[2026-09-04 00:19:11] [INFO] [cnx200_dashboard:rsi_service.py:150] - [88/200] RSI calculated for 'INDIANB': 227 records.
[2026-09-04 00:19:11] [INFO] [cnx200_dashboard:repositories.py:442] - Bulk upserted 227 RSI metrics into stock_rsi_metrics.
[2026-09-04 00:19:11] [INFO] [cnx200_dashboard:rsi_service.py:150] - [89/200] RSI calculated for 'INDIGO': 227 records.
[2026-09-04 00:19:11] [INFO] [cnx200_dashboard:repositories.py:442] - Bulk upserted 227 RSI metrics into stock_rsi_metrics.
[2026-09-04 00:19:11] [INFO] [cnx200_dashboard:rsi_service.py:150] - [90/200] RSI calculated for 'INDUSINDBK': 227 records.
[2026-09-04 00:19:12] [INFO] [cnx200_dashboard:repositories.py:442] - Bulk upserted 227 RSI metrics into stock_rsi_metrics.
[2026-09-04 00:19:12] [INFO] [cnx200_dashboard:rsi_service.py:150] - [91/200] RSI calculated for 'INDUSTOWER': 227 records.
[2026-09-04 00:19:12] [INFO] [cnx200_dashboard:repositories.py:442] - Bulk upserted 394 RSI metrics into stock_rsi_metrics.
[2026-09-04 00:19:12] [INFO] [cnx200_dashboard:rsi_service.py:150] - [92/200] RSI calculated for 'INFY': 394 records.
[2026-09-04 00:19:12] [INFO] [cnx200_dashboard:repositories.py:442] - Bulk upserted 227 RSI metrics into stock_rsi_metrics.
[2026-09-04 00:19:12] [INFO] [cnx200_dashboard:rsi_service.py:150] - [93/200] RSI calculated for 'IOC': 227 records.
[2026-09-04 00:19:13] [INFO] [cnx200_dashboard:repositories.py:442] - Bulk upserted 227 RSI metrics into stock_rsi_metrics.
[2026-09-04 00:19:13] [INFO] [cnx200_dashboard:rsi_service.py:150] - [94/200] RSI calculated for 'IRCTC': 227 records.
[2026-09-04 00:19:13] [INFO] [cnx200_dashboard:repositories.py:442] - Bulk upserted 227 RSI metrics into stock_rsi_metrics.
[2026-09-04 00:19:13] [INFO] [cnx200_dashboard:rsi_service.py:150] - [95/200] RSI calculated for 'IREDA': 227 records.
[2026-09-04 00:19:13] [INFO] [cnx200_dashboard:repositories.py:442] - Bulk upserted 227 RSI metrics into stock_rsi_metrics.
[2026-09-04 00:19:13] [INFO] [cnx200_dashboard:rsi_service.py:150] - [96/200] RSI calculated for 'IRFC': 227 records.
[2026-09-04 00:19:13] [INFO] [cnx200_dashboard:repositories.py:442] - Bulk upserted 227 RSI metrics into stock_rsi_metrics.
[2026-09-04 00:19:13] [INFO] [cnx200_dashboard:rsi_service.py:150] - [97/200] RSI calculated for 'ITC': 227 records.
[2026-09-04 00:19:13] [INFO] [cnx200_dashboard:repositories.py:442] - Bulk upserted 227 RSI metrics into stock_rsi_metrics.
[2026-09-04 00:19:13] [INFO] [cnx200_dashboard:rsi_service.py:150] - [98/200] RSI calculated for 'JINDALSTEL': 227 records.
[2026-09-04 00:19:14] [INFO] [cnx200_dashboard:repositories.py:442] - Bulk upserted 227 RSI metrics into stock_rsi_metrics.
[2026-09-04 00:19:14] [INFO] [cnx200_dashboard:rsi_service.py:150] - [99/200] RSI calculated for 'JIOFIN': 227 records.
[2026-09-04 00:19:14] [INFO] [cnx200_dashboard:repositories.py:442] - Bulk upserted 227 RSI metrics into stock_rsi_metrics.
[2026-09-04 00:19:14] [INFO] [cnx200_dashboard:rsi_service.py:150] - [100/200] RSI calculated for 'JSWENERGY': 227 records.
[2026-09-04 00:19:14] [INFO] [cnx200_dashboard:repositories.py:442] - Bulk upserted 227 RSI metrics into stock_rsi_metrics.
[2026-09-04 00:19:14] [INFO] [cnx200_dashboard:rsi_service.py:150] - [101/200] RSI calculated for 'JSWSTEEL': 227 records.
[2026-09-04 00:19:14] [INFO] [cnx200_dashboard:repositories.py:442] - Bulk upserted 227 RSI metrics into stock_rsi_metrics.
[2026-09-04 00:19:14] [INFO] [cnx200_dashboard:rsi_service.py:150] - [102/200] RSI calculated for 'JUBLFOOD': 227 records.
[2026-09-04 00:19:15] [INFO] [cnx200_dashboard:repositories.py:442] - Bulk upserted 227 RSI metrics into stock_rsi_metrics.
[2026-09-04 00:19:15] [INFO] [cnx200_dashboard:rsi_service.py:150] - [103/200] RSI calculated for 'KALYANKJIL': 227 records.
[2026-09-04 00:19:15] [INFO] [cnx200_dashboard:repositories.py:442] - Bulk upserted 227 RSI metrics into stock_rsi_metrics.
[2026-09-04 00:19:15] [INFO] [cnx200_dashboard:rsi_service.py:150] - [104/200] RSI calculated for 'KEI': 227 records.
[2026-09-04 00:19:15] [INFO] [cnx200_dashboard:repositories.py:442] - Bulk upserted 227 RSI metrics into stock_rsi_metrics.
[2026-09-04 00:19:15] [INFO] [cnx200_dashboard:rsi_service.py:150] - [105/200] RSI calculated for 'KOTAKBANK': 227 records.
[2026-09-04 00:19:15] [INFO] [cnx200_dashboard:repositories.py:442] - Bulk upserted 227 RSI metrics into stock_rsi_metrics.
[2026-09-04 00:19:15] [INFO] [cnx200_dashboard:rsi_service.py:150] - [106/200] RSI calculated for 'KPITTECH': 227 records.
[2026-09-04 00:19:15] [INFO] [cnx200_dashboard:repositories.py:442] - Bulk upserted 227 RSI metrics into stock_rsi_metrics.
[2026-09-04 00:19:15] [INFO] [cnx200_dashboard:rsi_service.py:150] - [107/200] RSI calculated for 'LAURUSLABS': 227 records.
[2026-09-04 00:19:16] [INFO] [cnx200_dashboard:repositories.py:442] - Bulk upserted 182 RSI metrics into stock_rsi_metrics.
[2026-09-04 00:19:16] [INFO] [cnx200_dashboard:rsi_service.py:150] - [108/200] RSI calculated for 'LENSKART': 182 records.
[2026-09-04 00:19:16] [INFO] [cnx200_dashboard:repositories.py:442] - Bulk upserted 199 RSI metrics into stock_rsi_metrics.
[2026-09-04 00:19:16] [INFO] [cnx200_dashboard:rsi_service.py:150] - [109/200] RSI calculated for 'LGEINDIA': 199 records.
[2026-09-04 00:19:16] [INFO] [cnx200_dashboard:repositories.py:442] - Bulk upserted 227 RSI metrics into stock_rsi_metrics.
[2026-09-04 00:19:16] [INFO] [cnx200_dashboard:rsi_service.py:150] - [110/200] RSI calculated for 'LICHSGFIN': 227 records.
[2026-09-04 00:19:16] [INFO] [cnx200_dashboard:repositories.py:442] - Bulk upserted 227 RSI metrics into stock_rsi_metrics.
[2026-09-04 00:19:16] [INFO] [cnx200_dashboard:rsi_service.py:150] - [111/200] RSI calculated for 'LODHA': 227 records.
[2026-09-04 00:19:17] [INFO] [cnx200_dashboard:repositories.py:442] - Bulk upserted 227 RSI metrics into stock_rsi_metrics.
[2026-09-04 00:19:17] [INFO] [cnx200_dashboard:rsi_service.py:150] - [112/200] RSI calculated for 'LT': 227 records.
[2026-09-04 00:19:17] [INFO] [cnx200_dashboard:repositories.py:442] - Bulk upserted 227 RSI metrics into stock_rsi_metrics.
[2026-09-04 00:19:17] [INFO] [cnx200_dashboard:rsi_service.py:150] - [113/200] RSI calculated for 'LTF': 227 records.
[2026-09-04 00:19:17] [INFO] [cnx200_dashboard:repositories.py:442] - Bulk upserted 105 RSI metrics into stock_rsi_metrics.
[2026-09-04 00:19:17] [INFO] [cnx200_dashboard:rsi_service.py:150] - [114/200] RSI calculated for 'LTM': 105 records.
[2026-09-04 00:19:17] [INFO] [cnx200_dashboard:repositories.py:442] - Bulk upserted 227 RSI metrics into stock_rsi_metrics.
[2026-09-04 00:19:17] [INFO] [cnx200_dashboard:rsi_service.py:150] - [115/200] RSI calculated for 'LUPIN': 227 records.
[2026-09-04 00:19:17] [INFO] [cnx200_dashboard:repositories.py:442] - Bulk upserted 227 RSI metrics into stock_rsi_metrics.
[2026-09-04 00:19:17] [INFO] [cnx200_dashboard:rsi_service.py:150] - [116/200] RSI calculated for 'M&M': 227 records.
[2026-09-04 00:19:18] [INFO] [cnx200_dashboard:repositories.py:442] - Bulk upserted 227 RSI metrics into stock_rsi_metrics.
[2026-09-04 00:19:18] [INFO] [cnx200_dashboard:rsi_service.py:150] - [117/200] RSI calculated for 'M&MFIN': 227 records.
[2026-09-04 00:19:18] [INFO] [cnx200_dashboard:repositories.py:442] - Bulk upserted 227 RSI metrics into stock_rsi_metrics.
[2026-09-04 00:19:18] [INFO] [cnx200_dashboard:rsi_service.py:150] - [118/200] RSI calculated for 'MANKIND': 227 records.
[2026-09-04 00:19:18] [INFO] [cnx200_dashboard:repositories.py:442] - Bulk upserted 227 RSI metrics into stock_rsi_metrics.
[2026-09-04 00:19:18] [INFO] [cnx200_dashboard:rsi_service.py:150] - [119/200] RSI calculated for 'MARICO': 227 records.
[2026-09-04 00:19:18] [INFO] [cnx200_dashboard:repositories.py:442] - Bulk upserted 227 RSI metrics into stock_rsi_metrics.
[2026-09-04 00:19:18] [INFO] [cnx200_dashboard:rsi_service.py:150] - [120/200] RSI calculated for 'MARUTI': 227 records.
[2026-09-04 00:19:19] [INFO] [cnx200_dashboard:repositories.py:442] - Bulk upserted 227 RSI metrics into stock_rsi_metrics.
[2026-09-04 00:19:19] [INFO] [cnx200_dashboard:rsi_service.py:150] - [121/200] RSI calculated for 'MAXHEALTH': 227 records.
[2026-09-04 00:19:19] [INFO] [cnx200_dashboard:repositories.py:442] - Bulk upserted 227 RSI metrics into stock_rsi_metrics.
[2026-09-04 00:19:19] [INFO] [cnx200_dashboard:rsi_service.py:150] - [122/200] RSI calculated for 'MAZDOCK': 227 records.
[2026-09-04 00:19:19] [INFO] [cnx200_dashboard:repositories.py:442] - Bulk upserted 227 RSI metrics into stock_rsi_metrics.
[2026-09-04 00:19:19] [INFO] [cnx200_dashboard:rsi_service.py:150] - [123/200] RSI calculated for 'MCX': 227 records.
[2026-09-04 00:19:19] [INFO] [cnx200_dashboard:repositories.py:442] - Bulk upserted 227 RSI metrics into stock_rsi_metrics.
[2026-09-04 00:19:19] [INFO] [cnx200_dashboard:rsi_service.py:150] - [124/200] RSI calculated for 'MFSL': 227 records.
[2026-09-04 00:19:20] [INFO] [cnx200_dashboard:repositories.py:442] - Bulk upserted 227 RSI metrics into stock_rsi_metrics.
[2026-09-04 00:19:20] [INFO] [cnx200_dashboard:rsi_service.py:150] - [125/200] RSI calculated for 'MOTHERSON': 227 records.
[2026-09-04 00:19:20] [INFO] [cnx200_dashboard:repositories.py:442] - Bulk upserted 227 RSI metrics into stock_rsi_metrics.
[2026-09-04 00:19:20] [INFO] [cnx200_dashboard:rsi_service.py:150] - [126/200] RSI calculated for 'MOTILALOFS': 227 records.
[2026-09-04 00:19:20] [INFO] [cnx200_dashboard:repositories.py:442] - Bulk upserted 227 RSI metrics into stock_rsi_metrics.
[2026-09-04 00:19:20] [INFO] [cnx200_dashboard:rsi_service.py:150] - [127/200] RSI calculated for 'MPHASIS': 227 records.
[2026-09-04 00:19:20] [INFO] [cnx200_dashboard:repositories.py:442] - Bulk upserted 227 RSI metrics into stock_rsi_metrics.
[2026-09-04 00:19:20] [INFO] [cnx200_dashboard:rsi_service.py:150] - [128/200] RSI calculated for 'MRF': 227 records.
[2026-09-04 00:19:20] [INFO] [cnx200_dashboard:repositories.py:442] - Bulk upserted 227 RSI metrics into stock_rsi_metrics.
[2026-09-04 00:19:20] [INFO] [cnx200_dashboard:rsi_service.py:150] - [129/200] RSI calculated for 'MUTHOOTFIN': 227 records.
[2026-09-04 00:19:21] [INFO] [cnx200_dashboard:repositories.py:442] - Bulk upserted 227 RSI metrics into stock_rsi_metrics.
[2026-09-04 00:19:21] [INFO] [cnx200_dashboard:rsi_service.py:150] - [130/200] RSI calculated for 'NATIONALUM': 227 records.
[2026-09-04 00:19:21] [INFO] [cnx200_dashboard:repositories.py:442] - Bulk upserted 227 RSI metrics into stock_rsi_metrics.
[2026-09-04 00:19:21] [INFO] [cnx200_dashboard:rsi_service.py:150] - [131/200] RSI calculated for 'NAUKRI': 227 records.
[2026-09-04 00:19:21] [INFO] [cnx200_dashboard:repositories.py:442] - Bulk upserted 227 RSI metrics into stock_rsi_metrics.
[2026-09-04 00:19:21] [INFO] [cnx200_dashboard:rsi_service.py:150] - [132/200] RSI calculated for 'NESTLEIND': 227 records.
[2026-09-04 00:19:21] [INFO] [cnx200_dashboard:repositories.py:442] - Bulk upserted 227 RSI metrics into stock_rsi_metrics.
[2026-09-04 00:19:21] [INFO] [cnx200_dashboard:rsi_service.py:150] - [133/200] RSI calculated for 'NHPC': 227 records.
[2026-09-04 00:19:22] [INFO] [cnx200_dashboard:repositories.py:442] - Bulk upserted 227 RSI metrics into stock_rsi_metrics.
[2026-09-04 00:19:22] [INFO] [cnx200_dashboard:rsi_service.py:150] - [134/200] RSI calculated for 'NMDC': 227 records.
[2026-09-04 00:19:22] [INFO] [cnx200_dashboard:repositories.py:442] - Bulk upserted 227 RSI metrics into stock_rsi_metrics.
[2026-09-04 00:19:22] [INFO] [cnx200_dashboard:rsi_service.py:150] - [135/200] RSI calculated for 'NTPC': 227 records.
[2026-09-04 00:19:22] [INFO] [cnx200_dashboard:repositories.py:442] - Bulk upserted 227 RSI metrics into stock_rsi_metrics.
[2026-09-04 00:19:22] [INFO] [cnx200_dashboard:rsi_service.py:150] - [136/200] RSI calculated for 'NYKAA': 227 records.
[2026-09-04 00:19:23] [INFO] [cnx200_dashboard:repositories.py:442] - Bulk upserted 227 RSI metrics into stock_rsi_metrics.
[2026-09-04 00:19:23] [INFO] [cnx200_dashboard:rsi_service.py:150] - [137/200] RSI calculated for 'OBEROIRLTY': 227 records.
[2026-09-04 00:19:23] [INFO] [cnx200_dashboard:repositories.py:442] - Bulk upserted 227 RSI metrics into stock_rsi_metrics.
[2026-09-04 00:19:23] [INFO] [cnx200_dashboard:rsi_service.py:150] - [138/200] RSI calculated for 'OFSS': 227 records.
[2026-09-04 00:19:23] [INFO] [cnx200_dashboard:repositories.py:442] - Bulk upserted 227 RSI metrics into stock_rsi_metrics.
[2026-09-04 00:19:23] [INFO] [cnx200_dashboard:rsi_service.py:150] - [139/200] RSI calculated for 'OIL': 227 records.
[2026-09-04 00:19:23] [INFO] [cnx200_dashboard:repositories.py:442] - Bulk upserted 227 RSI metrics into stock_rsi_metrics.
[2026-09-04 00:19:23] [INFO] [cnx200_dashboard:rsi_service.py:150] - [140/200] RSI calculated for 'ONGC': 227 records.
[2026-09-04 00:19:23] [INFO] [cnx200_dashboard:repositories.py:442] - Bulk upserted 227 RSI metrics into stock_rsi_metrics.
[2026-09-04 00:19:23] [INFO] [cnx200_dashboard:rsi_service.py:150] - [141/200] RSI calculated for 'PAGEIND': 227 records.
[2026-09-04 00:19:24] [INFO] [cnx200_dashboard:repositories.py:442] - Bulk upserted 227 RSI metrics into stock_rsi_metrics.
[2026-09-04 00:19:24] [INFO] [cnx200_dashboard:rsi_service.py:150] - [142/200] RSI calculated for 'PATANJALI': 227 records.
[2026-09-04 00:19:24] [INFO] [cnx200_dashboard:repositories.py:442] - Bulk upserted 227 RSI metrics into stock_rsi_metrics.
[2026-09-04 00:19:24] [INFO] [cnx200_dashboard:rsi_service.py:150] - [143/200] RSI calculated for 'PAYTM': 227 records.
[2026-09-04 00:19:24] [INFO] [cnx200_dashboard:repositories.py:442] - Bulk upserted 227 RSI metrics into stock_rsi_metrics.
[2026-09-04 00:19:24] [INFO] [cnx200_dashboard:rsi_service.py:150] - [144/200] RSI calculated for 'PERSISTENT': 227 records.
[2026-09-04 00:19:24] [INFO] [cnx200_dashboard:repositories.py:442] - Bulk upserted 227 RSI metrics into stock_rsi_metrics.
[2026-09-04 00:19:24] [INFO] [cnx200_dashboard:rsi_service.py:150] - [145/200] RSI calculated for 'PFC': 227 records.
[2026-09-04 00:19:25] [INFO] [cnx200_dashboard:repositories.py:442] - Bulk upserted 227 RSI metrics into stock_rsi_metrics.
[2026-09-04 00:19:25] [INFO] [cnx200_dashboard:rsi_service.py:150] - [146/200] RSI calculated for 'PHOENIXLTD': 227 records.
[2026-09-04 00:19:25] [INFO] [cnx200_dashboard:repositories.py:442] - Bulk upserted 227 RSI metrics into stock_rsi_metrics.
[2026-09-04 00:19:25] [INFO] [cnx200_dashboard:rsi_service.py:150] - [147/200] RSI calculated for 'PIDILITIND': 227 records.
[2026-09-04 00:19:25] [INFO] [cnx200_dashboard:repositories.py:442] - Bulk upserted 227 RSI metrics into stock_rsi_metrics.
[2026-09-04 00:19:25] [INFO] [cnx200_dashboard:rsi_service.py:150] - [148/200] RSI calculated for 'PIIND': 227 records.
[2026-09-04 00:19:25] [INFO] [cnx200_dashboard:repositories.py:442] - Bulk upserted 227 RSI metrics into stock_rsi_metrics.
[2026-09-04 00:19:25] [INFO] [cnx200_dashboard:rsi_service.py:150] - [149/200] RSI calculated for 'PNB': 227 records.
[2026-09-04 00:19:25] [INFO] [cnx200_dashboard:repositories.py:442] - Bulk upserted 227 RSI metrics into stock_rsi_metrics.
[2026-09-04 00:19:25] [INFO] [cnx200_dashboard:rsi_service.py:150] - [150/200] RSI calculated for 'POLICYBZR': 227 records.
[2026-09-04 00:19:26] [INFO] [cnx200_dashboard:repositories.py:442] - Bulk upserted 227 RSI metrics into stock_rsi_metrics.
[2026-09-04 00:19:26] [INFO] [cnx200_dashboard:rsi_service.py:150] - [151/200] RSI calculated for 'POLYCAB': 227 records.
[2026-09-04 00:19:26] [INFO] [cnx200_dashboard:repositories.py:442] - Bulk upserted 227 RSI metrics into stock_rsi_metrics.
[2026-09-04 00:19:26] [INFO] [cnx200_dashboard:rsi_service.py:150] - [152/200] RSI calculated for 'POWERGRID': 227 records.
[2026-09-04 00:19:26] [INFO] [cnx200_dashboard:repositories.py:442] - Bulk upserted 227 RSI metrics into stock_rsi_metrics.
[2026-09-04 00:19:26] [INFO] [cnx200_dashboard:rsi_service.py:150] - [153/200] RSI calculated for 'POWERINDIA': 227 records.
[2026-09-04 00:19:26] [INFO] [cnx200_dashboard:repositories.py:442] - Bulk upserted 227 RSI metrics into stock_rsi_metrics.
[2026-09-04 00:19:26] [INFO] [cnx200_dashboard:rsi_service.py:150] - [154/200] RSI calculated for 'PREMIERENE': 227 records.
[2026-09-04 00:19:27] [INFO] [cnx200_dashboard:repositories.py:442] - Bulk upserted 227 RSI metrics into stock_rsi_metrics.
[2026-09-04 00:19:27] [INFO] [cnx200_dashboard:rsi_service.py:150] - [155/200] RSI calculated for 'PRESTIGE': 227 records.
[2026-09-04 00:19:27] [INFO] [cnx200_dashboard:repositories.py:442] - Bulk upserted 227 RSI metrics into stock_rsi_metrics.
[2026-09-04 00:19:27] [INFO] [cnx200_dashboard:rsi_service.py:150] - [156/200] RSI calculated for 'RADICO': 227 records.
[2026-09-04 00:19:27] [INFO] [cnx200_dashboard:repositories.py:442] - Bulk upserted 227 RSI metrics into stock_rsi_metrics.
[2026-09-04 00:19:27] [INFO] [cnx200_dashboard:rsi_service.py:150] - [157/200] RSI calculated for 'RECLTD': 227 records.
[2026-09-04 00:19:27] [INFO] [cnx200_dashboard:repositories.py:442] - Bulk upserted 394 RSI metrics into stock_rsi_metrics.
[2026-09-04 00:19:27] [INFO] [cnx200_dashboard:rsi_service.py:150] - [158/200] RSI calculated for 'RELIANCE': 394 records.
[2026-09-04 00:19:28] [INFO] [cnx200_dashboard:repositories.py:442] - Bulk upserted 227 RSI metrics into stock_rsi_metrics.
[2026-09-04 00:19:28] [INFO] [cnx200_dashboard:rsi_service.py:150] - [159/200] RSI calculated for 'RVNL': 227 records.
[2026-09-04 00:19:28] [INFO] [cnx200_dashboard:repositories.py:442] - Bulk upserted 227 RSI metrics into stock_rsi_metrics.
[2026-09-04 00:19:28] [INFO] [cnx200_dashboard:rsi_service.py:150] - [160/200] RSI calculated for 'SAIL': 227 records.
[2026-09-04 00:19:28] [INFO] [cnx200_dashboard:repositories.py:442] - Bulk upserted 227 RSI metrics into stock_rsi_metrics.
[2026-09-04 00:19:28] [INFO] [cnx200_dashboard:rsi_service.py:150] - [161/200] RSI calculated for 'SBICARD': 227 records.
[2026-09-04 00:19:28] [INFO] [cnx200_dashboard:repositories.py:442] - Bulk upserted 227 RSI metrics into stock_rsi_metrics.
[2026-09-04 00:19:28] [INFO] [cnx200_dashboard:rsi_service.py:150] - [162/200] RSI calculated for 'SBILIFE': 227 records.
[2026-09-04 00:19:29] [INFO] [cnx200_dashboard:repositories.py:442] - Bulk upserted 227 RSI metrics into stock_rsi_metrics.
[2026-09-04 00:19:29] [INFO] [cnx200_dashboard:rsi_service.py:150] - [163/200] RSI calculated for 'SBIN': 227 records.
[2026-09-04 00:19:29] [INFO] [cnx200_dashboard:repositories.py:442] - Bulk upserted 227 RSI metrics into stock_rsi_metrics.
[2026-09-04 00:19:29] [INFO] [cnx200_dashboard:rsi_service.py:150] - [164/200] RSI calculated for 'SHREECEM': 227 records.
[2026-09-04 00:19:29] [INFO] [cnx200_dashboard:repositories.py:442] - Bulk upserted 227 RSI metrics into stock_rsi_metrics.
[2026-09-04 00:19:29] [INFO] [cnx200_dashboard:rsi_service.py:150] - [165/200] RSI calculated for 'SHRIRAMFIN': 227 records.
[2026-09-04 00:19:29] [INFO] [cnx200_dashboard:repositories.py:442] - Bulk upserted 227 RSI metrics into stock_rsi_metrics.
[2026-09-04 00:19:29] [INFO] [cnx200_dashboard:rsi_service.py:150] - [166/200] RSI calculated for 'SIEMENS': 227 records.
[2026-09-04 00:19:29] [INFO] [cnx200_dashboard:repositories.py:442] - Bulk upserted 227 RSI metrics into stock_rsi_metrics.
[2026-09-04 00:19:29] [INFO] [cnx200_dashboard:rsi_service.py:150] - [167/200] RSI calculated for 'SOLARINDS': 227 records.
[2026-09-04 00:19:30] [INFO] [cnx200_dashboard:repositories.py:442] - Bulk upserted 227 RSI metrics into stock_rsi_metrics.
[2026-09-04 00:19:30] [INFO] [cnx200_dashboard:rsi_service.py:150] - [168/200] RSI calculated for 'SRF': 227 records.
[2026-09-04 00:19:30] [INFO] [cnx200_dashboard:repositories.py:442] - Bulk upserted 227 RSI metrics into stock_rsi_metrics.
[2026-09-04 00:19:30] [INFO] [cnx200_dashboard:rsi_service.py:150] - [169/200] RSI calculated for 'SUNPHARMA': 227 records.
[2026-09-04 00:19:30] [INFO] [cnx200_dashboard:repositories.py:442] - Bulk upserted 227 RSI metrics into stock_rsi_metrics.
[2026-09-04 00:19:30] [INFO] [cnx200_dashboard:rsi_service.py:150] - [170/200] RSI calculated for 'SUPREMEIND': 227 records.
[2026-09-04 00:19:30] [INFO] [cnx200_dashboard:repositories.py:442] - Bulk upserted 227 RSI metrics into stock_rsi_metrics.
[2026-09-04 00:19:30] [INFO] [cnx200_dashboard:rsi_service.py:150] - [171/200] RSI calculated for 'SUZLON': 227 records.
[2026-09-04 00:19:30] [INFO] [cnx200_dashboard:repositories.py:442] - Bulk upserted 227 RSI metrics into stock_rsi_metrics.
[2026-09-04 00:19:30] [INFO] [cnx200_dashboard:rsi_service.py:150] - [172/200] RSI calculated for 'SWIGGY': 227 records.
[2026-09-04 00:19:31] [INFO] [cnx200_dashboard:repositories.py:442] - Bulk upserted 200 RSI metrics into stock_rsi_metrics.
[2026-09-04 00:19:31] [INFO] [cnx200_dashboard:rsi_service.py:150] - [173/200] RSI calculated for 'TATACAP': 200 records.
[2026-09-04 00:19:31] [INFO] [cnx200_dashboard:repositories.py:442] - Bulk upserted 227 RSI metrics into stock_rsi_metrics.
[2026-09-04 00:19:31] [INFO] [cnx200_dashboard:rsi_service.py:150] - [174/200] RSI calculated for 'TATACOMM': 227 records.
[2026-09-04 00:19:31] [INFO] [cnx200_dashboard:repositories.py:442] - Bulk upserted 227 RSI metrics into stock_rsi_metrics.
[2026-09-04 00:19:31] [INFO] [cnx200_dashboard:rsi_service.py:150] - [175/200] RSI calculated for 'TATACONSUM': 227 records.
[2026-09-04 00:19:31] [INFO] [cnx200_dashboard:repositories.py:442] - Bulk upserted 227 RSI metrics into stock_rsi_metrics.
[2026-09-04 00:19:31] [INFO] [cnx200_dashboard:rsi_service.py:150] - [176/200] RSI calculated for 'TATAELXSI': 227 records.
[2026-09-04 00:19:32] [INFO] [cnx200_dashboard:repositories.py:442] - Bulk upserted 227 RSI metrics into stock_rsi_metrics.
[2026-09-04 00:19:32] [INFO] [cnx200_dashboard:rsi_service.py:150] - [177/200] RSI calculated for 'TATAINVEST': 227 records.
[2026-09-04 00:19:32] [INFO] [cnx200_dashboard:repositories.py:442] - Bulk upserted 227 RSI metrics into stock_rsi_metrics.
[2026-09-04 00:19:32] [INFO] [cnx200_dashboard:rsi_service.py:150] - [178/200] RSI calculated for 'TATAPOWER': 227 records.
[2026-09-04 00:19:32] [INFO] [cnx200_dashboard:repositories.py:442] - Bulk upserted 227 RSI metrics into stock_rsi_metrics.
[2026-09-04 00:19:32] [INFO] [cnx200_dashboard:rsi_service.py:150] - [179/200] RSI calculated for 'TATASTEEL': 227 records.
[2026-09-04 00:19:32] [INFO] [cnx200_dashboard:repositories.py:442] - Bulk upserted 394 RSI metrics into stock_rsi_metrics.
[2026-09-04 00:19:32] [INFO] [cnx200_dashboard:rsi_service.py:150] - [180/200] RSI calculated for 'TCS': 394 records.
[2026-09-04 00:19:33] [INFO] [cnx200_dashboard:repositories.py:442] - Bulk upserted 227 RSI metrics into stock_rsi_metrics.
[2026-09-04 00:19:33] [INFO] [cnx200_dashboard:rsi_service.py:150] - [181/200] RSI calculated for 'TECHM': 227 records.
[2026-09-04 00:19:33] [INFO] [cnx200_dashboard:repositories.py:442] - Bulk upserted 227 RSI metrics into stock_rsi_metrics.
[2026-09-04 00:19:33] [INFO] [cnx200_dashboard:rsi_service.py:150] - [182/200] RSI calculated for 'TIINDIA': 227 records.
[2026-09-04 00:19:33] [INFO] [cnx200_dashboard:repositories.py:442] - Bulk upserted 227 RSI metrics into stock_rsi_metrics.
[2026-09-04 00:19:33] [INFO] [cnx200_dashboard:rsi_service.py:150] - [183/200] RSI calculated for 'TITAN': 227 records.
[2026-09-04 00:19:33] [INFO] [cnx200_dashboard:repositories.py:442] - Bulk upserted 180 RSI metrics into stock_rsi_metrics.
[2026-09-04 00:19:33] [INFO] [cnx200_dashboard:rsi_service.py:150] - [184/200] RSI calculated for 'TMCV': 180 records.
[2026-09-04 00:19:33] [INFO] [cnx200_dashboard:repositories.py:442] - Bulk upserted 192 RSI metrics into stock_rsi_metrics.
[2026-09-04 00:19:33] [INFO] [cnx200_dashboard:rsi_service.py:150] - [185/200] RSI calculated for 'TMPV': 192 records.
[2026-09-04 00:19:34] [INFO] [cnx200_dashboard:repositories.py:442] - Bulk upserted 227 RSI metrics into stock_rsi_metrics.
[2026-09-04 00:19:34] [INFO] [cnx200_dashboard:rsi_service.py:150] - [186/200] RSI calculated for 'TORNTPHARM': 227 records.
[2026-09-04 00:19:34] [INFO] [cnx200_dashboard:repositories.py:442] - Bulk upserted 227 RSI metrics into stock_rsi_metrics.
[2026-09-04 00:19:34] [INFO] [cnx200_dashboard:rsi_service.py:150] - [187/200] RSI calculated for 'TRENT': 227 records.
[2026-09-04 00:19:34] [INFO] [cnx200_dashboard:repositories.py:442] - Bulk upserted 227 RSI metrics into stock_rsi_metrics.
[2026-09-04 00:19:34] [INFO] [cnx200_dashboard:rsi_service.py:150] - [188/200] RSI calculated for 'TVSMOTOR': 227 records.
[2026-09-04 00:19:34] [INFO] [cnx200_dashboard:repositories.py:442] - Bulk upserted 227 RSI metrics into stock_rsi_metrics.
[2026-09-04 00:19:34] [INFO] [cnx200_dashboard:rsi_service.py:150] - [189/200] RSI calculated for 'ULTRACEMCO': 227 records.
[2026-09-04 00:19:35] [INFO] [cnx200_dashboard:repositories.py:442] - Bulk upserted 227 RSI metrics into stock_rsi_metrics.
[2026-09-04 00:19:35] [INFO] [cnx200_dashboard:rsi_service.py:150] - [190/200] RSI calculated for 'UNIONBANK': 227 records.
[2026-09-04 00:19:35] [INFO] [cnx200_dashboard:repositories.py:442] - Bulk upserted 227 RSI metrics into stock_rsi_metrics.
[2026-09-04 00:19:35] [INFO] [cnx200_dashboard:rsi_service.py:150] - [191/200] RSI calculated for 'UNITDSPR': 227 records.
[2026-09-04 00:19:35] [INFO] [cnx200_dashboard:repositories.py:442] - Bulk upserted 227 RSI metrics into stock_rsi_metrics.
[2026-09-04 00:19:35] [INFO] [cnx200_dashboard:rsi_service.py:150] - [192/200] RSI calculated for 'UPL': 227 records.
[2026-09-04 00:19:35] [INFO] [cnx200_dashboard:repositories.py:442] - Bulk upserted 227 RSI metrics into stock_rsi_metrics.
[2026-09-04 00:19:35] [INFO] [cnx200_dashboard:rsi_service.py:150] - [193/200] RSI calculated for 'VBL': 227 records.
[2026-09-04 00:19:35] [INFO] [cnx200_dashboard:repositories.py:442] - Bulk upserted 227 RSI metrics into stock_rsi_metrics.
[2026-09-04 00:19:35] [INFO] [cnx200_dashboard:rsi_service.py:150] - [194/200] RSI calculated for 'VEDL': 227 records.
[2026-09-04 00:19:36] [INFO] [cnx200_dashboard:repositories.py:442] - Bulk upserted 227 RSI metrics into stock_rsi_metrics.
[2026-09-04 00:19:36] [INFO] [cnx200_dashboard:rsi_service.py:150] - [195/200] RSI calculated for 'VMM': 227 records.
[2026-09-04 00:19:36] [INFO] [cnx200_dashboard:repositories.py:442] - Bulk upserted 227 RSI metrics into stock_rsi_metrics.
[2026-09-04 00:19:36] [INFO] [cnx200_dashboard:rsi_service.py:150] - [196/200] RSI calculated for 'VOLTAS': 227 records.
[2026-09-04 00:19:36] [INFO] [cnx200_dashboard:repositories.py:442] - Bulk upserted 227 RSI metrics into stock_rsi_metrics.
[2026-09-04 00:19:36] [INFO] [cnx200_dashboard:rsi_service.py:150] - [197/200] RSI calculated for 'WAAREEENER': 227 records.
[2026-09-04 00:19:36] [INFO] [cnx200_dashboard:repositories.py:442] - Bulk upserted 227 RSI metrics into stock_rsi_metrics.
[2026-09-04 00:19:36] [INFO] [cnx200_dashboard:rsi_service.py:150] - [198/200] RSI calculated for 'WIPRO': 227 records.
[2026-09-04 00:19:37] [INFO] [cnx200_dashboard:repositories.py:442] - Bulk upserted 227 RSI metrics into stock_rsi_metrics.
[2026-09-04 00:19:37] [INFO] [cnx200_dashboard:rsi_service.py:150] - [199/200] RSI calculated for 'YESBANK': 227 records.
[2026-09-04 00:19:37] [INFO] [cnx200_dashboard:repositories.py:442] - Bulk upserted 227 RSI metrics into stock_rsi_metrics.
[2026-09-04 00:19:37] [INFO] [cnx200_dashboard:rsi_service.py:150] - [200/200] RSI calculated for 'ZYDUSLIFE': 227 records.
[2026-09-04 00:19:37] [ERROR] [cnx200_dashboard:connection.py:64] - Database session error. Transaction rolled back: (pymysql.err.ProgrammingError) (1064, "You have an error in your SQL syntax; check the manual that corresponds to your MariaDB server version for the right syntax to use near 'NULLS LAST' at line 4")
[SQL: SELECT stock_master.symbol, stock_master.company_name, stock_rsi_metrics.trade_date, stock_rsi_metrics.rsi_22, stock_rsi_metrics.rsi_44, stock_rsi_metrics.rsi_66, stock_rsi_metrics.average_rsi 
FROM stock_master INNER JOIN stock_rsi_metrics ON stock_master.id = stock_rsi_metrics.stock_id INNER JOIN (SELECT stock_rsi_metrics.stock_id AS stock_id, max(stock_rsi_metrics.trade_date) AS max_date 
FROM stock_rsi_metrics GROUP BY stock_rsi_metrics.stock_id) AS anon_1 ON stock_rsi_metrics.stock_id = anon_1.stock_id AND stock_rsi_metrics.trade_date = anon_1.max_date 
WHERE stock_master.active = true ORDER BY stock_rsi_metrics.average_rsi DESC NULLS LAST]
(Background on this error at: https://sqlalche.me/e/20/f405)
[2026-09-04 00:19:54] [INFO] [cnx200_dashboard:init_db.py:13] - Checking/Creating MySQL Database 'cnx200_rsi_dashboard'...
[2026-09-04 00:19:54] [INFO] [cnx200_dashboard:init_db.py:25] - Database 'cnx200_rsi_dashboard' ensured.
[2026-09-04 00:19:54] [INFO] [cnx200_dashboard:connection.py:34] - SQLAlchemy Database Engine initialized successfully.
[2026-09-04 00:19:54] [INFO] [cnx200_dashboard:init_db.py:31] - Creating tables, foreign keys, and indexes if they do not exist...
[2026-09-04 00:19:54] [INFO] [cnx200_dashboard:init_db.py:34] - All database tables initialized successfully.
[2026-09-04 00:19:54] [INFO] [cnx200_dashboard:excel_report_service.py:40] - Starting NIFTY 200 Excel Report Generation...
[2026-09-04 00:19:54] [INFO] [cnx200_dashboard:excel_report_service.py:60] - Database market data & RSI metrics are up-to-date (Latest Market Date: 2026-09-03). Skipping re-fetch.
[2026-09-04 00:19:55] [ERROR] [cnx200_dashboard:connection.py:64] - Database session error. Transaction rolled back: (pymysql.err.ProgrammingError) (1064, "You have an error in your SQL syntax; check the manual that corresponds to your MariaDB server version for the right syntax to use near 'NULLS LAST' at line 4")
[SQL: SELECT stock_master.symbol, stock_master.company_name, stock_rsi_metrics.trade_date, stock_rsi_metrics.rsi_22, stock_rsi_metrics.rsi_44, stock_rsi_metrics.rsi_66, stock_rsi_metrics.average_rsi 
FROM stock_master INNER JOIN stock_rsi_metrics ON stock_master.id = stock_rsi_metrics.stock_id INNER JOIN (SELECT stock_rsi_metrics.stock_id AS stock_id, max(stock_rsi_metrics.trade_date) AS max_date 
FROM stock_rsi_metrics GROUP BY stock_rsi_metrics.stock_id) AS anon_1 ON stock_rsi_metrics.stock_id = anon_1.stock_id AND stock_rsi_metrics.trade_date = anon_1.max_date 
WHERE stock_master.active = true ORDER BY stock_rsi_metrics.average_rsi DESC NULLS LAST]
(Background on this error at: https://sqlalche.me/e/20/f405)
[2026-09-04 00:20:26] [INFO] [cnx200_dashboard:init_db.py:13] - Checking/Creating MySQL Database 'cnx200_rsi_dashboard'...
[2026-09-04 00:20:26] [INFO] [cnx200_dashboard:init_db.py:25] - Database 'cnx200_rsi_dashboard' ensured.
[2026-09-04 00:20:26] [INFO] [cnx200_dashboard:connection.py:34] - SQLAlchemy Database Engine initialized successfully.
[2026-09-04 00:20:26] [INFO] [cnx200_dashboard:init_db.py:31] - Creating tables, foreign keys, and indexes if they do not exist...
[2026-09-04 00:20:27] [INFO] [cnx200_dashboard:init_db.py:34] - All database tables initialized successfully.
[2026-09-04 00:20:27] [INFO] [cnx200_dashboard:excel_report_service.py:40] - Starting NIFTY 200 Excel Report Generation...
[2026-09-04 00:20:27] [INFO] [cnx200_dashboard:excel_report_service.py:60] - Database market data & RSI metrics are up-to-date (Latest Market Date: 2026-09-03). Skipping re-fetch.
[2026-09-04 00:20:28] [INFO] [cnx200_dashboard:excel_report_service.py:249] - Excel report successfully generated at D:\Nifty-200_Stock_RSI_Index\output\NIFTY200_RSI_Report_2026-09-04_002028.xlsx
[2026-09-04 00:20:42] [INFO] [cnx200_dashboard:main.py:48] - No specific flags provided. Initializing database and running connectivity tests...
[2026-09-04 00:20:42] [INFO] [cnx200_dashboard:init_db.py:13] - Checking/Creating MySQL Database 'cnx200_rsi_dashboard'...
[2026-09-04 00:20:42] [INFO] [cnx200_dashboard:init_db.py:25] - Database 'cnx200_rsi_dashboard' ensured.
[2026-09-04 00:20:42] [INFO] [cnx200_dashboard:connection.py:34] - SQLAlchemy Database Engine initialized successfully.
[2026-09-04 00:20:42] [INFO] [cnx200_dashboard:init_db.py:31] - Creating tables, foreign keys, and indexes if they do not exist...
[2026-09-04 00:20:42] [INFO] [cnx200_dashboard:init_db.py:34] - All database tables initialized successfully.
[2026-09-04 00:20:42] [INFO] [cnx200_dashboard:init_db.py:13] - Checking/Creating MySQL Database 'cnx200_rsi_dashboard'...
[2026-09-04 00:20:42] [INFO] [cnx200_dashboard:init_db.py:25] - Database 'cnx200_rsi_dashboard' ensured.
[2026-09-04 00:20:42] [INFO] [cnx200_dashboard:init_db.py:31] - Creating tables, foreign keys, and indexes if they do not exist...
[2026-09-04 00:20:43] [INFO] [cnx200_dashboard:init_db.py:34] - All database tables initialized successfully.
[2026-09-04 00:20:43] [INFO] [cnx200_dashboard:connection.py:79] - Database connection test successful on target 'cnx200_rsi_dashboard'.
[2026-09-04 00:20:43] [INFO] [cnx200_dashboard:repositories.py:28] - Stock 'RELIANCE' already exists in stock_master (ID: 7).
[2026-09-04 00:20:43] [INFO] [cnx200_dashboard:repositories.py:28] - Stock 'TCS' already exists in stock_master (ID: 8).
[2026-09-04 00:20:43] [INFO] [cnx200_dashboard:repositories.py:164] - Bulk upserted 1 price records into daily_prices.
[2026-09-04 00:20:43] [INFO] [cnx200_dashboard:repositories.py:164] - Bulk upserted 1 price records into daily_prices.
[2026-09-04 00:20:43] [INFO] [cnx200_dashboard:repositories.py:297] - Created JobRun 'Daily Market Update' (ID: 20).
[2026-09-04 00:20:43] [WARNING] [cnx200_dashboard:repositories.py:367] - Logged JobError for JobRun ID 20 (Type: API_TIMEOUT).
[2026-09-04 00:20:43] [INFO] [cnx200_dashboard:repositories.py:341] - Completed JobRun ID 20 with status 'PARTIAL_SUCCESS'.
[2026-09-04 00:21:18] [INFO] [cnx200_dashboard:init_db.py:13] - Checking/Creating MySQL Database 'cnx200_rsi_dashboard'...
[2026-09-04 00:21:19] [INFO] [cnx200_dashboard:init_db.py:25] - Database 'cnx200_rsi_dashboard' ensured.
[2026-09-04 00:21:19] [INFO] [cnx200_dashboard:connection.py:34] - SQLAlchemy Database Engine initialized successfully.
[2026-09-04 00:21:19] [INFO] [cnx200_dashboard:init_db.py:31] - Creating tables, foreign keys, and indexes if they do not exist...
[2026-09-04 00:21:19] [INFO] [cnx200_dashboard:init_db.py:34] - All database tables initialized successfully.
[2026-09-04 00:21:19] [INFO] [cnx200_dashboard:main.py:94] - Starting Excel Report Generation...
[2026-09-04 00:21:19] [INFO] [cnx200_dashboard:excel_report_service.py:40] - Starting NIFTY 200 Excel Report Generation...
[2026-09-04 00:21:19] [INFO] [cnx200_dashboard:excel_report_service.py:60] - Database market data & RSI metrics are up-to-date (Latest Market Date: 2026-09-03). Skipping re-fetch.
[2026-09-04 00:21:21] [INFO] [cnx200_dashboard:excel_report_service.py:249] - Excel report successfully generated at D:\Nifty-200_Stock_RSI_Index\output\NIFTY200_RSI_Report_2026-09-04_002120.xlsx
[2026-09-04 00:22:48] [INFO] [cnx200_dashboard:init_db.py:13] - Checking/Creating MySQL Database 'cnx200_rsi_dashboard'...
[2026-09-04 00:22:48] [INFO] [cnx200_dashboard:init_db.py:25] - Database 'cnx200_rsi_dashboard' ensured.
[2026-09-04 00:22:48] [INFO] [cnx200_dashboard:connection.py:34] - SQLAlchemy Database Engine initialized successfully.
[2026-09-04 00:22:48] [INFO] [cnx200_dashboard:init_db.py:31] - Creating tables, foreign keys, and indexes if they do not exist...
[2026-09-04 00:22:49] [INFO] [cnx200_dashboard:init_db.py:34] - All database tables initialized successfully.
[2026-09-04 00:22:49] [INFO] [cnx200_dashboard:excel_report_service.py:40] - Starting NIFTY 200 Excel Report Generation...
[2026-09-04 00:22:49] [INFO] [cnx200_dashboard:excel_report_service.py:60] - Database market data & RSI metrics are up-to-date (Latest Market Date: 2026-09-03). Skipping re-fetch.
[2026-09-04 00:22:50] [INFO] [cnx200_dashboard:excel_report_service.py:249] - Excel report successfully generated at D:\Nifty-200_Stock_RSI_Index\output\NIFTY200_RSI_Report_2026-09-04_002250.xlsx
[2026-09-04 12:06:37] [INFO] [cnx200_dashboard:connection.py:34] - SQLAlchemy Database Engine initialized successfully.
[2026-09-04 12:29:16] [INFO] [cnx200_dashboard:connection.py:34] - SQLAlchemy Database Engine initialized successfully.
[2026-09-04 12:29:16] [INFO] [cnx200_dashboard:connection.py:79] - Database connection test successful on target 'cnx200_rsi_dashboard'.
[2026-09-04 12:33:13] [INFO] [cnx200_dashboard:connection.py:34] - SQLAlchemy Database Engine initialized successfully.
[2026-09-04 12:33:13] [INFO] [cnx200_dashboard:connection.py:79] - Database connection test successful on target 'cnx200_rsi_dashboard'.
[2026-09-04 12:33:13] [INFO] [cnx200_dashboard:repositories.py:297] - Created JobRun 'VERIFICATION_TEST' (ID: 21).
[2026-09-04 12:33:13] [INFO] [cnx200_dashboard:repositories.py:341] - Completed JobRun ID 21 with status 'SUCCESS'.
[2026-09-04 12:33:14] [INFO] [cnx200_dashboard:verify_stabilization.py:346] - Stabilization test log entry
[2026-09-04 12:33:14] [INFO] [cnx200_dashboard:repositories.py:164] - Bulk upserted 1 price records into daily_prices.
[2026-09-04 12:33:14] [INFO] [cnx200_dashboard:repositories.py:164] - Bulk upserted 1 price records into daily_prices.
[2026-09-04 12:33:14] [INFO] [cnx200_dashboard:repositories.py:442] - Bulk upserted 1 RSI metrics into stock_rsi_metrics.
[2026-09-04 12:34:05] [INFO] [cnx200_dashboard:connection.py:34] - SQLAlchemy Database Engine initialized successfully.
[2026-09-04 12:34:05] [INFO] [cnx200_dashboard:connection.py:79] - Database connection test successful on target 'cnx200_rsi_dashboard'.
[2026-09-04 12:34:05] [INFO] [cnx200_dashboard:repositories.py:297] - Created JobRun 'VERIFICATION_TEST' (ID: 22).
[2026-09-04 12:34:05] [INFO] [cnx200_dashboard:repositories.py:341] - Completed JobRun ID 22 with status 'SUCCESS'.
[2026-09-04 12:34:05] [INFO] [cnx200_dashboard:verify_stabilization.py:347] - Stabilization test log entry
[2026-09-04 12:34:05] [INFO] [cnx200_dashboard:repositories.py:164] - Bulk upserted 1 price records into daily_prices.
[2026-09-04 12:34:05] [INFO] [cnx200_dashboard:repositories.py:164] - Bulk upserted 1 price records into daily_prices.
[2026-09-04 12:34:05] [INFO] [cnx200_dashboard:repositories.py:442] - Bulk upserted 1 RSI metrics into stock_rsi_metrics.
[2026-09-04 13:01:25] [INFO] [cnx200_dashboard:connection.py:34] - SQLAlchemy Database Engine initialized successfully.
[2026-09-04 13:15:25] [INFO] [cnx200_dashboard:connection.py:34] - SQLAlchemy Database Engine initialized successfully.
[2026-09-04 13:19:17] [INFO] [cnx200_dashboard:connection.py:34] - SQLAlchemy Database Engine initialized successfully.
[2026-09-04 13:22:44] [INFO] [cnx200_dashboard:connection.py:34] - SQLAlchemy Database Engine initialized successfully.
[2026-09-04 13:23:46] [INFO] [cnx200_dashboard:connection.py:34] - SQLAlchemy Database Engine initialized successfully.
[2026-09-04 13:25:19] [INFO] [cnx200_dashboard:connection.py:34] - SQLAlchemy Database Engine initialized successfully.
[2026-09-04 13:26:06] [INFO] [cnx200_dashboard:excel_report_service.py:40] - Starting NIFTY 200 Excel Report Generation...
[2026-09-04 13:26:06] [INFO] [cnx200_dashboard:excel_report_service.py:60] - Database market data & RSI metrics are up-to-date (Latest Market Date: 2026-09-03). Skipping re-fetch.
[2026-09-04 13:26:09] [INFO] [cnx200_dashboard:excel_report_service.py:249] - Excel report successfully generated at D:\Nifty-200_Stock_RSI_Index\output\NIFTY200_RSI_Report_2026-09-04_132608.xlsx
[2026-09-04 13:27:39] [INFO] [cnx200_dashboard:init_db.py:13] - Checking/Creating MySQL Database 'cnx200_rsi_dashboard'...
[2026-09-04 13:27:39] [INFO] [cnx200_dashboard:init_db.py:25] - Database 'cnx200_rsi_dashboard' ensured.
[2026-09-04 13:27:39] [INFO] [cnx200_dashboard:connection.py:34] - SQLAlchemy Database Engine initialized successfully.
[2026-09-04 13:27:39] [INFO] [cnx200_dashboard:init_db.py:31] - Creating tables, foreign keys, and indexes if they do not exist...
[2026-09-04 13:27:39] [INFO] [cnx200_dashboard:init_db.py:34] - All database tables initialized successfully.
[2026-09-04 13:27:46] [INFO] [cnx200_dashboard:init_db.py:13] - Checking/Creating MySQL Database 'cnx200_rsi_dashboard'...
[2026-09-04 13:27:47] [INFO] [cnx200_dashboard:init_db.py:25] - Database 'cnx200_rsi_dashboard' ensured.
[2026-09-04 13:27:47] [INFO] [cnx200_dashboard:connection.py:34] - SQLAlchemy Database Engine initialized successfully.
[2026-09-04 13:27:47] [INFO] [cnx200_dashboard:init_db.py:31] - Creating tables, foreign keys, and indexes if they do not exist...
[2026-09-04 13:27:47] [INFO] [cnx200_dashboard:init_db.py:34] - All database tables initialized successfully.
[2026-09-04 13:27:47] [INFO] [cnx200_dashboard:connection.py:79] - Database connection test successful on target 'cnx200_rsi_dashboard'.
[2026-09-04 13:27:47] [INFO] [cnx200_dashboard:repositories.py:28] - Stock 'RELIANCE' already exists in stock_master (ID: 7).
[2026-09-04 13:27:47] [INFO] [cnx200_dashboard:repositories.py:28] - Stock 'TCS' already exists in stock_master (ID: 8).
[2026-09-04 13:27:47] [INFO] [cnx200_dashboard:repositories.py:169] - Bulk upserted 1 price records into daily_prices.
[2026-09-04 13:27:47] [INFO] [cnx200_dashboard:repositories.py:169] - Bulk upserted 1 price records into daily_prices.
[2026-09-04 13:27:47] [INFO] [cnx200_dashboard:repositories.py:366] - Created JobRun 'Daily Market Update' (ID: 23).
[2026-09-04 13:27:47] [WARNING] [cnx200_dashboard:repositories.py:443] - Logged JobError for JobRun ID 23 (Type: API_TIMEOUT).
[2026-09-04 13:27:47] [INFO] [cnx200_dashboard:repositories.py:410] - Completed JobRun ID 23 with status 'PARTIAL_SUCCESS'.
[2026-09-04 13:28:13] [INFO] [cnx200_dashboard:init_db.py:13] - Checking/Creating MySQL Database 'cnx200_rsi_dashboard'...
[2026-09-04 13:28:14] [INFO] [cnx200_dashboard:init_db.py:25] - Database 'cnx200_rsi_dashboard' ensured.
[2026-09-04 13:28:14] [INFO] [cnx200_dashboard:connection.py:34] - SQLAlchemy Database Engine initialized successfully.
[2026-09-04 13:28:14] [INFO] [cnx200_dashboard:init_db.py:31] - Creating tables, foreign keys, and indexes if they do not exist...
[2026-09-04 13:28:14] [INFO] [cnx200_dashboard:init_db.py:34] - All database tables initialized successfully.
[2026-09-04 13:28:14] [INFO] [cnx200_dashboard:main.py:68] - Starting NIFTY 200 Universe Synchronization...
[2026-09-04 13:28:14] [INFO] [cnx200_dashboard:repositories.py:366] - Created JobRun 'NIFTY200_UNIVERSE_SYNC' (ID: 24).
[2026-09-04 13:28:14] [INFO] [cnx200_dashboard:stock_universe_service.py:23] - Starting NIFTY 200 Stock Universe Synchronization...
[2026-09-04 13:28:14] [INFO] [cnx200_dashboard:nse_client.py:28] - Fetching official NIFTY 200 constituents from https://nsearchives.nseindia.com/content/indices/ind_nifty200list.csv...
[2026-09-04 13:28:17] [INFO] [cnx200_dashboard:nse_client.py:36] - Successfully retrieved 200 NIFTY 200 constituents.
[2026-09-04 13:28:17] [INFO] [cnx200_dashboard:stock_universe_service.py:114] - Stock universe sync successfully flushed to database session.
[2026-09-04 13:28:17] [INFO] [cnx200_dashboard:stock_universe_service.py:122] - NIFTY 200 Universe Sync complete. Fetched: 200, New: 0, Updated/Retained: 200, Deactivated: 0.
[2026-09-04 13:28:17] [INFO] [cnx200_dashboard:repositories.py:410] - Completed JobRun ID 24 with status 'SUCCESS'.
[2026-09-04 13:28:32] [INFO] [cnx200_dashboard:init_db.py:13] - Checking/Creating MySQL Database 'cnx200_rsi_dashboard'...
[2026-09-04 13:28:32] [INFO] [cnx200_dashboard:init_db.py:25] - Database 'cnx200_rsi_dashboard' ensured.
[2026-09-04 13:28:32] [INFO] [cnx200_dashboard:connection.py:34] - SQLAlchemy Database Engine initialized successfully.
[2026-09-04 13:28:32] [INFO] [cnx200_dashboard:init_db.py:31] - Creating tables, foreign keys, and indexes if they do not exist...
[2026-09-04 13:28:33] [INFO] [cnx200_dashboard:init_db.py:34] - All database tables initialized successfully.
[2026-09-04 13:28:33] [INFO] [cnx200_dashboard:main.py:74] - Starting Historical Market Data Backfill...
[2026-09-04 13:28:33] [INFO] [cnx200_dashboard:repositories.py:366] - Created JobRun 'NIFTY200_HISTORICAL_BACKFILL' (ID: 25).
[2026-09-04 13:28:33] [INFO] [cnx200_dashboard:historical_data_service.py:37] - Starting Historical Market Data Backfill from 2025-09-04 to 2026-09-04...
[2026-09-04 13:28:33] [INFO] [cnx200_dashboard:historical_data_service.py:67] - Targeting 200 active stocks for historical backfill.
[2026-09-04 13:28:33] [INFO] [cnx200_dashboard:historical_data_service.py:71] - [1/200] Processing historical backfill for symbol '360ONE'...
[2026-09-04 13:28:33] [INFO] [cnx200_dashboard:nse_client.py:59] - Fetching historical market data for 360ONE from 04-09-2025 to 04-09-2026...
[2026-09-04 13:28:35] [INFO] [cnx200_dashboard:nse_client.py:69] - Retrieved 249 price records for 360ONE.
[2026-09-04 13:28:35] [INFO] [cnx200_dashboard:repositories.py:169] - Bulk upserted 249 price records into daily_prices.
[2026-09-04 13:28:35] [INFO] [cnx200_dashboard:historical_data_service.py:122] - [OK] [1/200] '360ONE' backfill complete: 249 records upserted.
[2026-09-04 13:28:35] [INFO] [cnx200_dashboard:historical_data_service.py:71] - [2/200] Processing historical backfill for symbol 'ABB'...
[2026-09-04 13:28:35] [INFO] [cnx200_dashboard:nse_client.py:59] - Fetching historical market data for ABB from 04-09-2025 to 04-09-2026...
[2026-09-04 13:28:36] [INFO] [cnx200_dashboard:nse_client.py:69] - Retrieved 248 price records for ABB.
[2026-09-04 13:28:37] [INFO] [cnx200_dashboard:repositories.py:169] - Bulk upserted 248 price records into daily_prices.
[2026-09-04 13:28:37] [INFO] [cnx200_dashboard:historical_data_service.py:122] - [OK] [2/200] 'ABB' backfill complete: 248 records upserted.
[2026-09-04 13:28:37] [INFO] [cnx200_dashboard:historical_data_service.py:71] - [3/200] Processing historical backfill for symbol 'ABCAPITAL'...
[2026-09-04 13:28:37] [INFO] [cnx200_dashboard:nse_client.py:59] - Fetching historical market data for ABCAPITAL from 04-09-2025 to 04-09-2026...
[2026-09-04 13:28:38] [INFO] [cnx200_dashboard:nse_client.py:69] - Retrieved 249 price records for ABCAPITAL.
[2026-09-04 13:28:38] [INFO] [cnx200_dashboard:repositories.py:169] - Bulk upserted 249 price records into daily_prices.
[2026-09-04 13:28:38] [INFO] [cnx200_dashboard:historical_data_service.py:122] - [OK] [3/200] 'ABCAPITAL' backfill complete: 249 records upserted.
[2026-09-04 13:28:38] [INFO] [cnx200_dashboard:historical_data_service.py:71] - [4/200] Processing historical backfill for symbol 'ADANIENSOL'...
[2026-09-04 13:28:38] [INFO] [cnx200_dashboard:nse_client.py:59] - Fetching historical market data for ADANIENSOL from 04-09-2025 to 04-09-2026...
[2026-09-04 13:28:40] [INFO] [cnx200_dashboard:nse_client.py:69] - Retrieved 250 price records for ADANIENSOL.
[2026-09-04 13:28:40] [INFO] [cnx200_dashboard:repositories.py:169] - Bulk upserted 250 price records into daily_prices.
[2026-09-04 13:28:40] [INFO] [cnx200_dashboard:historical_data_service.py:122] - [OK] [4/200] 'ADANIENSOL' backfill complete: 250 records upserted.
[2026-09-04 13:28:40] [INFO] [cnx200_dashboard:historical_data_service.py:71] - [5/200] Processing historical backfill for symbol 'ADANIENT'...
[2026-09-04 13:28:40] [INFO] [cnx200_dashboard:nse_client.py:59] - Fetching historical market data for ADANIENT from 04-09-2025 to 04-09-2026...
[2026-09-04 13:28:42] [INFO] [cnx200_dashboard:nse_client.py:69] - Retrieved 251 price records for ADANIENT.
[2026-09-04 13:28:42] [INFO] [cnx200_dashboard:repositories.py:169] - Bulk upserted 251 price records into daily_prices.
[2026-09-04 13:28:43] [INFO] [cnx200_dashboard:historical_data_service.py:122] - [OK] [5/200] 'ADANIENT' backfill complete: 251 records upserted.
[2026-09-04 13:28:43] [INFO] [cnx200_dashboard:historical_data_service.py:71] - [6/200] Processing historical backfill for symbol 'ADANIGREEN'...
[2026-09-04 13:28:43] [INFO] [cnx200_dashboard:nse_client.py:59] - Fetching historical market data for ADANIGREEN from 04-09-2025 to 04-09-2026...
[2026-09-04 13:28:44] [INFO] [cnx200_dashboard:nse_client.py:69] - Retrieved 252 price records for ADANIGREEN.
[2026-09-04 13:28:45] [INFO] [cnx200_dashboard:repositories.py:169] - Bulk upserted 252 price records into daily_prices.
[2026-09-04 13:28:45] [INFO] [cnx200_dashboard:historical_data_service.py:122] - [OK] [6/200] 'ADANIGREEN' backfill complete: 252 records upserted.
[2026-09-04 13:28:45] [INFO] [cnx200_dashboard:historical_data_service.py:71] - [7/200] Processing historical backfill for symbol 'ADANIPORTS'...
[2026-09-04 13:28:45] [INFO] [cnx200_dashboard:nse_client.py:59] - Fetching historical market data for ADANIPORTS from 04-09-2025 to 04-09-2026...
[2026-09-04 13:28:46] [INFO] [cnx200_dashboard:nse_client.py:69] - Retrieved 249 price records for ADANIPORTS.
[2026-09-04 13:28:47] [INFO] [cnx200_dashboard:repositories.py:169] - Bulk upserted 249 price records into daily_prices.
[2026-09-04 13:28:47] [INFO] [cnx200_dashboard:historical_data_service.py:122] - [OK] [7/200] 'ADANIPORTS' backfill complete: 249 records upserted.
[2026-09-04 13:28:47] [INFO] [cnx200_dashboard:historical_data_service.py:71] - [8/200] Processing historical backfill for symbol 'ADANIPOWER'...
[2026-09-04 13:28:47] [INFO] [cnx200_dashboard:nse_client.py:59] - Fetching historical market data for ADANIPOWER from 04-09-2025 to 04-09-2026...
[2026-09-04 13:28:51] [INFO] [cnx200_dashboard:nse_client.py:69] - Retrieved 252 price records for ADANIPOWER.
[2026-09-04 13:28:51] [INFO] [cnx200_dashboard:repositories.py:169] - Bulk upserted 252 price records into daily_prices.
[2026-09-04 13:28:51] [INFO] [cnx200_dashboard:historical_data_service.py:122] - [OK] [8/200] 'ADANIPOWER' backfill complete: 252 records upserted.
[2026-09-04 13:28:51] [INFO] [cnx200_dashboard:historical_data_service.py:71] - [9/200] Processing historical backfill for symbol 'ALKEM'...
[2026-09-04 13:28:51] [INFO] [cnx200_dashboard:nse_client.py:59] - Fetching historical market data for ALKEM from 04-09-2025 to 04-09-2026...
[2026-09-04 13:28:52] [INFO] [cnx200_dashboard:nse_client.py:69] - Retrieved 249 price records for ALKEM.
[2026-09-04 13:28:53] [INFO] [cnx200_dashboard:repositories.py:169] - Bulk upserted 249 price records into daily_prices.
[2026-09-04 13:28:53] [INFO] [cnx200_dashboard:historical_data_service.py:122] - [OK] [9/200] 'ALKEM' backfill complete: 249 records upserted.
[2026-09-04 13:28:53] [INFO] [cnx200_dashboard:historical_data_service.py:71] - [10/200] Processing historical backfill for symbol 'AMBUJACEM'...
[2026-09-04 13:28:53] [INFO] [cnx200_dashboard:nse_client.py:59] - Fetching historical market data for AMBUJACEM from 04-09-2025 to 04-09-2026...
[2026-09-04 13:28:54] [INFO] [cnx200_dashboard:nse_client.py:69] - Retrieved 248 price records for AMBUJACEM.
[2026-09-04 13:28:54] [INFO] [cnx200_dashboard:repositories.py:169] - Bulk upserted 248 price records into daily_prices.
[2026-09-04 13:28:54] [INFO] [cnx200_dashboard:historical_data_service.py:122] - [OK] [10/200] 'AMBUJACEM' backfill complete: 248 records upserted.
[2026-09-04 13:28:54] [INFO] [cnx200_dashboard:historical_data_service.py:71] - [11/200] Processing historical backfill for symbol 'APLAPOLLO'...
[2026-09-04 13:28:54] [INFO] [cnx200_dashboard:nse_client.py:59] - Fetching historical market data for APLAPOLLO from 04-09-2025 to 04-09-2026...
[2026-09-04 13:28:56] [INFO] [cnx200_dashboard:nse_client.py:69] - Retrieved 248 price records for APLAPOLLO.
[2026-09-04 13:28:57] [INFO] [cnx200_dashboard:repositories.py:169] - Bulk upserted 248 price records into daily_prices.
[2026-09-04 13:28:57] [INFO] [cnx200_dashboard:historical_data_service.py:122] - [OK] [11/200] 'APLAPOLLO' backfill complete: 248 records upserted.
[2026-09-04 13:28:57] [INFO] [cnx200_dashboard:historical_data_service.py:71] - [12/200] Processing historical backfill for symbol 'APOLLOHOSP'...
[2026-09-04 13:28:57] [INFO] [cnx200_dashboard:nse_client.py:59] - Fetching historical market data for APOLLOHOSP from 04-09-2025 to 04-09-2026...
[2026-09-04 13:28:58] [INFO] [cnx200_dashboard:nse_client.py:69] - Retrieved 253 price records for APOLLOHOSP.
[2026-09-04 13:28:59] [INFO] [cnx200_dashboard:repositories.py:169] - Bulk upserted 253 price records into daily_prices.
[2026-09-04 13:28:59] [INFO] [cnx200_dashboard:historical_data_service.py:122] - [OK] [12/200] 'APOLLOHOSP' backfill complete: 253 records upserted.
[2026-09-04 13:28:59] [INFO] [cnx200_dashboard:historical_data_service.py:71] - [13/200] Processing historical backfill for symbol 'ASHOKLEY'...
[2026-09-04 13:28:59] [INFO] [cnx200_dashboard:nse_client.py:59] - Fetching historical market data for ASHOKLEY from 04-09-2025 to 04-09-2026...
[2026-09-04 13:29:00] [INFO] [cnx200_dashboard:nse_client.py:69] - Retrieved 251 price records for ASHOKLEY.
[2026-09-04 13:29:01] [INFO] [cnx200_dashboard:repositories.py:169] - Bulk upserted 251 price records into daily_prices.
[2026-09-04 13:29:01] [INFO] [cnx200_dashboard:historical_data_service.py:122] - [OK] [13/200] 'ASHOKLEY' backfill complete: 251 records upserted.
[2026-09-04 13:29:01] [INFO] [cnx200_dashboard:historical_data_service.py:71] - [14/200] Processing historical backfill for symbol 'ASIANPAINT'...
[2026-09-04 13:29:01] [INFO] [cnx200_dashboard:nse_client.py:59] - Fetching historical market data for ASIANPAINT from 04-09-2025 to 04-09-2026...
[2026-09-04 13:29:03] [INFO] [cnx200_dashboard:nse_client.py:69] - Retrieved 251 price records for ASIANPAINT.
[2026-09-04 13:29:03] [INFO] [cnx200_dashboard:repositories.py:169] - Bulk upserted 251 price records into daily_prices.
[2026-09-04 13:29:03] [INFO] [cnx200_dashboard:historical_data_service.py:122] - [OK] [14/200] 'ASIANPAINT' backfill complete: 251 records upserted.
[2026-09-04 13:29:03] [INFO] [cnx200_dashboard:historical_data_service.py:71] - [15/200] Processing historical backfill for symbol 'ASTRAL'...
[2026-09-04 13:29:03] [INFO] [cnx200_dashboard:nse_client.py:59] - Fetching historical market data for ASTRAL from 04-09-2025 to 04-09-2026...
[2026-09-04 13:29:05] [INFO] [cnx200_dashboard:nse_client.py:69] - Retrieved 248 price records for ASTRAL.
[2026-09-04 13:29:05] [INFO] [cnx200_dashboard:repositories.py:169] - Bulk upserted 248 price records into daily_prices.
[2026-09-04 13:29:05] [INFO] [cnx200_dashboard:historical_data_service.py:122] - [OK] [15/200] 'ASTRAL' backfill complete: 248 records upserted.
[2026-09-04 13:29:05] [INFO] [cnx200_dashboard:historical_data_service.py:71] - [16/200] Processing historical backfill for symbol 'ATGL'...
[2026-09-04 13:29:05] [INFO] [cnx200_dashboard:nse_client.py:59] - Fetching historical market data for ATGL from 04-09-2025 to 04-09-2026...
[2026-09-04 13:29:07] [INFO] [cnx200_dashboard:nse_client.py:69] - Retrieved 248 price records for ATGL.
[2026-09-04 13:29:07] [INFO] [cnx200_dashboard:repositories.py:169] - Bulk upserted 248 price records into daily_prices.
[2026-09-04 13:29:07] [INFO] [cnx200_dashboard:historical_data_service.py:122] - [OK] [16/200] 'ATGL' backfill complete: 248 records upserted.
[2026-09-04 13:29:07] [INFO] [cnx200_dashboard:historical_data_service.py:71] - [17/200] Processing historical backfill for symbol 'AUBANK'...
[2026-09-04 13:29:07] [INFO] [cnx200_dashboard:nse_client.py:59] - Fetching historical market data for AUBANK from 04-09-2025 to 04-09-2026...
[2026-09-04 13:29:09] [INFO] [cnx200_dashboard:nse_client.py:69] - Retrieved 249 price records for AUBANK.
[2026-09-04 13:29:09] [INFO] [cnx200_dashboard:repositories.py:169] - Bulk upserted 249 price records into daily_prices.
[2026-09-04 13:29:09] [INFO] [cnx200_dashboard:historical_data_service.py:122] - [OK] [17/200] 'AUBANK' backfill complete: 249 records upserted.
[2026-09-04 13:29:09] [INFO] [cnx200_dashboard:historical_data_service.py:71] - [18/200] Processing historical backfill for symbol 'AUROPHARMA'...
[2026-09-04 13:29:09] [INFO] [cnx200_dashboard:nse_client.py:59] - Fetching historical market data for AUROPHARMA from 04-09-2025 to 04-09-2026...
[2026-09-04 13:29:11] [INFO] [cnx200_dashboard:nse_client.py:69] - Retrieved 249 price records for AUROPHARMA.
[2026-09-04 13:29:11] [INFO] [cnx200_dashboard:repositories.py:169] - Bulk upserted 249 price records into daily_prices.
[2026-09-04 13:29:11] [INFO] [cnx200_dashboard:historical_data_service.py:122] - [OK] [18/200] 'AUROPHARMA' backfill complete: 249 records upserted.
[2026-09-04 13:29:11] [INFO] [cnx200_dashboard:historical_data_service.py:71] - [19/200] Processing historical backfill for symbol 'AXISBANK'...
[2026-09-04 13:29:11] [INFO] [cnx200_dashboard:nse_client.py:59] - Fetching historical market data for AXISBANK from 04-09-2025 to 04-09-2026...
[2026-09-04 13:29:13] [INFO] [cnx200_dashboard:nse_client.py:69] - Retrieved 253 price records for AXISBANK.
[2026-09-04 13:29:14] [INFO] [cnx200_dashboard:repositories.py:169] - Bulk upserted 253 price records into daily_prices.
[2026-09-04 13:29:14] [INFO] [cnx200_dashboard:historical_data_service.py:122] - [OK] [19/200] 'AXISBANK' backfill complete: 253 records upserted.
[2026-09-04 13:29:14] [INFO] [cnx200_dashboard:historical_data_service.py:71] - [20/200] Processing historical backfill for symbol 'BAJAJ-AUTO'...
[2026-09-04 13:29:14] [INFO] [cnx200_dashboard:nse_client.py:59] - Fetching historical market data for BAJAJ-AUTO from 04-09-2025 to 04-09-2026...
[2026-09-04 13:29:16] [INFO] [cnx200_dashboard:nse_client.py:69] - Retrieved 250 price records for BAJAJ-AUTO.
[2026-09-04 13:29:16] [INFO] [cnx200_dashboard:repositories.py:169] - Bulk upserted 250 price records into daily_prices.
[2026-09-04 13:29:16] [INFO] [cnx200_dashboard:historical_data_service.py:122] - [OK] [20/200] 'BAJAJ-AUTO' backfill complete: 250 records upserted.
[2026-09-04 13:29:16] [INFO] [cnx200_dashboard:historical_data_service.py:71] - [21/200] Processing historical backfill for symbol 'BAJAJFINSV'...
[2026-09-04 13:29:16] [INFO] [cnx200_dashboard:nse_client.py:59] - Fetching historical market data for BAJAJFINSV from 04-09-2025 to 04-09-2026...
[2026-09-04 13:29:20] [INFO] [cnx200_dashboard:nse_client.py:69] - Retrieved 248 price records for BAJAJFINSV.
[2026-09-04 13:29:21] [INFO] [cnx200_dashboard:repositories.py:169] - Bulk upserted 248 price records into daily_prices.
[2026-09-04 13:29:21] [INFO] [cnx200_dashboard:historical_data_service.py:122] - [OK] [21/200] 'BAJAJFINSV' backfill complete: 248 records upserted.
[2026-09-04 13:29:21] [INFO] [cnx200_dashboard:historical_data_service.py:71] - [22/200] Processing historical backfill for symbol 'BAJAJHLDNG'...
[2026-09-04 13:29:21] [INFO] [cnx200_dashboard:nse_client.py:59] - Fetching historical market data for BAJAJHLDNG from 04-09-2025 to 04-09-2026...
[2026-09-04 13:29:23] [INFO] [cnx200_dashboard:connection.py:34] - SQLAlchemy Database Engine initialized successfully.
[2026-09-04 13:29:23] [INFO] [cnx200_dashboard:nse_client.py:69] - Retrieved 250 price records for BAJAJHLDNG.
[2026-09-04 13:29:23] [INFO] [cnx200_dashboard:repositories.py:169] - Bulk upserted 250 price records into daily_prices.
[2026-09-04 13:29:23] [INFO] [cnx200_dashboard:historical_data_service.py:122] - [OK] [22/200] 'BAJAJHLDNG' backfill complete: 250 records upserted.
[2026-09-04 13:29:23] [INFO] [cnx200_dashboard:historical_data_service.py:71] - [23/200] Processing historical backfill for symbol 'BAJFINANCE'...
[2026-09-04 13:29:23] [INFO] [cnx200_dashboard:nse_client.py:59] - Fetching historical market data for BAJFINANCE from 04-09-2025 to 04-09-2026...
[2026-09-04 13:29:28] [INFO] [cnx200_dashboard:nse_client.py:69] - Retrieved 249 price records for BAJFINANCE.
[2026-09-04 13:29:28] [INFO] [cnx200_dashboard:repositories.py:169] - Bulk upserted 249 price records into daily_prices.
[2026-09-04 13:29:28] [INFO] [cnx200_dashboard:historical_data_service.py:122] - [OK] [23/200] 'BAJFINANCE' backfill complete: 249 records upserted.
[2026-09-04 13:29:28] [INFO] [cnx200_dashboard:historical_data_service.py:71] - [24/200] Processing historical backfill for symbol 'BANKBARODA'...
[2026-09-04 13:29:28] [INFO] [cnx200_dashboard:nse_client.py:59] - Fetching historical market data for BANKBARODA from 04-09-2025 to 04-09-2026...
[2026-09-04 13:29:30] [INFO] [cnx200_dashboard:nse_client.py:69] - Retrieved 251 price records for BANKBARODA.
[2026-09-04 13:29:30] [INFO] [cnx200_dashboard:repositories.py:169] - Bulk upserted 251 price records into daily_prices.
[2026-09-04 13:29:30] [INFO] [cnx200_dashboard:historical_data_service.py:122] - [OK] [24/200] 'BANKBARODA' backfill complete: 251 records upserted.
[2026-09-04 13:29:30] [INFO] [cnx200_dashboard:historical_data_service.py:71] - [25/200] Processing historical backfill for symbol 'BANKINDIA'...
[2026-09-04 13:29:30] [INFO] [cnx200_dashboard:nse_client.py:59] - Fetching historical market data for BANKINDIA from 04-09-2025 to 04-09-2026...
[2026-09-04 13:29:32] [INFO] [cnx200_dashboard:nse_client.py:69] - Retrieved 250 price records for BANKINDIA.
[2026-09-04 13:29:32] [INFO] [cnx200_dashboard:repositories.py:169] - Bulk upserted 250 price records into daily_prices.
[2026-09-04 13:29:32] [INFO] [cnx200_dashboard:historical_data_service.py:122] - [OK] [25/200] 'BANKINDIA' backfill complete: 250 records upserted.
[2026-09-04 13:29:32] [INFO] [cnx200_dashboard:historical_data_service.py:71] - [26/200] Processing historical backfill for symbol 'BDL'...
[2026-09-04 13:29:32] [INFO] [cnx200_dashboard:nse_client.py:59] - Fetching historical market data for BDL from 04-09-2025 to 04-09-2026...
[2026-09-04 13:29:34] [INFO] [cnx200_dashboard:nse_client.py:69] - Retrieved 248 price records for BDL.
[2026-09-04 13:29:34] [INFO] [cnx200_dashboard:repositories.py:169] - Bulk upserted 248 price records into daily_prices.
[2026-09-04 13:29:34] [INFO] [cnx200_dashboard:historical_data_service.py:122] - [OK] [26/200] 'BDL' backfill complete: 248 records upserted.
[2026-09-04 13:29:34] [INFO] [cnx200_dashboard:historical_data_service.py:71] - [27/200] Processing historical backfill for symbol 'BEL'...
[2026-09-04 13:29:34] [INFO] [cnx200_dashboard:nse_client.py:59] - Fetching historical market data for BEL from 04-09-2025 to 04-09-2026...
[2026-09-04 13:29:36] [INFO] [cnx200_dashboard:nse_client.py:69] - Retrieved 252 price records for BEL.
[2026-09-04 13:29:36] [INFO] [cnx200_dashboard:repositories.py:169] - Bulk upserted 252 price records into daily_prices.
[2026-09-04 13:29:36] [INFO] [cnx200_dashboard:historical_data_service.py:122] - [OK] [27/200] 'BEL' backfill complete: 252 records upserted.
[2026-09-04 13:29:36] [INFO] [cnx200_dashboard:historical_data_service.py:71] - [28/200] Processing historical backfill for symbol 'BHARATFORG'...
[2026-09-04 13:29:36] [INFO] [cnx200_dashboard:nse_client.py:59] - Fetching historical market data for BHARATFORG from 04-09-2025 to 04-09-2026...
[2026-09-04 13:29:38] [INFO] [cnx200_dashboard:nse_client.py:69] - Retrieved 250 price records for BHARATFORG.
[2026-09-04 13:29:38] [INFO] [cnx200_dashboard:repositories.py:169] - Bulk upserted 250 price records into daily_prices.
[2026-09-04 13:29:38] [INFO] [cnx200_dashboard:historical_data_service.py:122] - [OK] [28/200] 'BHARATFORG' backfill complete: 250 records upserted.
[2026-09-04 13:29:38] [INFO] [cnx200_dashboard:historical_data_service.py:71] - [29/200] Processing historical backfill for symbol 'BHARTIARTL'...
[2026-09-04 13:29:38] [INFO] [cnx200_dashboard:nse_client.py:59] - Fetching historical market data for BHARTIARTL from 04-09-2025 to 04-09-2026...
[2026-09-04 13:29:40] [INFO] [cnx200_dashboard:nse_client.py:69] - Retrieved 257 price records for BHARTIARTL.
[2026-09-04 13:29:40] [INFO] [cnx200_dashboard:repositories.py:169] - Bulk upserted 257 price records into daily_prices.
[2026-09-04 13:29:40] [INFO] [cnx200_dashboard:historical_data_service.py:122] - [OK] [29/200] 'BHARTIARTL' backfill complete: 257 records upserted.
[2026-09-04 13:29:40] [INFO] [cnx200_dashboard:historical_data_service.py:71] - [30/200] Processing historical backfill for symbol 'BHEL'...
[2026-09-04 13:29:40] [INFO] [cnx200_dashboard:nse_client.py:59] - Fetching historical market data for BHEL from 04-09-2025 to 04-09-2026...
[2026-09-04 13:29:45] [INFO] [cnx200_dashboard:nse_client.py:69] - Retrieved 250 price records for BHEL.
[2026-09-04 13:29:45] [INFO] [cnx200_dashboard:repositories.py:169] - Bulk upserted 250 price records into daily_prices.
[2026-09-04 13:29:45] [INFO] [cnx200_dashboard:historical_data_service.py:122] - [OK] [30/200] 'BHEL' backfill complete: 250 records upserted.
[2026-09-04 13:29:45] [INFO] [cnx200_dashboard:historical_data_service.py:71] - [31/200] Processing historical backfill for symbol 'BIOCON'...
[2026-09-04 13:29:45] [INFO] [cnx200_dashboard:nse_client.py:59] - Fetching historical market data for BIOCON from 04-09-2025 to 04-09-2026...
[2026-09-04 13:29:47] [INFO] [cnx200_dashboard:nse_client.py:69] - Retrieved 249 price records for BIOCON.
[2026-09-04 13:29:47] [INFO] [cnx200_dashboard:repositories.py:169] - Bulk upserted 249 price records into daily_prices.
[2026-09-04 13:29:47] [INFO] [cnx200_dashboard:historical_data_service.py:122] - [OK] [31/200] 'BIOCON' backfill complete: 249 records upserted.
[2026-09-04 13:29:47] [INFO] [cnx200_dashboard:historical_data_service.py:71] - [32/200] Processing historical backfill for symbol 'BLUESTARCO'...
[2026-09-04 13:29:47] [INFO] [cnx200_dashboard:nse_client.py:59] - Fetching historical market data for BLUESTARCO from 04-09-2025 to 04-09-2026...
[2026-09-04 13:29:48] [INFO] [cnx200_dashboard:nse_client.py:69] - Retrieved 249 price records for BLUESTARCO.
[2026-09-04 13:29:49] [INFO] [cnx200_dashboard:repositories.py:169] - Bulk upserted 249 price records into daily_prices.
[2026-09-04 13:29:49] [INFO] [cnx200_dashboard:historical_data_service.py:122] - [OK] [32/200] 'BLUESTARCO' backfill complete: 249 records upserted.
[2026-09-04 13:29:49] [INFO] [cnx200_dashboard:historical_data_service.py:71] - [33/200] Processing historical backfill for symbol 'BOSCHLTD'...
[2026-09-04 13:29:49] [INFO] [cnx200_dashboard:nse_client.py:59] - Fetching historical market data for BOSCHLTD from 04-09-2025 to 04-09-2026...
[2026-09-04 13:29:51] [INFO] [cnx200_dashboard:nse_client.py:69] - Retrieved 248 price records for BOSCHLTD.
[2026-09-04 13:29:51] [INFO] [cnx200_dashboard:repositories.py:169] - Bulk upserted 248 price records into daily_prices.
[2026-09-04 13:29:51] [INFO] [cnx200_dashboard:historical_data_service.py:122] - [OK] [33/200] 'BOSCHLTD' backfill complete: 248 records upserted.
[2026-09-04 13:29:51] [INFO] [cnx200_dashboard:historical_data_service.py:71] - [34/200] Processing historical backfill for symbol 'BPCL'...
[2026-09-04 13:29:51] [INFO] [cnx200_dashboard:nse_client.py:59] - Fetching historical market data for BPCL from 04-09-2025 to 04-09-2026...
[2026-09-04 13:29:53] [INFO] [cnx200_dashboard:nse_client.py:69] - Retrieved 250 price records for BPCL.
[2026-09-04 13:29:53] [INFO] [cnx200_dashboard:repositories.py:169] - Bulk upserted 250 price records into daily_prices.
[2026-09-04 13:29:53] [INFO] [cnx200_dashboard:historical_data_service.py:122] - [OK] [34/200] 'BPCL' backfill complete: 250 records upserted.
[2026-09-04 13:29:53] [INFO] [cnx200_dashboard:historical_data_service.py:71] - [35/200] Processing historical backfill for symbol 'BRITANNIA'...
[2026-09-04 13:29:53] [INFO] [cnx200_dashboard:nse_client.py:59] - Fetching historical market data for BRITANNIA from 04-09-2025 to 04-09-2026...
[2026-09-04 13:29:54] [INFO] [cnx200_dashboard:nse_client.py:69] - Retrieved 248 price records for BRITANNIA.
[2026-09-04 13:29:55] [INFO] [cnx200_dashboard:repositories.py:169] - Bulk upserted 248 price records into daily_prices.
[2026-09-04 13:29:55] [INFO] [cnx200_dashboard:historical_data_service.py:122] - [OK] [35/200] 'BRITANNIA' backfill complete: 248 records upserted.
[2026-09-04 13:29:55] [INFO] [cnx200_dashboard:historical_data_service.py:71] - [36/200] Processing historical backfill for symbol 'BSE'...
[2026-09-04 13:29:55] [INFO] [cnx200_dashboard:nse_client.py:59] - Fetching historical market data for BSE from 04-09-2025 to 04-09-2026...
[2026-09-04 13:29:56] [INFO] [cnx200_dashboard:nse_client.py:69] - Retrieved 248 price records for BSE.
[2026-09-04 13:29:57] [INFO] [cnx200_dashboard:repositories.py:169] - Bulk upserted 248 price records into daily_prices.
[2026-09-04 13:29:57] [INFO] [cnx200_dashboard:historical_data_service.py:122] - [OK] [36/200] 'BSE' backfill complete: 248 records upserted.
[2026-09-04 13:29:57] [INFO] [cnx200_dashboard:historical_data_service.py:71] - [37/200] Processing historical backfill for symbol 'CANBK'...
[2026-09-04 13:29:57] [INFO] [cnx200_dashboard:nse_client.py:59] - Fetching historical market data for CANBK from 04-09-2025 to 04-09-2026...
[2026-09-04 13:29:58] [INFO] [cnx200_dashboard:nse_client.py:69] - Retrieved 250 price records for CANBK.
[2026-09-04 13:29:58] [INFO] [cnx200_dashboard:repositories.py:169] - Bulk upserted 250 price records into daily_prices.
[2026-09-04 13:29:58] [INFO] [cnx200_dashboard:historical_data_service.py:122] - [OK] [37/200] 'CANBK' backfill complete: 250 records upserted.
[2026-09-04 13:29:58] [INFO] [cnx200_dashboard:historical_data_service.py:71] - [38/200] Processing historical backfill for symbol 'CGPOWER'...
[2026-09-04 13:29:58] [INFO] [cnx200_dashboard:nse_client.py:59] - Fetching historical market data for CGPOWER from 04-09-2025 to 04-09-2026...
[2026-09-04 13:30:00] [INFO] [cnx200_dashboard:nse_client.py:69] - Retrieved 250 price records for CGPOWER.
[2026-09-04 13:30:00] [INFO] [cnx200_dashboard:repositories.py:169] - Bulk upserted 250 price records into daily_prices.
[2026-09-04 13:30:00] [INFO] [cnx200_dashboard:historical_data_service.py:122] - [OK] [38/200] 'CGPOWER' backfill complete: 250 records upserted.
[2026-09-04 13:30:00] [INFO] [cnx200_dashboard:historical_data_service.py:71] - [39/200] Processing historical backfill for symbol 'CHOLAFIN'...
[2026-09-04 13:30:00] [INFO] [cnx200_dashboard:nse_client.py:59] - Fetching historical market data for CHOLAFIN from 04-09-2025 to 04-09-2026...
[2026-09-04 13:30:02] [INFO] [cnx200_dashboard:nse_client.py:69] - Retrieved 249 price records for CHOLAFIN.
[2026-09-04 13:30:02] [INFO] [cnx200_dashboard:repositories.py:169] - Bulk upserted 249 price records into daily_prices.
[2026-09-04 13:30:02] [INFO] [cnx200_dashboard:historical_data_service.py:122] - [OK] [39/200] 'CHOLAFIN' backfill complete: 249 records upserted.
[2026-09-04 13:30:02] [INFO] [cnx200_dashboard:historical_data_service.py:71] - [40/200] Processing historical backfill for symbol 'CIPLA'...
[2026-09-04 13:30:02] [INFO] [cnx200_dashboard:nse_client.py:59] - Fetching historical market data for CIPLA from 04-09-2025 to 04-09-2026...
[2026-09-04 13:30:04] [INFO] [cnx200_dashboard:nse_client.py:69] - Retrieved 249 price records for CIPLA.
[2026-09-04 13:30:04] [INFO] [cnx200_dashboard:repositories.py:169] - Bulk upserted 249 price records into daily_prices.
[2026-09-04 13:30:04] [INFO] [cnx200_dashboard:historical_data_service.py:122] - [OK] [40/200] 'CIPLA' backfill complete: 249 records upserted.
[2026-09-04 13:30:04] [INFO] [cnx200_dashboard:historical_data_service.py:71] - [41/200] Processing historical backfill for symbol 'COALINDIA'...
[2026-09-04 13:30:04] [INFO] [cnx200_dashboard:nse_client.py:59] - Fetching historical market data for COALINDIA from 04-09-2025 to 04-09-2026...
[2026-09-04 13:30:06] [INFO] [cnx200_dashboard:nse_client.py:69] - Retrieved 251 price records for COALINDIA.
[2026-09-04 13:30:06] [INFO] [cnx200_dashboard:repositories.py:169] - Bulk upserted 251 price records into daily_prices.
[2026-09-04 13:30:06] [INFO] [cnx200_dashboard:historical_data_service.py:122] - [OK] [41/200] 'COALINDIA' backfill complete: 251 records upserted.
[2026-09-04 13:30:06] [INFO] [cnx200_dashboard:historical_data_service.py:71] - [42/200] Processing historical backfill for symbol 'COCHINSHIP'...
[2026-09-04 13:30:06] [INFO] [cnx200_dashboard:nse_client.py:59] - Fetching historical market data for COCHINSHIP from 04-09-2025 to 04-09-2026...
[2026-09-04 13:30:08] [INFO] [cnx200_dashboard:nse_client.py:69] - Retrieved 248 price records for COCHINSHIP.
[2026-09-04 13:30:08] [INFO] [cnx200_dashboard:repositories.py:169] - Bulk upserted 248 price records into daily_prices.
[2026-09-04 13:30:08] [INFO] [cnx200_dashboard:historical_data_service.py:122] - [OK] [42/200] 'COCHINSHIP' backfill complete: 248 records upserted.
[2026-09-04 13:30:08] [INFO] [cnx200_dashboard:historical_data_service.py:71] - [43/200] Processing historical backfill for symbol 'COFORGE'...
[2026-09-04 13:30:08] [INFO] [cnx200_dashboard:nse_client.py:59] - Fetching historical market data for COFORGE from 04-09-2025 to 04-09-2026...
[2026-09-04 13:30:10] [INFO] [cnx200_dashboard:nse_client.py:69] - Retrieved 250 price records for COFORGE.
[2026-09-04 13:30:10] [INFO] [cnx200_dashboard:repositories.py:169] - Bulk upserted 250 price records into daily_prices.
[2026-09-04 13:30:10] [INFO] [cnx200_dashboard:historical_data_service.py:122] - [OK] [43/200] 'COFORGE' backfill complete: 250 records upserted.
[2026-09-04 13:30:10] [INFO] [cnx200_dashboard:historical_data_service.py:71] - [44/200] Processing historical backfill for symbol 'COLPAL'...
[2026-09-04 13:30:10] [INFO] [cnx200_dashboard:nse_client.py:59] - Fetching historical market data for COLPAL from 04-09-2025 to 04-09-2026...
[2026-09-04 13:30:12] [INFO] [cnx200_dashboard:nse_client.py:69] - Retrieved 248 price records for COLPAL.
[2026-09-04 13:30:12] [INFO] [cnx200_dashboard:repositories.py:169] - Bulk upserted 248 price records into daily_prices.
[2026-09-04 13:30:12] [INFO] [cnx200_dashboard:historical_data_service.py:122] - [OK] [44/200] 'COLPAL' backfill complete: 248 records upserted.
[2026-09-04 13:30:12] [INFO] [cnx200_dashboard:historical_data_service.py:71] - [45/200] Processing historical backfill for symbol 'CONCOR'...
[2026-09-04 13:30:12] [INFO] [cnx200_dashboard:nse_client.py:59] - Fetching historical market data for CONCOR from 04-09-2025 to 04-09-2026...
[2026-09-04 13:30:14] [INFO] [cnx200_dashboard:nse_client.py:69] - Retrieved 248 price records for CONCOR.
[2026-09-04 13:30:14] [INFO] [cnx200_dashboard:repositories.py:169] - Bulk upserted 248 price records into daily_prices.
[2026-09-04 13:30:14] [INFO] [cnx200_dashboard:historical_data_service.py:122] - [OK] [45/200] 'CONCOR' backfill complete: 248 records upserted.
[2026-09-04 13:30:14] [INFO] [cnx200_dashboard:historical_data_service.py:71] - [46/200] Processing historical backfill for symbol 'COROMANDEL'...
[2026-09-04 13:30:14] [INFO] [cnx200_dashboard:nse_client.py:59] - Fetching historical market data for COROMANDEL from 04-09-2025 to 04-09-2026...
[2026-09-04 13:30:16] [INFO] [cnx200_dashboard:nse_client.py:69] - Retrieved 249 price records for COROMANDEL.
[2026-09-04 13:30:16] [INFO] [cnx200_dashboard:repositories.py:169] - Bulk upserted 249 price records into daily_prices.
[2026-09-04 13:30:16] [INFO] [cnx200_dashboard:historical_data_service.py:122] - [OK] [46/200] 'COROMANDEL' backfill complete: 249 records upserted.
[2026-09-04 13:30:16] [INFO] [cnx200_dashboard:historical_data_service.py:71] - [47/200] Processing historical backfill for symbol 'CUMMINSIND'...
[2026-09-04 13:30:16] [INFO] [cnx200_dashboard:nse_client.py:59] - Fetching historical market data for CUMMINSIND from 04-09-2025 to 04-09-2026...
[2026-09-04 13:30:18] [INFO] [cnx200_dashboard:nse_client.py:69] - Retrieved 248 price records for CUMMINSIND.
[2026-09-04 13:30:18] [INFO] [cnx200_dashboard:repositories.py:169] - Bulk upserted 248 price records into daily_prices.
[2026-09-04 13:30:18] [INFO] [cnx200_dashboard:historical_data_service.py:122] - [OK] [47/200] 'CUMMINSIND' backfill complete: 248 records upserted.
[2026-09-04 13:30:18] [INFO] [cnx200_dashboard:historical_data_service.py:71] - [48/200] Processing historical backfill for symbol 'DABUR'...
[2026-09-04 13:30:18] [INFO] [cnx200_dashboard:nse_client.py:59] - Fetching historical market data for DABUR from 04-09-2025 to 04-09-2026...
[2026-09-04 13:30:20] [INFO] [cnx200_dashboard:nse_client.py:69] - Retrieved 248 price records for DABUR.
[2026-09-04 13:30:20] [INFO] [cnx200_dashboard:repositories.py:169] - Bulk upserted 248 price records into daily_prices.
[2026-09-04 13:30:20] [INFO] [cnx200_dashboard:historical_data_service.py:122] - [OK] [48/200] 'DABUR' backfill complete: 248 records upserted.
[2026-09-04 13:30:20] [INFO] [cnx200_dashboard:historical_data_service.py:71] - [49/200] Processing historical backfill for symbol 'DIVISLAB'...
[2026-09-04 13:30:20] [INFO] [cnx200_dashboard:nse_client.py:59] - Fetching historical market data for DIVISLAB from 04-09-2025 to 04-09-2026...
[2026-09-04 13:30:22] [INFO] [cnx200_dashboard:nse_client.py:69] - Retrieved 249 price records for DIVISLAB.
[2026-09-04 13:30:22] [INFO] [cnx200_dashboard:repositories.py:169] - Bulk upserted 249 price records into daily_prices.
[2026-09-04 13:30:22] [INFO] [cnx200_dashboard:historical_data_service.py:122] - [OK] [49/200] 'DIVISLAB' backfill complete: 249 records upserted.
[2026-09-04 13:30:22] [INFO] [cnx200_dashboard:historical_data_service.py:71] - [50/200] Processing historical backfill for symbol 'DIXON'...
[2026-09-04 13:30:22] [INFO] [cnx200_dashboard:nse_client.py:59] - Fetching historical market data for DIXON from 04-09-2025 to 04-09-2026...
[2026-09-04 13:30:24] [INFO] [cnx200_dashboard:nse_client.py:69] - Retrieved 249 price records for DIXON.
[2026-09-04 13:30:24] [INFO] [cnx200_dashboard:repositories.py:169] - Bulk upserted 249 price records into daily_prices.
[2026-09-04 13:30:24] [INFO] [cnx200_dashboard:historical_data_service.py:122] - [OK] [50/200] 'DIXON' backfill complete: 249 records upserted.
[2026-09-04 13:30:24] [INFO] [cnx200_dashboard:historical_data_service.py:71] - [51/200] Processing historical backfill for symbol 'DLF'...
[2026-09-04 13:30:24] [INFO] [cnx200_dashboard:nse_client.py:59] - Fetching historical market data for DLF from 04-09-2025 to 04-09-2026...
[2026-09-04 13:30:26] [INFO] [cnx200_dashboard:nse_client.py:69] - Retrieved 249 price records for DLF.
[2026-09-04 13:30:26] [INFO] [cnx200_dashboard:repositories.py:169] - Bulk upserted 249 price records into daily_prices.
[2026-09-04 13:30:26] [INFO] [cnx200_dashboard:historical_data_service.py:122] - [OK] [51/200] 'DLF' backfill complete: 249 records upserted.
[2026-09-04 13:30:26] [INFO] [cnx200_dashboard:historical_data_service.py:71] - [52/200] Processing historical backfill for symbol 'DMART'...
[2026-09-04 13:30:26] [INFO] [cnx200_dashboard:nse_client.py:59] - Fetching historical market data for DMART from 04-09-2025 to 04-09-2026...
[2026-09-04 13:30:30] [INFO] [cnx200_dashboard:nse_client.py:69] - Retrieved 248 price records for DMART.
[2026-09-04 13:30:30] [INFO] [cnx200_dashboard:repositories.py:169] - Bulk upserted 248 price records into daily_prices.
[2026-09-04 13:30:30] [INFO] [cnx200_dashboard:historical_data_service.py:122] - [OK] [52/200] 'DMART' backfill complete: 248 records upserted.
[2026-09-04 13:30:30] [INFO] [cnx200_dashboard:historical_data_service.py:71] - [53/200] Processing historical backfill for symbol 'DRREDDY'...
[2026-09-04 13:30:30] [INFO] [cnx200_dashboard:nse_client.py:59] - Fetching historical market data for DRREDDY from 04-09-2025 to 04-09-2026...
[2026-09-04 13:30:32] [INFO] [cnx200_dashboard:nse_client.py:69] - Retrieved 249 price records for DRREDDY.
[2026-09-04 13:30:32] [INFO] [cnx200_dashboard:repositories.py:169] - Bulk upserted 249 price records into daily_prices.
[2026-09-04 13:30:32] [INFO] [cnx200_dashboard:historical_data_service.py:122] - [OK] [53/200] 'DRREDDY' backfill complete: 249 records upserted.
[2026-09-04 13:30:32] [INFO] [cnx200_dashboard:historical_data_service.py:71] - [54/200] Processing historical backfill for symbol 'EICHERMOT'...
[2026-09-04 13:30:32] [INFO] [cnx200_dashboard:nse_client.py:59] - Fetching historical market data for EICHERMOT from 04-09-2025 to 04-09-2026...
[2026-09-04 13:30:34] [INFO] [cnx200_dashboard:nse_client.py:69] - Retrieved 252 price records for EICHERMOT.
[2026-09-04 13:30:34] [INFO] [cnx200_dashboard:repositories.py:169] - Bulk upserted 252 price records into daily_prices.
[2026-09-04 13:30:34] [INFO] [cnx200_dashboard:historical_data_service.py:122] - [OK] [54/200] 'EICHERMOT' backfill complete: 252 records upserted.
[2026-09-04 13:30:34] [INFO] [cnx200_dashboard:historical_data_service.py:71] - [55/200] Processing historical backfill for symbol 'ENRIN'...
[2026-09-04 13:30:34] [INFO] [cnx200_dashboard:nse_client.py:59] - Fetching historical market data for ENRIN from 04-09-2025 to 04-09-2026...
[2026-09-04 13:30:41] [INFO] [cnx200_dashboard:nse_client.py:69] - Retrieved 251 price records for ENRIN.
[2026-09-04 13:30:41] [INFO] [cnx200_dashboard:repositories.py:169] - Bulk upserted 251 price records into daily_prices.
[2026-09-04 13:30:41] [INFO] [cnx200_dashboard:historical_data_service.py:122] - [OK] [55/200] 'ENRIN' backfill complete: 251 records upserted.
[2026-09-04 13:30:41] [INFO] [cnx200_dashboard:historical_data_service.py:71] - [56/200] Processing historical backfill for symbol 'ETERNAL'...
[2026-09-04 13:30:41] [INFO] [cnx200_dashboard:nse_client.py:59] - Fetching historical market data for ETERNAL from 04-09-2025 to 04-09-2026...
[2026-09-04 13:30:45] [INFO] [cnx200_dashboard:nse_client.py:69] - Retrieved 261 price records for ETERNAL.
[2026-09-04 13:30:45] [INFO] [cnx200_dashboard:repositories.py:169] - Bulk upserted 261 price records into daily_prices.
[2026-09-04 13:30:45] [INFO] [cnx200_dashboard:historical_data_service.py:122] - [OK] [56/200] 'ETERNAL' backfill complete: 261 records upserted.
[2026-09-04 13:30:45] [INFO] [cnx200_dashboard:historical_data_service.py:71] - [57/200] Processing historical backfill for symbol 'EXIDEIND'...
[2026-09-04 13:30:45] [INFO] [cnx200_dashboard:nse_client.py:59] - Fetching historical market data for EXIDEIND from 04-09-2025 to 04-09-2026...
[2026-09-04 13:30:47] [INFO] [cnx200_dashboard:nse_client.py:69] - Retrieved 248 price records for EXIDEIND.
[2026-09-04 13:30:47] [INFO] [cnx200_dashboard:repositories.py:169] - Bulk upserted 248 price records into daily_prices.
[2026-09-04 13:30:47] [INFO] [cnx200_dashboard:historical_data_service.py:122] - [OK] [57/200] 'EXIDEIND' backfill complete: 248 records upserted.
[2026-09-04 13:30:47] [INFO] [cnx200_dashboard:historical_data_service.py:71] - [58/200] Processing historical backfill for symbol 'FEDERALBNK'...
[2026-09-04 13:30:47] [INFO] [cnx200_dashboard:nse_client.py:59] - Fetching historical market data for FEDERALBNK from 04-09-2025 to 04-09-2026...
[2026-09-04 13:30:49] [INFO] [cnx200_dashboard:nse_client.py:69] - Retrieved 248 price records for FEDERALBNK.
[2026-09-04 13:30:49] [INFO] [cnx200_dashboard:repositories.py:169] - Bulk upserted 248 price records into daily_prices.
[2026-09-04 13:30:49] [INFO] [cnx200_dashboard:historical_data_service.py:122] - [OK] [58/200] 'FEDERALBNK' backfill complete: 248 records upserted.
[2026-09-04 13:30:49] [INFO] [cnx200_dashboard:historical_data_service.py:71] - [59/200] Processing historical backfill for symbol 'FORTIS'...
[2026-09-04 13:30:49] [INFO] [cnx200_dashboard:nse_client.py:59] - Fetching historical market data for FORTIS from 04-09-2025 to 04-09-2026...
[2026-09-04 13:30:53] [INFO] [cnx200_dashboard:nse_client.py:69] - Retrieved 252 price records for FORTIS.
[2026-09-04 13:30:54] [INFO] [cnx200_dashboard:repositories.py:169] - Bulk upserted 252 price records into daily_prices.
[2026-09-04 13:30:54] [INFO] [cnx200_dashboard:historical_data_service.py:122] - [OK] [59/200] 'FORTIS' backfill complete: 252 records upserted.
[2026-09-04 13:30:54] [INFO] [cnx200_dashboard:historical_data_service.py:71] - [60/200] Processing historical backfill for symbol 'GAIL'...
[2026-09-04 13:30:54] [INFO] [cnx200_dashboard:nse_client.py:59] - Fetching historical market data for GAIL from 04-09-2025 to 04-09-2026...
[2026-09-04 13:30:58] [INFO] [cnx200_dashboard:nse_client.py:69] - Retrieved 250 price records for GAIL.
[2026-09-04 13:30:58] [INFO] [cnx200_dashboard:repositories.py:169] - Bulk upserted 250 price records into daily_prices.
[2026-09-04 13:30:58] [INFO] [cnx200_dashboard:historical_data_service.py:122] - [OK] [60/200] 'GAIL' backfill complete: 250 records upserted.
[2026-09-04 13:30:58] [INFO] [cnx200_dashboard:historical_data_service.py:71] - [61/200] Processing historical backfill for symbol 'GLENMARK'...
[2026-09-04 13:30:58] [INFO] [cnx200_dashboard:nse_client.py:59] - Fetching historical market data for GLENMARK from 04-09-2025 to 04-09-2026...
[2026-09-04 13:31:00] [INFO] [cnx200_dashboard:nse_client.py:69] - Retrieved 248 price records for GLENMARK.
[2026-09-04 13:31:00] [INFO] [cnx200_dashboard:repositories.py:169] - Bulk upserted 248 price records into daily_prices.
[2026-09-04 13:31:00] [INFO] [cnx200_dashboard:historical_data_service.py:122] - [OK] [61/200] 'GLENMARK' backfill complete: 248 records upserted.
[2026-09-04 13:31:00] [INFO] [cnx200_dashboard:historical_data_service.py:71] - [62/200] Processing historical backfill for symbol 'GMRAIRPORT'...
[2026-09-04 13:31:00] [INFO] [cnx200_dashboard:nse_client.py:59] - Fetching historical market data for GMRAIRPORT from 04-09-2025 to 04-09-2026...
[2026-09-04 13:31:02] [INFO] [cnx200_dashboard:nse_client.py:69] - Retrieved 251 price records for GMRAIRPORT.
[2026-09-04 13:31:02] [INFO] [cnx200_dashboard:repositories.py:169] - Bulk upserted 251 price records into daily_prices.
[2026-09-04 13:31:02] [INFO] [cnx200_dashboard:historical_data_service.py:122] - [OK] [62/200] 'GMRAIRPORT' backfill complete: 251 records upserted.
[2026-09-04 13:31:02] [INFO] [cnx200_dashboard:historical_data_service.py:71] - [63/200] Processing historical backfill for symbol 'GODFRYPHLP'...
[2026-09-04 13:31:02] [INFO] [cnx200_dashboard:nse_client.py:59] - Fetching historical market data for GODFRYPHLP from 04-09-2025 to 04-09-2026...
[2026-09-04 13:31:06] [INFO] [cnx200_dashboard:nse_client.py:69] - Retrieved 248 price records for GODFRYPHLP.
[2026-09-04 13:31:06] [INFO] [cnx200_dashboard:repositories.py:169] - Bulk upserted 248 price records into daily_prices.
[2026-09-04 13:31:06] [INFO] [cnx200_dashboard:historical_data_service.py:122] - [OK] [63/200] 'GODFRYPHLP' backfill complete: 248 records upserted.
[2026-09-04 13:31:06] [INFO] [cnx200_dashboard:historical_data_service.py:71] - [64/200] Processing historical backfill for symbol 'GODREJCP'...
[2026-09-04 13:31:06] [INFO] [cnx200_dashboard:nse_client.py:59] - Fetching historical market data for GODREJCP from 04-09-2025 to 04-09-2026...
[2026-09-04 13:31:08] [INFO] [cnx200_dashboard:nse_client.py:69] - Retrieved 248 price records for GODREJCP.
[2026-09-04 13:31:08] [INFO] [cnx200_dashboard:repositories.py:169] - Bulk upserted 248 price records into daily_prices.
[2026-09-04 13:31:08] [INFO] [cnx200_dashboard:historical_data_service.py:122] - [OK] [64/200] 'GODREJCP' backfill complete: 248 records upserted.
[2026-09-04 13:31:08] [INFO] [cnx200_dashboard:historical_data_service.py:71] - [65/200] Processing historical backfill for symbol 'GODREJPROP'...
[2026-09-04 13:31:08] [INFO] [cnx200_dashboard:nse_client.py:59] - Fetching historical market data for GODREJPROP from 04-09-2025 to 04-09-2026...
[2026-09-04 13:31:12] [INFO] [cnx200_dashboard:nse_client.py:69] - Retrieved 251 price records for GODREJPROP.
[2026-09-04 13:31:12] [INFO] [cnx200_dashboard:repositories.py:169] - Bulk upserted 251 price records into daily_prices.
[2026-09-04 13:31:12] [INFO] [cnx200_dashboard:historical_data_service.py:122] - [OK] [65/200] 'GODREJPROP' backfill complete: 251 records upserted.
[2026-09-04 13:31:12] [INFO] [cnx200_dashboard:historical_data_service.py:71] - [66/200] Processing historical backfill for symbol 'GRASIM'...
[2026-09-04 13:31:12] [INFO] [cnx200_dashboard:nse_client.py:59] - Fetching historical market data for GRASIM from 04-09-2025 to 04-09-2026...
[2026-09-04 13:31:14] [INFO] [cnx200_dashboard:nse_client.py:69] - Retrieved 248 price records for GRASIM.
[2026-09-04 13:31:14] [INFO] [cnx200_dashboard:repositories.py:169] - Bulk upserted 248 price records into daily_prices.
[2026-09-04 13:31:14] [INFO] [cnx200_dashboard:historical_data_service.py:122] - [OK] [66/200] 'GRASIM' backfill complete: 248 records upserted.
[2026-09-04 13:31:14] [INFO] [cnx200_dashboard:historical_data_service.py:71] - [67/200] Processing historical backfill for symbol 'GROWW'...
[2026-09-04 13:31:14] [INFO] [cnx200_dashboard:nse_client.py:59] - Fetching historical market data for GROWW from 04-09-2025 to 04-09-2026...
[2026-09-04 13:31:16] [INFO] [cnx200_dashboard:nse_client.py:69] - Retrieved 202 price records for GROWW.
[2026-09-04 13:31:16] [INFO] [cnx200_dashboard:repositories.py:169] - Bulk upserted 202 price records into daily_prices.
[2026-09-04 13:31:16] [INFO] [cnx200_dashboard:historical_data_service.py:122] - [OK] [67/200] 'GROWW' backfill complete: 202 records upserted.
[2026-09-04 13:31:16] [INFO] [cnx200_dashboard:historical_data_service.py:71] - [68/200] Processing historical backfill for symbol 'GVT&D'...
[2026-09-04 13:31:16] [INFO] [cnx200_dashboard:nse_client.py:59] - Fetching historical market data for GVT&D from 04-09-2025 to 04-09-2026...
[2026-09-04 13:31:20] [INFO] [cnx200_dashboard:nse_client.py:69] - Retrieved 250 price records for GVT&D.
[2026-09-04 13:31:20] [INFO] [cnx200_dashboard:repositories.py:169] - Bulk upserted 250 price records into daily_prices.
[2026-09-04 13:31:20] [INFO] [cnx200_dashboard:historical_data_service.py:122] - [OK] [68/200] 'GVT&D' backfill complete: 250 records upserted.
[2026-09-04 13:31:20] [INFO] [cnx200_dashboard:historical_data_service.py:71] - [69/200] Processing historical backfill for symbol 'HAL'...
[2026-09-04 13:31:20] [INFO] [cnx200_dashboard:nse_client.py:59] - Fetching historical market data for HAL from 04-09-2025 to 04-09-2026...
[2026-09-04 13:31:22] [INFO] [cnx200_dashboard:nse_client.py:69] - Retrieved 252 price records for HAL.
[2026-09-04 13:31:22] [INFO] [cnx200_dashboard:repositories.py:169] - Bulk upserted 252 price records into daily_prices.
[2026-09-04 13:31:22] [INFO] [cnx200_dashboard:historical_data_service.py:122] - [OK] [69/200] 'HAL' backfill complete: 252 records upserted.
[2026-09-04 13:31:22] [INFO] [cnx200_dashboard:historical_data_service.py:71] - [70/200] Processing historical backfill for symbol 'HAVELLS'...
[2026-09-04 13:31:22] [INFO] [cnx200_dashboard:nse_client.py:59] - Fetching historical market data for HAVELLS from 04-09-2025 to 04-09-2026...
[2026-09-04 13:31:24] [INFO] [cnx200_dashboard:nse_client.py:69] - Retrieved 248 price records for HAVELLS.
[2026-09-04 13:31:24] [INFO] [cnx200_dashboard:repositories.py:169] - Bulk upserted 248 price records into daily_prices.
[2026-09-04 13:31:24] [INFO] [cnx200_dashboard:historical_data_service.py:122] - [OK] [70/200] 'HAVELLS' backfill complete: 248 records upserted.
[2026-09-04 13:31:24] [INFO] [cnx200_dashboard:historical_data_service.py:71] - [71/200] Processing historical backfill for symbol 'HCLTECH'...
[2026-09-04 13:31:24] [INFO] [cnx200_dashboard:nse_client.py:59] - Fetching historical market data for HCLTECH from 04-09-2025 to 04-09-2026...
[2026-09-04 13:31:26] [INFO] [cnx200_dashboard:nse_client.py:69] - Retrieved 251 price records for HCLTECH.
[2026-09-04 13:31:26] [INFO] [cnx200_dashboard:repositories.py:169] - Bulk upserted 251 price records into daily_prices.
[2026-09-04 13:31:26] [INFO] [cnx200_dashboard:historical_data_service.py:122] - [OK] [71/200] 'HCLTECH' backfill complete: 251 records upserted.
[2026-09-04 13:31:26] [INFO] [cnx200_dashboard:historical_data_service.py:71] - [72/200] Processing historical backfill for symbol 'HDFCAMC'...
[2026-09-04 13:31:26] [INFO] [cnx200_dashboard:nse_client.py:59] - Fetching historical market data for HDFCAMC from 04-09-2025 to 04-09-2026...
[2026-09-04 13:31:28] [INFO] [cnx200_dashboard:nse_client.py:69] - Retrieved 249 price records for HDFCAMC.
[2026-09-04 13:31:29] [INFO] [cnx200_dashboard:repositories.py:169] - Bulk upserted 249 price records into daily_prices.
[2026-09-04 13:31:29] [INFO] [cnx200_dashboard:historical_data_service.py:122] - [OK] [72/200] 'HDFCAMC' backfill complete: 249 records upserted.
[2026-09-04 13:31:29] [INFO] [cnx200_dashboard:historical_data_service.py:71] - [73/200] Processing historical backfill for symbol 'HDFCBANK'...
[2026-09-04 13:31:29] [INFO] [cnx200_dashboard:nse_client.py:59] - Fetching historical market data for HDFCBANK from 04-09-2025 to 04-09-2026...
[2026-09-04 13:31:31] [INFO] [cnx200_dashboard:nse_client.py:69] - Retrieved 254 price records for HDFCBANK.
[2026-09-04 13:31:31] [INFO] [cnx200_dashboard:repositories.py:169] - Bulk upserted 254 price records into daily_prices.
[2026-09-04 13:31:31] [INFO] [cnx200_dashboard:historical_data_service.py:122] - [OK] [73/200] 'HDFCBANK' backfill complete: 254 records upserted.
[2026-09-04 13:31:31] [INFO] [cnx200_dashboard:historical_data_service.py:71] - [74/200] Processing historical backfill for symbol 'HDFCLIFE'...
[2026-09-04 13:31:31] [INFO] [cnx200_dashboard:nse_client.py:59] - Fetching historical market data for HDFCLIFE from 04-09-2025 to 04-09-2026...
[2026-09-04 13:31:33] [INFO] [cnx200_dashboard:nse_client.py:69] - Retrieved 248 price records for HDFCLIFE.
[2026-09-04 13:31:33] [INFO] [cnx200_dashboard:repositories.py:169] - Bulk upserted 248 price records into daily_prices.
[2026-09-04 13:31:33] [INFO] [cnx200_dashboard:historical_data_service.py:122] - [OK] [74/200] 'HDFCLIFE' backfill complete: 248 records upserted.
[2026-09-04 13:31:33] [INFO] [cnx200_dashboard:historical_data_service.py:71] - [75/200] Processing historical backfill for symbol 'HEROMOTOCO'...
[2026-09-04 13:31:33] [INFO] [cnx200_dashboard:nse_client.py:59] - Fetching historical market data for HEROMOTOCO from 04-09-2025 to 04-09-2026...
[2026-09-04 13:31:35] [INFO] [cnx200_dashboard:nse_client.py:69] - Retrieved 253 price records for HEROMOTOCO.
[2026-09-04 13:31:35] [INFO] [cnx200_dashboard:repositories.py:169] - Bulk upserted 253 price records into daily_prices.
[2026-09-04 13:31:35] [INFO] [cnx200_dashboard:historical_data_service.py:122] - [OK] [75/200] 'HEROMOTOCO' backfill complete: 253 records upserted.
[2026-09-04 13:31:35] [INFO] [cnx200_dashboard:historical_data_service.py:71] - [76/200] Processing historical backfill for symbol 'HINDALCO'...
[2026-09-04 13:31:35] [INFO] [cnx200_dashboard:nse_client.py:59] - Fetching historical market data for HINDALCO from 04-09-2025 to 04-09-2026...
[2026-09-04 13:31:37] [INFO] [cnx200_dashboard:nse_client.py:69] - Retrieved 250 price records for HINDALCO.
[2026-09-04 13:31:38] [INFO] [cnx200_dashboard:repositories.py:169] - Bulk upserted 250 price records into daily_prices.
[2026-09-04 13:31:38] [INFO] [cnx200_dashboard:historical_data_service.py:122] - [OK] [76/200] 'HINDALCO' backfill complete: 250 records upserted.
[2026-09-04 13:31:38] [INFO] [cnx200_dashboard:historical_data_service.py:71] - [77/200] Processing historical backfill for symbol 'HINDPETRO'...
[2026-09-04 13:31:38] [INFO] [cnx200_dashboard:nse_client.py:59] - Fetching historical market data for HINDPETRO from 04-09-2025 to 04-09-2026...
[2026-09-04 13:31:40] [INFO] [cnx200_dashboard:nse_client.py:69] - Retrieved 248 price records for HINDPETRO.
[2026-09-04 13:31:40] [INFO] [cnx200_dashboard:repositories.py:169] - Bulk upserted 248 price records into daily_prices.
[2026-09-04 13:31:40] [INFO] [cnx200_dashboard:historical_data_service.py:122] - [OK] [77/200] 'HINDPETRO' backfill complete: 248 records upserted.
[2026-09-04 13:31:40] [INFO] [cnx200_dashboard:historical_data_service.py:71] - [78/200] Processing historical backfill for symbol 'HINDUNILVR'...
[2026-09-04 13:31:40] [INFO] [cnx200_dashboard:nse_client.py:59] - Fetching historical market data for HINDUNILVR from 04-09-2025 to 04-09-2026...
[2026-09-04 13:31:44] [INFO] [cnx200_dashboard:nse_client.py:69] - Retrieved 249 price records for HINDUNILVR.
[2026-09-04 13:31:44] [INFO] [cnx200_dashboard:repositories.py:169] - Bulk upserted 249 price records into daily_prices.
[2026-09-04 13:31:44] [INFO] [cnx200_dashboard:historical_data_service.py:122] - [OK] [78/200] 'HINDUNILVR' backfill complete: 249 records upserted.
[2026-09-04 13:31:44] [INFO] [cnx200_dashboard:historical_data_service.py:71] - [79/200] Processing historical backfill for symbol 'HINDZINC'...
[2026-09-04 13:31:44] [INFO] [cnx200_dashboard:nse_client.py:59] - Fetching historical market data for HINDZINC from 04-09-2025 to 04-09-2026...
[2026-09-04 13:31:46] [INFO] [cnx200_dashboard:nse_client.py:69] - Retrieved 248 price records for HINDZINC.
[2026-09-04 13:31:46] [INFO] [cnx200_dashboard:repositories.py:169] - Bulk upserted 248 price records into daily_prices.
[2026-09-04 13:31:46] [INFO] [cnx200_dashboard:historical_data_service.py:122] - [OK] [79/200] 'HINDZINC' backfill complete: 248 records upserted.
[2026-09-04 13:31:46] [INFO] [cnx200_dashboard:historical_data_service.py:71] - [80/200] Processing historical backfill for symbol 'HUDCO'...
[2026-09-04 13:31:46] [INFO] [cnx200_dashboard:nse_client.py:59] - Fetching historical market data for HUDCO from 04-09-2025 to 04-09-2026...
[2026-09-04 13:31:48] [INFO] [cnx200_dashboard:nse_client.py:69] - Retrieved 248 price records for HUDCO.
[2026-09-04 13:31:48] [INFO] [cnx200_dashboard:repositories.py:169] - Bulk upserted 248 price records into daily_prices.
[2026-09-04 13:31:48] [INFO] [cnx200_dashboard:historical_data_service.py:122] - [OK] [80/200] 'HUDCO' backfill complete: 248 records upserted.
[2026-09-04 13:31:48] [INFO] [cnx200_dashboard:historical_data_service.py:71] - [81/200] Processing historical backfill for symbol 'HYUNDAI'...
[2026-09-04 13:31:48] [INFO] [cnx200_dashboard:nse_client.py:59] - Fetching historical market data for HYUNDAI from 04-09-2025 to 04-09-2026...
[2026-09-04 13:31:50] [INFO] [cnx200_dashboard:nse_client.py:69] - Retrieved 252 price records for HYUNDAI.
[2026-09-04 13:31:50] [INFO] [cnx200_dashboard:repositories.py:169] - Bulk upserted 252 price records into daily_prices.
[2026-09-04 13:31:50] [INFO] [cnx200_dashboard:historical_data_service.py:122] - [OK] [81/200] 'HYUNDAI' backfill complete: 252 records upserted.
[2026-09-04 13:31:50] [INFO] [cnx200_dashboard:historical_data_service.py:71] - [82/200] Processing historical backfill for symbol 'ICICIAMC'...
[2026-09-04 13:31:50] [INFO] [cnx200_dashboard:nse_client.py:59] - Fetching historical market data for ICICIAMC from 04-09-2025 to 04-09-2026...
[2026-09-04 13:31:54] [INFO] [cnx200_dashboard:nse_client.py:69] - Retrieved 175 price records for ICICIAMC.
[2026-09-04 13:31:54] [INFO] [cnx200_dashboard:repositories.py:169] - Bulk upserted 175 price records into daily_prices.
[2026-09-04 13:31:54] [INFO] [cnx200_dashboard:historical_data_service.py:122] - [OK] [82/200] 'ICICIAMC' backfill complete: 175 records upserted.
[2026-09-04 13:31:54] [INFO] [cnx200_dashboard:historical_data_service.py:71] - [83/200] Processing historical backfill for symbol 'ICICIBANK'...
[2026-09-04 13:31:54] [INFO] [cnx200_dashboard:nse_client.py:59] - Fetching historical market data for ICICIBANK from 04-09-2025 to 04-09-2026...
[2026-09-04 13:31:59] [INFO] [cnx200_dashboard:nse_client.py:69] - Retrieved 254 price records for ICICIBANK.
[2026-09-04 13:32:00] [INFO] [cnx200_dashboard:repositories.py:169] - Bulk upserted 254 price records into daily_prices.
[2026-09-04 13:32:00] [INFO] [cnx200_dashboard:historical_data_service.py:122] - [OK] [83/200] 'ICICIBANK' backfill complete: 254 records upserted.
[2026-09-04 13:32:00] [INFO] [cnx200_dashboard:historical_data_service.py:71] - [84/200] Processing historical backfill for symbol 'ICICIGI'...
[2026-09-04 13:32:00] [INFO] [cnx200_dashboard:nse_client.py:59] - Fetching historical market data for ICICIGI from 04-09-2025 to 04-09-2026...
[2026-09-04 13:32:04] [INFO] [cnx200_dashboard:nse_client.py:69] - Retrieved 248 price records for ICICIGI.
[2026-09-04 13:32:04] [INFO] [cnx200_dashboard:repositories.py:169] - Bulk upserted 248 price records into daily_prices.
[2026-09-04 13:32:04] [INFO] [cnx200_dashboard:historical_data_service.py:122] - [OK] [84/200] 'ICICIGI' backfill complete: 248 records upserted.
[2026-09-04 13:32:04] [INFO] [cnx200_dashboard:historical_data_service.py:71] - [85/200] Processing historical backfill for symbol 'IDEA'...
[2026-09-04 13:32:04] [INFO] [cnx200_dashboard:nse_client.py:59] - Fetching historical market data for IDEA from 04-09-2025 to 04-09-2026...
[2026-09-04 13:32:06] [INFO] [cnx200_dashboard:nse_client.py:69] - Retrieved 284 price records for IDEA.
[2026-09-04 13:32:06] [INFO] [cnx200_dashboard:repositories.py:169] - Bulk upserted 284 price records into daily_prices.
[2026-09-04 13:32:06] [INFO] [cnx200_dashboard:historical_data_service.py:122] - [OK] [85/200] 'IDEA' backfill complete: 284 records upserted.
[2026-09-04 13:32:06] [INFO] [cnx200_dashboard:historical_data_service.py:71] - [86/200] Processing historical backfill for symbol 'IDFCFIRSTB'...
[2026-09-04 13:32:06] [INFO] [cnx200_dashboard:nse_client.py:59] - Fetching historical market data for IDFCFIRSTB from 04-09-2025 to 04-09-2026...
[2026-09-04 13:32:08] [INFO] [cnx200_dashboard:nse_client.py:69] - Retrieved 250 price records for IDFCFIRSTB.
[2026-09-04 13:32:09] [INFO] [cnx200_dashboard:repositories.py:169] - Bulk upserted 250 price records into daily_prices.
[2026-09-04 13:32:09] [INFO] [cnx200_dashboard:historical_data_service.py:122] - [OK] [86/200] 'IDFCFIRSTB' backfill complete: 250 records upserted.
[2026-09-04 13:32:09] [INFO] [cnx200_dashboard:historical_data_service.py:71] - [87/200] Processing historical backfill for symbol 'INDHOTEL'...
[2026-09-04 13:32:09] [INFO] [cnx200_dashboard:nse_client.py:59] - Fetching historical market data for INDHOTEL from 04-09-2025 to 04-09-2026...
[2026-09-04 13:32:11] [INFO] [cnx200_dashboard:nse_client.py:69] - Retrieved 248 price records for INDHOTEL.
[2026-09-04 13:32:11] [INFO] [cnx200_dashboard:repositories.py:169] - Bulk upserted 248 price records into daily_prices.
[2026-09-04 13:32:11] [INFO] [cnx200_dashboard:historical_data_service.py:122] - [OK] [87/200] 'INDHOTEL' backfill complete: 248 records upserted.
[2026-09-04 13:32:11] [INFO] [cnx200_dashboard:historical_data_service.py:71] - [88/200] Processing historical backfill for symbol 'INDIANB'...
[2026-09-04 13:32:11] [INFO] [cnx200_dashboard:nse_client.py:59] - Fetching historical market data for INDIANB from 04-09-2025 to 04-09-2026...
[2026-09-04 13:32:13] [INFO] [cnx200_dashboard:nse_client.py:69] - Retrieved 248 price records for INDIANB.
[2026-09-04 13:32:13] [INFO] [cnx200_dashboard:repositories.py:169] - Bulk upserted 248 price records into daily_prices.
[2026-09-04 13:32:13] [INFO] [cnx200_dashboard:historical_data_service.py:122] - [OK] [88/200] 'INDIANB' backfill complete: 248 records upserted.
[2026-09-04 13:32:13] [INFO] [cnx200_dashboard:historical_data_service.py:71] - [89/200] Processing historical backfill for symbol 'INDIGO'...
[2026-09-04 13:32:13] [INFO] [cnx200_dashboard:nse_client.py:59] - Fetching historical market data for INDIGO from 04-09-2025 to 04-09-2026...
[2026-09-04 13:32:17] [INFO] [cnx200_dashboard:nse_client.py:69] - Retrieved 252 price records for INDIGO.
[2026-09-04 13:32:17] [INFO] [cnx200_dashboard:repositories.py:169] - Bulk upserted 252 price records into daily_prices.
[2026-09-04 13:32:17] [INFO] [cnx200_dashboard:historical_data_service.py:122] - [OK] [89/200] 'INDIGO' backfill complete: 252 records upserted.
[2026-09-04 13:32:17] [INFO] [cnx200_dashboard:historical_data_service.py:71] - [90/200] Processing historical backfill for symbol 'INDUSINDBK'...
[2026-09-04 13:32:17] [INFO] [cnx200_dashboard:nse_client.py:59] - Fetching historical market data for INDUSINDBK from 04-09-2025 to 04-09-2026...
[2026-09-04 13:32:19] [INFO] [cnx200_dashboard:nse_client.py:69] - Retrieved 248 price records for INDUSINDBK.
[2026-09-04 13:32:19] [INFO] [cnx200_dashboard:repositories.py:169] - Bulk upserted 248 price records into daily_prices.
[2026-09-04 13:32:19] [INFO] [cnx200_dashboard:historical_data_service.py:122] - [OK] [90/200] 'INDUSINDBK' backfill complete: 248 records upserted.
[2026-09-04 13:32:19] [INFO] [cnx200_dashboard:historical_data_service.py:71] - [91/200] Processing historical backfill for symbol 'INDUSTOWER'...
[2026-09-04 13:32:19] [INFO] [cnx200_dashboard:nse_client.py:59] - Fetching historical market data for INDUSTOWER from 04-09-2025 to 04-09-2026...
[2026-09-04 13:32:21] [INFO] [cnx200_dashboard:nse_client.py:69] - Retrieved 248 price records for INDUSTOWER.
[2026-09-04 13:32:22] [INFO] [cnx200_dashboard:repositories.py:169] - Bulk upserted 248 price records into daily_prices.
[2026-09-04 13:32:22] [INFO] [cnx200_dashboard:historical_data_service.py:122] - [OK] [91/200] 'INDUSTOWER' backfill complete: 248 records upserted.
[2026-09-04 13:32:22] [INFO] [cnx200_dashboard:historical_data_service.py:71] - [92/200] Processing historical backfill for symbol 'INFY'...
[2026-09-04 13:32:22] [INFO] [cnx200_dashboard:nse_client.py:59] - Fetching historical market data for INFY from 04-09-2025 to 04-09-2026...
[2026-09-04 13:32:23] [INFO] [cnx200_dashboard:nse_client.py:69] - Retrieved 255 price records for INFY.
[2026-09-04 13:32:24] [INFO] [cnx200_dashboard:repositories.py:169] - Bulk upserted 255 price records into daily_prices.
[2026-09-04 13:32:24] [INFO] [cnx200_dashboard:historical_data_service.py:122] - [OK] [92/200] 'INFY' backfill complete: 255 records upserted.
[2026-09-04 13:32:24] [INFO] [cnx200_dashboard:historical_data_service.py:71] - [93/200] Processing historical backfill for symbol 'IOC'...
[2026-09-04 13:32:24] [INFO] [cnx200_dashboard:nse_client.py:59] - Fetching historical market data for IOC from 04-09-2025 to 04-09-2026...
[2026-09-04 13:32:26] [INFO] [cnx200_dashboard:nse_client.py:69] - Retrieved 248 price records for IOC.
[2026-09-04 13:32:26] [INFO] [cnx200_dashboard:repositories.py:169] - Bulk upserted 248 price records into daily_prices.
[2026-09-04 13:32:26] [INFO] [cnx200_dashboard:historical_data_service.py:122] - [OK] [93/200] 'IOC' backfill complete: 248 records upserted.
[2026-09-04 13:32:26] [INFO] [cnx200_dashboard:historical_data_service.py:71] - [94/200] Processing historical backfill for symbol 'IRCTC'...
[2026-09-04 13:32:26] [INFO] [cnx200_dashboard:nse_client.py:59] - Fetching historical market data for IRCTC from 04-09-2025 to 04-09-2026...
[2026-09-04 13:32:30] [INFO] [cnx200_dashboard:nse_client.py:69] - Retrieved 248 price records for IRCTC.
[2026-09-04 13:32:30] [INFO] [cnx200_dashboard:repositories.py:169] - Bulk upserted 248 price records into daily_prices.
[2026-09-04 13:32:30] [INFO] [cnx200_dashboard:historical_data_service.py:122] - [OK] [94/200] 'IRCTC' backfill complete: 248 records upserted.
[2026-09-04 13:32:30] [INFO] [cnx200_dashboard:historical_data_service.py:71] - [95/200] Processing historical backfill for symbol 'IREDA'...
[2026-09-04 13:32:30] [INFO] [cnx200_dashboard:nse_client.py:59] - Fetching historical market data for IREDA from 04-09-2025 to 04-09-2026...
[2026-09-04 13:32:32] [INFO] [cnx200_dashboard:nse_client.py:69] - Retrieved 248 price records for IREDA.
[2026-09-04 13:32:32] [INFO] [cnx200_dashboard:repositories.py:169] - Bulk upserted 248 price records into daily_prices.
[2026-09-04 13:32:32] [INFO] [cnx200_dashboard:historical_data_service.py:122] - [OK] [95/200] 'IREDA' backfill complete: 248 records upserted.
[2026-09-04 13:32:32] [INFO] [cnx200_dashboard:historical_data_service.py:71] - [96/200] Processing historical backfill for symbol 'IRFC'...
[2026-09-04 13:32:32] [INFO] [cnx200_dashboard:nse_client.py:59] - Fetching historical market data for IRFC from 04-09-2025 to 04-09-2026...
[2026-09-04 13:32:35] [INFO] [cnx200_dashboard:nse_client.py:69] - Retrieved 248 price records for IRFC.
[2026-09-04 13:32:35] [INFO] [cnx200_dashboard:repositories.py:169] - Bulk upserted 248 price records into daily_prices.
[2026-09-04 13:32:35] [INFO] [cnx200_dashboard:historical_data_service.py:122] - [OK] [96/200] 'IRFC' backfill complete: 248 records upserted.
[2026-09-04 13:32:35] [INFO] [cnx200_dashboard:historical_data_service.py:71] - [97/200] Processing historical backfill for symbol 'ITC'...
[2026-09-04 13:32:35] [INFO] [cnx200_dashboard:nse_client.py:59] - Fetching historical market data for ITC from 04-09-2025 to 04-09-2026...
[2026-09-04 13:32:39] [INFO] [cnx200_dashboard:nse_client.py:69] - Retrieved 251 price records for ITC.
[2026-09-04 13:32:39] [INFO] [cnx200_dashboard:repositories.py:169] - Bulk upserted 251 price records into daily_prices.
[2026-09-04 13:32:39] [INFO] [cnx200_dashboard:historical_data_service.py:122] - [OK] [97/200] 'ITC' backfill complete: 251 records upserted.
[2026-09-04 13:32:39] [INFO] [cnx200_dashboard:historical_data_service.py:71] - [98/200] Processing historical backfill for symbol 'JINDALSTEL'...
[2026-09-04 13:32:39] [INFO] [cnx200_dashboard:nse_client.py:59] - Fetching historical market data for JINDALSTEL from 04-09-2025 to 04-09-2026...
[2026-09-04 13:32:41] [INFO] [cnx200_dashboard:nse_client.py:69] - Retrieved 248 price records for JINDALSTEL.
[2026-09-04 13:32:41] [INFO] [cnx200_dashboard:repositories.py:169] - Bulk upserted 248 price records into daily_prices.
[2026-09-04 13:32:41] [INFO] [cnx200_dashboard:historical_data_service.py:122] - [OK] [98/200] 'JINDALSTEL' backfill complete: 248 records upserted.
[2026-09-04 13:32:41] [INFO] [cnx200_dashboard:historical_data_service.py:71] - [99/200] Processing historical backfill for symbol 'JIOFIN'...
[2026-09-04 13:32:41] [INFO] [cnx200_dashboard:nse_client.py:59] - Fetching historical market data for JIOFIN from 04-09-2025 to 04-09-2026...
[2026-09-04 13:32:43] [INFO] [cnx200_dashboard:nse_client.py:69] - Retrieved 251 price records for JIOFIN.
[2026-09-04 13:32:43] [INFO] [cnx200_dashboard:repositories.py:169] - Bulk upserted 251 price records into daily_prices.
[2026-09-04 13:32:43] [INFO] [cnx200_dashboard:historical_data_service.py:122] - [OK] [99/200] 'JIOFIN' backfill complete: 251 records upserted.
[2026-09-04 13:32:43] [INFO] [cnx200_dashboard:historical_data_service.py:71] - [100/200] Processing historical backfill for symbol 'JSWENERGY'...
[2026-09-04 13:32:43] [INFO] [cnx200_dashboard:nse_client.py:59] - Fetching historical market data for JSWENERGY from 04-09-2025 to 04-09-2026...
[2026-09-04 13:32:45] [INFO] [cnx200_dashboard:nse_client.py:69] - Retrieved 249 price records for JSWENERGY.
[2026-09-04 13:32:45] [INFO] [cnx200_dashboard:repositories.py:169] - Bulk upserted 249 price records into daily_prices.
[2026-09-04 13:32:45] [INFO] [cnx200_dashboard:historical_data_service.py:122] - [OK] [100/200] 'JSWENERGY' backfill complete: 249 records upserted.
[2026-09-04 13:32:45] [INFO] [cnx200_dashboard:historical_data_service.py:71] - [101/200] Processing historical backfill for symbol 'JSWSTEEL'...
[2026-09-04 13:32:45] [INFO] [cnx200_dashboard:nse_client.py:59] - Fetching historical market data for JSWSTEEL from 04-09-2025 to 04-09-2026...
[2026-09-04 13:32:47] [INFO] [cnx200_dashboard:nse_client.py:69] - Retrieved 250 price records for JSWSTEEL.
[2026-09-04 13:32:47] [INFO] [cnx200_dashboard:repositories.py:169] - Bulk upserted 250 price records into daily_prices.
[2026-09-04 13:32:47] [INFO] [cnx200_dashboard:historical_data_service.py:122] - [OK] [101/200] 'JSWSTEEL' backfill complete: 250 records upserted.
[2026-09-04 13:32:47] [INFO] [cnx200_dashboard:historical_data_service.py:71] - [102/200] Processing historical backfill for symbol 'JUBLFOOD'...
[2026-09-04 13:32:47] [INFO] [cnx200_dashboard:nse_client.py:59] - Fetching historical market data for JUBLFOOD from 04-09-2025 to 04-09-2026...
[2026-09-04 13:32:49] [INFO] [cnx200_dashboard:nse_client.py:69] - Retrieved 248 price records for JUBLFOOD.
[2026-09-04 13:32:50] [INFO] [cnx200_dashboard:repositories.py:169] - Bulk upserted 248 price records into daily_prices.
[2026-09-04 13:32:50] [INFO] [cnx200_dashboard:historical_data_service.py:122] - [OK] [102/200] 'JUBLFOOD' backfill complete: 248 records upserted.
[2026-09-04 13:32:50] [INFO] [cnx200_dashboard:historical_data_service.py:71] - [103/200] Processing historical backfill for symbol 'KALYANKJIL'...
[2026-09-04 13:32:50] [INFO] [cnx200_dashboard:nse_client.py:59] - Fetching historical market data for KALYANKJIL from 04-09-2025 to 04-09-2026...
[2026-09-04 13:32:51] [INFO] [cnx200_dashboard:nse_client.py:69] - Retrieved 248 price records for KALYANKJIL.
[2026-09-04 13:32:52] [INFO] [cnx200_dashboard:repositories.py:169] - Bulk upserted 248 price records into daily_prices.
[2026-09-04 13:32:52] [INFO] [cnx200_dashboard:historical_data_service.py:122] - [OK] [103/200] 'KALYANKJIL' backfill complete: 248 records upserted.
[2026-09-04 13:32:52] [INFO] [cnx200_dashboard:historical_data_service.py:71] - [104/200] Processing historical backfill for symbol 'KEI'...
[2026-09-04 13:32:52] [INFO] [cnx200_dashboard:nse_client.py:59] - Fetching historical market data for KEI from 04-09-2025 to 04-09-2026...
[2026-09-04 13:32:53] [INFO] [cnx200_dashboard:nse_client.py:69] - Retrieved 248 price records for KEI.
[2026-09-04 13:32:54] [INFO] [cnx200_dashboard:repositories.py:169] - Bulk upserted 248 price records into daily_prices.
[2026-09-04 13:32:54] [INFO] [cnx200_dashboard:historical_data_service.py:122] - [OK] [104/200] 'KEI' backfill complete: 248 records upserted.
[2026-09-04 13:32:54] [INFO] [cnx200_dashboard:historical_data_service.py:71] - [105/200] Processing historical backfill for symbol 'KOTAKBANK'...
[2026-09-04 13:32:54] [INFO] [cnx200_dashboard:nse_client.py:59] - Fetching historical market data for KOTAKBANK from 04-09-2025 to 04-09-2026...
[2026-09-04 13:32:55] [INFO] [cnx200_dashboard:nse_client.py:69] - Retrieved 253 price records for KOTAKBANK.
[2026-09-04 13:32:56] [INFO] [cnx200_dashboard:repositories.py:169] - Bulk upserted 253 price records into daily_prices.
[2026-09-04 13:32:56] [INFO] [cnx200_dashboard:historical_data_service.py:122] - [OK] [105/200] 'KOTAKBANK' backfill complete: 253 records upserted.
[2026-09-04 13:32:56] [INFO] [cnx200_dashboard:historical_data_service.py:71] - [106/200] Processing historical backfill for symbol 'KPITTECH'...
[2026-09-04 13:32:56] [INFO] [cnx200_dashboard:nse_client.py:59] - Fetching historical market data for KPITTECH from 04-09-2025 to 04-09-2026...
[2026-09-04 13:33:00] [INFO] [cnx200_dashboard:nse_client.py:69] - Retrieved 249 price records for KPITTECH.
[2026-09-04 13:33:00] [INFO] [cnx200_dashboard:repositories.py:169] - Bulk upserted 249 price records into daily_prices.
[2026-09-04 13:33:00] [INFO] [cnx200_dashboard:historical_data_service.py:122] - [OK] [106/200] 'KPITTECH' backfill complete: 249 records upserted.
[2026-09-04 13:33:00] [INFO] [cnx200_dashboard:historical_data_service.py:71] - [107/200] Processing historical backfill for symbol 'LAURUSLABS'...
[2026-09-04 13:33:00] [INFO] [cnx200_dashboard:nse_client.py:59] - Fetching historical market data for LAURUSLABS from 04-09-2025 to 04-09-2026...
[2026-09-04 13:33:02] [INFO] [cnx200_dashboard:nse_client.py:69] - Retrieved 248 price records for LAURUSLABS.
[2026-09-04 13:33:02] [INFO] [cnx200_dashboard:repositories.py:169] - Bulk upserted 248 price records into daily_prices.
[2026-09-04 13:33:02] [INFO] [cnx200_dashboard:historical_data_service.py:122] - [OK] [107/200] 'LAURUSLABS' backfill complete: 248 records upserted.
[2026-09-04 13:33:02] [INFO] [cnx200_dashboard:historical_data_service.py:71] - [108/200] Processing historical backfill for symbol 'LENSKART'...
[2026-09-04 13:33:02] [INFO] [cnx200_dashboard:nse_client.py:59] - Fetching historical market data for LENSKART from 04-09-2025 to 04-09-2026...
[2026-09-04 13:33:04] [INFO] [cnx200_dashboard:nse_client.py:69] - Retrieved 209 price records for LENSKART.
[2026-09-04 13:33:04] [INFO] [cnx200_dashboard:repositories.py:169] - Bulk upserted 209 price records into daily_prices.
[2026-09-04 13:33:04] [INFO] [cnx200_dashboard:historical_data_service.py:122] - [OK] [108/200] 'LENSKART' backfill complete: 209 records upserted.
[2026-09-04 13:33:04] [INFO] [cnx200_dashboard:historical_data_service.py:71] - [109/200] Processing historical backfill for symbol 'LGEINDIA'...
[2026-09-04 13:33:04] [INFO] [cnx200_dashboard:nse_client.py:59] - Fetching historical market data for LGEINDIA from 04-09-2025 to 04-09-2026...
[2026-09-04 13:33:05] [INFO] [cnx200_dashboard:nse_client.py:69] - Retrieved 223 price records for LGEINDIA.
[2026-09-04 13:33:06] [INFO] [cnx200_dashboard:repositories.py:169] - Bulk upserted 223 price records into daily_prices.
[2026-09-04 13:33:06] [INFO] [cnx200_dashboard:historical_data_service.py:122] - [OK] [109/200] 'LGEINDIA' backfill complete: 223 records upserted.
[2026-09-04 13:33:06] [INFO] [cnx200_dashboard:historical_data_service.py:71] - [110/200] Processing historical backfill for symbol 'LICHSGFIN'...
[2026-09-04 13:33:06] [INFO] [cnx200_dashboard:nse_client.py:59] - Fetching historical market data for LICHSGFIN from 04-09-2025 to 04-09-2026...
[2026-09-04 13:33:07] [INFO] [cnx200_dashboard:nse_client.py:69] - Retrieved 248 price records for LICHSGFIN.
[2026-09-04 13:33:08] [INFO] [cnx200_dashboard:repositories.py:169] - Bulk upserted 248 price records into daily_prices.
[2026-09-04 13:33:08] [INFO] [cnx200_dashboard:historical_data_service.py:122] - [OK] [110/200] 'LICHSGFIN' backfill complete: 248 records upserted.
[2026-09-04 13:33:08] [INFO] [cnx200_dashboard:historical_data_service.py:71] - [111/200] Processing historical backfill for symbol 'LODHA'...
[2026-09-04 13:33:08] [INFO] [cnx200_dashboard:nse_client.py:59] - Fetching historical market data for LODHA from 04-09-2025 to 04-09-2026...
[2026-09-04 13:33:09] [INFO] [cnx200_dashboard:nse_client.py:69] - Retrieved 250 price records for LODHA.
[2026-09-04 13:33:10] [INFO] [cnx200_dashboard:repositories.py:169] - Bulk upserted 250 price records into daily_prices.
[2026-09-04 13:33:10] [INFO] [cnx200_dashboard:historical_data_service.py:122] - [OK] [111/200] 'LODHA' backfill complete: 250 records upserted.
[2026-09-04 13:33:10] [INFO] [cnx200_dashboard:historical_data_service.py:71] - [112/200] Processing historical backfill for symbol 'LT'...
[2026-09-04 13:33:10] [INFO] [cnx200_dashboard:nse_client.py:59] - Fetching historical market data for LT from 04-09-2025 to 04-09-2026...
[2026-09-04 13:33:11] [INFO] [cnx200_dashboard:nse_client.py:69] - Retrieved 252 price records for LT.
[2026-09-04 13:33:12] [INFO] [cnx200_dashboard:repositories.py:169] - Bulk upserted 252 price records into daily_prices.
[2026-09-04 13:33:12] [INFO] [cnx200_dashboard:historical_data_service.py:122] - [OK] [112/200] 'LT' backfill complete: 252 records upserted.
[2026-09-04 13:33:12] [INFO] [cnx200_dashboard:historical_data_service.py:71] - [113/200] Processing historical backfill for symbol 'LTF'...
[2026-09-04 13:33:12] [INFO] [cnx200_dashboard:nse_client.py:59] - Fetching historical market data for LTF from 04-09-2025 to 04-09-2026...
[2026-09-04 13:33:13] [INFO] [cnx200_dashboard:nse_client.py:69] - Retrieved 248 price records for LTF.
[2026-09-04 13:33:14] [INFO] [cnx200_dashboard:repositories.py:169] - Bulk upserted 248 price records into daily_prices.
[2026-09-04 13:33:14] [INFO] [cnx200_dashboard:historical_data_service.py:122] - [OK] [113/200] 'LTF' backfill complete: 248 records upserted.
[2026-09-04 13:33:14] [INFO] [cnx200_dashboard:historical_data_service.py:71] - [114/200] Processing historical backfill for symbol 'LTM'...
[2026-09-04 13:33:14] [INFO] [cnx200_dashboard:nse_client.py:59] - Fetching historical market data for LTM from 04-09-2025 to 04-09-2026...
[2026-09-04 13:33:18] [INFO] [cnx200_dashboard:nse_client.py:69] - Retrieved 248 price records for LTM.
[2026-09-04 13:33:18] [WARNING] [cnx200_dashboard:data_validator.py:95] - Validation failed for record LTIM (2026-02-26): Symbol 'LTIM' is not present in stock_master.
[2026-09-04 13:33:18] [WARNING] [cnx200_dashboard:data_validator.py:95] - Validation failed for record LTIM (2026-02-25): Symbol 'LTIM' is not present in stock_master.
[2026-09-04 13:33:18] [WARNING] [cnx200_dashboard:data_validator.py:95] - Validation failed for record LTIM (2026-02-24): Symbol 'LTIM' is not present in stock_master.
[2026-09-04 13:33:18] [WARNING] [cnx200_dashboard:data_validator.py:95] - Validation failed for record LTIM (2026-02-23): Symbol 'LTIM' is not present in stock_master.
[2026-09-04 13:33:18] [WARNING] [cnx200_dashboard:data_validator.py:95] - Validation failed for record LTIM (2026-02-20): Symbol 'LTIM' is not present in stock_master.
[2026-09-04 13:33:18] [WARNING] [cnx200_dashboard:data_validator.py:95] - Validation failed for record LTIM (2026-02-19): Symbol 'LTIM' is not present in stock_master.
[2026-09-04 13:33:18] [WARNING] [cnx200_dashboard:data_validator.py:95] - Validation failed for record LTIM (2026-02-18): Symbol 'LTIM' is not present in stock_master.
[2026-09-04 13:33:18] [WARNING] [cnx200_dashboard:data_validator.py:95] - Validation failed for record LTIM (2026-02-17): Symbol 'LTIM' is not present in stock_master.
[2026-09-04 13:33:18] [WARNING] [cnx200_dashboard:data_validator.py:95] - Validation failed for record LTIM (2026-02-16): Symbol 'LTIM' is not present in stock_master.
[2026-09-04 13:33:18] [WARNING] [cnx200_dashboard:data_validator.py:95] - Validation failed for record LTIM (2026-02-13): Symbol 'LTIM' is not present in stock_master.
[2026-09-04 13:33:18] [WARNING] [cnx200_dashboard:data_validator.py:95] - Validation failed for record LTIM (2026-02-12): Symbol 'LTIM' is not present in stock_master.
[2026-09-04 13:33:18] [WARNING] [cnx200_dashboard:data_validator.py:95] - Validation failed for record LTIM (2026-02-11): Symbol 'LTIM' is not present in stock_master.
[2026-09-04 13:33:18] [WARNING] [cnx200_dashboard:data_validator.py:95] - Validation failed for record LTIM (2026-02-10): Symbol 'LTIM' is not present in stock_master.
[2026-09-04 13:33:18] [WARNING] [cnx200_dashboard:data_validator.py:95] - Validation failed for record LTIM (2026-02-09): Symbol 'LTIM' is not present in stock_master.
[2026-09-04 13:33:18] [WARNING] [cnx200_dashboard:data_validator.py:95] - Validation failed for record LTIM (2026-02-06): Symbol 'LTIM' is not present in stock_master.
[2026-09-04 13:33:18] [WARNING] [cnx200_dashboard:data_validator.py:95] - Validation failed for record LTIM (2026-02-05): Symbol 'LTIM' is not present in stock_master.
[2026-09-04 13:33:18] [WARNING] [cnx200_dashboard:data_validator.py:95] - Validation failed for record LTIM (2026-02-04): Symbol 'LTIM' is not present in stock_master.
[2026-09-04 13:33:18] [WARNING] [cnx200_dashboard:data_validator.py:95] - Validation failed for record LTIM (2026-02-03): Symbol 'LTIM' is not present in stock_master.
[2026-09-04 13:33:18] [WARNING] [cnx200_dashboard:data_validator.py:95] - Validation failed for record LTIM (2026-02-02): Symbol 'LTIM' is not present in stock_master.
[2026-09-04 13:33:18] [WARNING] [cnx200_dashboard:data_validator.py:95] - Validation failed for record LTIM (2026-02-01): Symbol 'LTIM' is not present in stock_master.
[2026-09-04 13:33:18] [WARNING] [cnx200_dashboard:data_validator.py:95] - Validation failed for record LTIM (2026-01-30): Symbol 'LTIM' is not present in stock_master.
[2026-09-04 13:33:18] [WARNING] [cnx200_dashboard:data_validator.py:95] - Validation failed for record LTIM (2026-01-29): Symbol 'LTIM' is not present in stock_master.
[2026-09-04 13:33:18] [WARNING] [cnx200_dashboard:data_validator.py:95] - Validation failed for record LTIM (2026-01-28): Symbol 'LTIM' is not present in stock_master.
[2026-09-04 13:33:18] [WARNING] [cnx200_dashboard:data_validator.py:95] - Validation failed for record LTIM (2026-01-27): Symbol 'LTIM' is not present in stock_master.
[2026-09-04 13:33:18] [WARNING] [cnx200_dashboard:data_validator.py:95] - Validation failed for record LTIM (2026-01-23): Symbol 'LTIM' is not present in stock_master.
[2026-09-04 13:33:18] [WARNING] [cnx200_dashboard:data_validator.py:95] - Validation failed for record LTIM (2026-01-22): Symbol 'LTIM' is not present in stock_master.
[2026-09-04 13:33:18] [WARNING] [cnx200_dashboard:data_validator.py:95] - Validation failed for record LTIM (2026-01-21): Symbol 'LTIM' is not present in stock_master.
[2026-09-04 13:33:18] [WARNING] [cnx200_dashboard:data_validator.py:95] - Validation failed for record LTIM (2026-01-20): Symbol 'LTIM' is not present in stock_master.
[2026-09-04 13:33:18] [WARNING] [cnx200_dashboard:data_validator.py:95] - Validation failed for record LTIM (2026-01-19): Symbol 'LTIM' is not present in stock_master.
[2026-09-04 13:33:18] [WARNING] [cnx200_dashboard:data_validator.py:95] - Validation failed for record LTIM (2026-01-16): Symbol 'LTIM' is not present in stock_master.
[2026-09-04 13:33:18] [WARNING] [cnx200_dashboard:data_validator.py:95] - Validation failed for record LTIM (2026-01-14): Symbol 'LTIM' is not present in stock_master.
[2026-09-04 13:33:18] [WARNING] [cnx200_dashboard:data_validator.py:95] - Validation failed for record LTIM (2026-01-13): Symbol 'LTIM' is not present in stock_master.
[2026-09-04 13:33:18] [WARNING] [cnx200_dashboard:data_validator.py:95] - Validation failed for record LTIM (2026-01-12): Symbol 'LTIM' is not present in stock_master.
[2026-09-04 13:33:18] [WARNING] [cnx200_dashboard:data_validator.py:95] - Validation failed for record LTIM (2026-01-09): Symbol 'LTIM' is not present in stock_master.
[2026-09-04 13:33:18] [WARNING] [cnx200_dashboard:data_validator.py:95] - Validation failed for record LTIM (2026-01-08): Symbol 'LTIM' is not present in stock_master.
[2026-09-04 13:33:18] [WARNING] [cnx200_dashboard:data_validator.py:95] - Validation failed for record LTIM (2026-01-07): Symbol 'LTIM' is not present in stock_master.
[2026-09-04 13:33:18] [WARNING] [cnx200_dashboard:data_validator.py:95] - Validation failed for record LTIM (2026-01-06): Symbol 'LTIM' is not present in stock_master.
[2026-09-04 13:33:18] [WARNING] [cnx200_dashboard:data_validator.py:95] - Validation failed for record LTIM (2026-01-05): Symbol 'LTIM' is not present in stock_master.
[2026-09-04 13:33:18] [WARNING] [cnx200_dashboard:data_validator.py:95] - Validation failed for record LTIM (2026-01-02): Symbol 'LTIM' is not present in stock_master.
[2026-09-04 13:33:18] [WARNING] [cnx200_dashboard:data_validator.py:95] - Validation failed for record LTIM (2026-01-01): Symbol 'LTIM' is not present in stock_master.
[2026-09-04 13:33:18] [WARNING] [cnx200_dashboard:data_validator.py:95] - Validation failed for record LTIM (2025-12-31): Symbol 'LTIM' is not present in stock_master.
[2026-09-04 13:33:18] [WARNING] [cnx200_dashboard:data_validator.py:95] - Validation failed for record LTIM (2025-12-30): Symbol 'LTIM' is not present in stock_master.
[2026-09-04 13:33:18] [WARNING] [cnx200_dashboard:data_validator.py:95] - Validation failed for record LTIM (2025-12-29): Symbol 'LTIM' is not present in stock_master.
[2026-09-04 13:33:18] [WARNING] [cnx200_dashboard:data_validator.py:95] - Validation failed for record LTIM (2025-12-26): Symbol 'LTIM' is not present in stock_master.
[2026-09-04 13:33:18] [WARNING] [cnx200_dashboard:data_validator.py:95] - Validation failed for record LTIM (2025-12-24): Symbol 'LTIM' is not present in stock_master.
[2026-09-04 13:33:18] [WARNING] [cnx200_dashboard:data_validator.py:95] - Validation failed for record LTIM (2025-12-23): Symbol 'LTIM' is not present in stock_master.
[2026-09-04 13:33:18] [WARNING] [cnx200_dashboard:data_validator.py:95] - Validation failed for record LTIM (2025-12-22): Symbol 'LTIM' is not present in stock_master.
[2026-09-04 13:33:18] [WARNING] [cnx200_dashboard:data_validator.py:95] - Validation failed for record LTIM (2025-12-19): Symbol 'LTIM' is not present in stock_master.
[2026-09-04 13:33:18] [WARNING] [cnx200_dashboard:data_validator.py:95] - Validation failed for record LTIM (2025-12-18): Symbol 'LTIM' is not present in stock_master.
[2026-09-04 13:33:18] [WARNING] [cnx200_dashboard:data_validator.py:95] - Validation failed for record LTIM (2025-12-17): Symbol 'LTIM' is not present in stock_master.
[2026-09-04 13:33:18] [WARNING] [cnx200_dashboard:data_validator.py:95] - Validation failed for record LTIM (2025-12-16): Symbol 'LTIM' is not present in stock_master.
[2026-09-04 13:33:18] [WARNING] [cnx200_dashboard:data_validator.py:95] - Validation failed for record LTIM (2025-12-15): Symbol 'LTIM' is not present in stock_master.
[2026-09-04 13:33:18] [WARNING] [cnx200_dashboard:data_validator.py:95] - Validation failed for record LTIM (2025-12-12): Symbol 'LTIM' is not present in stock_master.
[2026-09-04 13:33:18] [WARNING] [cnx200_dashboard:data_validator.py:95] - Validation failed for record LTIM (2025-12-11): Symbol 'LTIM' is not present in stock_master.
[2026-09-04 13:33:18] [WARNING] [cnx200_dashboard:data_validator.py:95] - Validation failed for record LTIM (2025-12-10): Symbol 'LTIM' is not present in stock_master.
[2026-09-04 13:33:18] [WARNING] [cnx200_dashboard:data_validator.py:95] - Validation failed for record LTIM (2025-12-09): Symbol 'LTIM' is not present in stock_master.
[2026-09-04 13:33:18] [WARNING] [cnx200_dashboard:data_validator.py:95] - Validation failed for record LTIM (2025-12-08): Symbol 'LTIM' is not present in stock_master.
[2026-09-04 13:33:18] [WARNING] [cnx200_dashboard:data_validator.py:95] - Validation failed for record LTIM (2025-12-05): Symbol 'LTIM' is not present in stock_master.
[2026-09-04 13:33:18] [WARNING] [cnx200_dashboard:data_validator.py:95] - Validation failed for record LTIM (2025-12-04): Symbol 'LTIM' is not present in stock_master.
[2026-09-04 13:33:18] [WARNING] [cnx200_dashboard:data_validator.py:95] - Validation failed for record LTIM (2025-12-03): Symbol 'LTIM' is not present in stock_master.
[2026-09-04 13:33:18] [WARNING] [cnx200_dashboard:data_validator.py:95] - Validation failed for record LTIM (2025-12-02): Symbol 'LTIM' is not present in stock_master.
[2026-09-04 13:33:18] [WARNING] [cnx200_dashboard:data_validator.py:95] - Validation failed for record LTIM (2025-12-01): Symbol 'LTIM' is not present in stock_master.
[2026-09-04 13:33:18] [WARNING] [cnx200_dashboard:data_validator.py:95] - Validation failed for record LTIM (2025-11-28): Symbol 'LTIM' is not present in stock_master.
[2026-09-04 13:33:18] [WARNING] [cnx200_dashboard:data_validator.py:95] - Validation failed for record LTIM (2025-11-27): Symbol 'LTIM' is not present in stock_master.
[2026-09-04 13:33:18] [WARNING] [cnx200_dashboard:data_validator.py:95] - Validation failed for record LTIM (2025-11-26): Symbol 'LTIM' is not present in stock_master.
[2026-09-04 13:33:18] [WARNING] [cnx200_dashboard:data_validator.py:95] - Validation failed for record LTIM (2025-11-25): Symbol 'LTIM' is not present in stock_master.
[2026-09-04 13:33:18] [WARNING] [cnx200_dashboard:data_validator.py:95] - Validation failed for record LTIM (2025-11-24): Symbol 'LTIM' is not present in stock_master.
[2026-09-04 13:33:18] [WARNING] [cnx200_dashboard:data_validator.py:95] - Validation failed for record LTIM (2025-11-21): Symbol 'LTIM' is not present in stock_master.
[2026-09-04 13:33:18] [WARNING] [cnx200_dashboard:data_validator.py:95] - Validation failed for record LTIM (2025-11-20): Symbol 'LTIM' is not present in stock_master.
[2026-09-04 13:33:18] [WARNING] [cnx200_dashboard:data_validator.py:95] - Validation failed for record LTIM (2025-11-19): Symbol 'LTIM' is not present in stock_master.
[2026-09-04 13:33:18] [WARNING] [cnx200_dashboard:data_validator.py:95] - Validation failed for record LTIM (2025-11-18): Symbol 'LTIM' is not present in stock_master.
[2026-09-04 13:33:18] [WARNING] [cnx200_dashboard:data_validator.py:95] - Validation failed for record LTIM (2025-11-17): Symbol 'LTIM' is not present in stock_master.
[2026-09-04 13:33:18] [WARNING] [cnx200_dashboard:data_validator.py:95] - Validation failed for record LTIM (2025-11-14): Symbol 'LTIM' is not present in stock_master.
[2026-09-04 13:33:18] [WARNING] [cnx200_dashboard:data_validator.py:95] - Validation failed for record LTIM (2025-11-13): Symbol 'LTIM' is not present in stock_master.
[2026-09-04 13:33:18] [WARNING] [cnx200_dashboard:data_validator.py:95] - Validation failed for record LTIM (2025-11-12): Symbol 'LTIM' is not present in stock_master.
[2026-09-04 13:33:18] [WARNING] [cnx200_dashboard:data_validator.py:95] - Validation failed for record LTIM (2025-11-11): Symbol 'LTIM' is not present in stock_master.
[2026-09-04 13:33:18] [WARNING] [cnx200_dashboard:data_validator.py:95] - Validation failed for record LTIM (2025-11-10): Symbol 'LTIM' is not present in stock_master.
[2026-09-04 13:33:18] [WARNING] [cnx200_dashboard:data_validator.py:95] - Validation failed for record LTIM (2025-11-07): Symbol 'LTIM' is not present in stock_master.
[2026-09-04 13:33:18] [WARNING] [cnx200_dashboard:data_validator.py:95] - Validation failed for record LTIM (2025-11-06): Symbol 'LTIM' is not present in stock_master.
[2026-09-04 13:33:18] [WARNING] [cnx200_dashboard:data_validator.py:95] - Validation failed for record LTIM (2025-11-04): Symbol 'LTIM' is not present in stock_master.
[2026-09-04 13:33:18] [WARNING] [cnx200_dashboard:data_validator.py:95] - Validation failed for record LTIM (2025-11-03): Symbol 'LTIM' is not present in stock_master.
[2026-09-04 13:33:18] [WARNING] [cnx200_dashboard:data_validator.py:95] - Validation failed for record LTIM (2025-10-31): Symbol 'LTIM' is not present in stock_master.
[2026-09-04 13:33:18] [WARNING] [cnx200_dashboard:data_validator.py:95] - Validation failed for record LTIM (2025-10-30): Symbol 'LTIM' is not present in stock_master.
[2026-09-04 13:33:18] [WARNING] [cnx200_dashboard:data_validator.py:95] - Validation failed for record LTIM (2025-10-29): Symbol 'LTIM' is not present in stock_master.
[2026-09-04 13:33:18] [WARNING] [cnx200_dashboard:data_validator.py:95] - Validation failed for record LTIM (2025-10-28): Symbol 'LTIM' is not present in stock_master.
[2026-09-04 13:33:18] [WARNING] [cnx200_dashboard:data_validator.py:95] - Validation failed for record LTIM (2025-10-27): Symbol 'LTIM' is not present in stock_master.
[2026-09-04 13:33:18] [WARNING] [cnx200_dashboard:data_validator.py:95] - Validation failed for record LTIM (2025-10-24): Symbol 'LTIM' is not present in stock_master.
[2026-09-04 13:33:18] [WARNING] [cnx200_dashboard:data_validator.py:95] - Validation failed for record LTIM (2025-10-23): Symbol 'LTIM' is not present in stock_master.
[2026-09-04 13:33:18] [WARNING] [cnx200_dashboard:data_validator.py:95] - Validation failed for record LTIM (2025-10-21): Symbol 'LTIM' is not present in stock_master.
[2026-09-04 13:33:18] [WARNING] [cnx200_dashboard:data_validator.py:95] - Validation failed for record LTIM (2025-10-20): Symbol 'LTIM' is not present in stock_master.
[2026-09-04 13:33:18] [WARNING] [cnx200_dashboard:data_validator.py:95] - Validation failed for record LTIM (2025-10-17): Symbol 'LTIM' is not present in stock_master.
[2026-09-04 13:33:18] [WARNING] [cnx200_dashboard:data_validator.py:95] - Validation failed for record LTIM (2025-10-16): Symbol 'LTIM' is not present in stock_master.
[2026-09-04 13:33:18] [WARNING] [cnx200_dashboard:data_validator.py:95] - Validation failed for record LTIM (2025-10-15): Symbol 'LTIM' is not present in stock_master.
[2026-09-04 13:33:18] [WARNING] [cnx200_dashboard:data_validator.py:95] - Validation failed for record LTIM (2025-10-14): Symbol 'LTIM' is not present in stock_master.
[2026-09-04 13:33:18] [WARNING] [cnx200_dashboard:data_validator.py:95] - Validation failed for record LTIM (2025-10-13): Symbol 'LTIM' is not present in stock_master.
[2026-09-04 13:33:18] [WARNING] [cnx200_dashboard:data_validator.py:95] - Validation failed for record LTIM (2025-10-10): Symbol 'LTIM' is not present in stock_master.
[2026-09-04 13:33:18] [WARNING] [cnx200_dashboard:data_validator.py:95] - Validation failed for record LTIM (2025-10-09): Symbol 'LTIM' is not present in stock_master.
[2026-09-04 13:33:18] [WARNING] [cnx200_dashboard:data_validator.py:95] - Validation failed for record LTIM (2025-10-08): Symbol 'LTIM' is not present in stock_master.
[2026-09-04 13:33:18] [WARNING] [cnx200_dashboard:data_validator.py:95] - Validation failed for record LTIM (2025-10-07): Symbol 'LTIM' is not present in stock_master.
[2026-09-04 13:33:18] [WARNING] [cnx200_dashboard:data_validator.py:95] - Validation failed for record LTIM (2025-10-06): Symbol 'LTIM' is not present in stock_master.
[2026-09-04 13:33:18] [WARNING] [cnx200_dashboard:data_validator.py:95] - Validation failed for record LTIM (2025-10-03): Symbol 'LTIM' is not present in stock_master.
[2026-09-04 13:33:18] [WARNING] [cnx200_dashboard:data_validator.py:95] - Validation failed for record LTIM (2025-10-01): Symbol 'LTIM' is not present in stock_master.
[2026-09-04 13:33:18] [WARNING] [cnx200_dashboard:data_validator.py:95] - Validation failed for record LTIM (2025-09-30): Symbol 'LTIM' is not present in stock_master.
[2026-09-04 13:33:18] [WARNING] [cnx200_dashboard:data_validator.py:95] - Validation failed for record LTIM (2025-09-29): Symbol 'LTIM' is not present in stock_master.
[2026-09-04 13:33:18] [WARNING] [cnx200_dashboard:data_validator.py:95] - Validation failed for record LTIM (2025-09-26): Symbol 'LTIM' is not present in stock_master.
[2026-09-04 13:33:18] [WARNING] [cnx200_dashboard:data_validator.py:95] - Validation failed for record LTIM (2025-09-25): Symbol 'LTIM' is not present in stock_master.
[2026-09-04 13:33:18] [WARNING] [cnx200_dashboard:data_validator.py:95] - Validation failed for record LTIM (2025-09-24): Symbol 'LTIM' is not present in stock_master.
[2026-09-04 13:33:18] [WARNING] [cnx200_dashboard:data_validator.py:95] - Validation failed for record LTIM (2025-09-23): Symbol 'LTIM' is not present in stock_master.
[2026-09-04 13:33:18] [WARNING] [cnx200_dashboard:data_validator.py:95] - Validation failed for record LTIM (2025-09-22): Symbol 'LTIM' is not present in stock_master.
[2026-09-04 13:33:18] [WARNING] [cnx200_dashboard:data_validator.py:95] - Validation failed for record LTIM (2025-09-19): Symbol 'LTIM' is not present in stock_master.
[2026-09-04 13:33:18] [WARNING] [cnx200_dashboard:data_validator.py:95] - Validation failed for record LTIM (2025-09-18): Symbol 'LTIM' is not present in stock_master.
[2026-09-04 13:33:18] [WARNING] [cnx200_dashboard:data_validator.py:95] - Validation failed for record LTIM (2025-09-17): Symbol 'LTIM' is not present in stock_master.
[2026-09-04 13:33:18] [WARNING] [cnx200_dashboard:data_validator.py:95] - Validation failed for record LTIM (2025-09-16): Symbol 'LTIM' is not present in stock_master.
[2026-09-04 13:33:18] [WARNING] [cnx200_dashboard:data_validator.py:95] - Validation failed for record LTIM (2025-09-15): Symbol 'LTIM' is not present in stock_master.
[2026-09-04 13:33:18] [WARNING] [cnx200_dashboard:data_validator.py:95] - Validation failed for record LTIM (2025-09-12): Symbol 'LTIM' is not present in stock_master.
[2026-09-04 13:33:18] [WARNING] [cnx200_dashboard:data_validator.py:95] - Validation failed for record LTIM (2025-09-11): Symbol 'LTIM' is not present in stock_master.
[2026-09-04 13:33:18] [WARNING] [cnx200_dashboard:data_validator.py:95] - Validation failed for record LTIM (2025-09-10): Symbol 'LTIM' is not present in stock_master.
[2026-09-04 13:33:18] [WARNING] [cnx200_dashboard:data_validator.py:95] - Validation failed for record LTIM (2025-09-09): Symbol 'LTIM' is not present in stock_master.
[2026-09-04 13:33:18] [WARNING] [cnx200_dashboard:data_validator.py:95] - Validation failed for record LTIM (2025-09-08): Symbol 'LTIM' is not present in stock_master.
[2026-09-04 13:33:18] [WARNING] [cnx200_dashboard:data_validator.py:95] - Validation failed for record LTIM (2025-09-05): Symbol 'LTIM' is not present in stock_master.
[2026-09-04 13:33:18] [WARNING] [cnx200_dashboard:data_validator.py:95] - Validation failed for record LTIM (2025-09-04): Symbol 'LTIM' is not present in stock_master.
[2026-09-04 13:33:18] [INFO] [cnx200_dashboard:repositories.py:169] - Bulk upserted 127 price records into daily_prices.
[2026-09-04 13:33:18] [INFO] [cnx200_dashboard:historical_data_service.py:122] - [OK] [114/200] 'LTM' backfill complete: 127 records upserted.
[2026-09-04 13:33:18] [INFO] [cnx200_dashboard:historical_data_service.py:71] - [115/200] Processing historical backfill for symbol 'LUPIN'...
[2026-09-04 13:33:18] [INFO] [cnx200_dashboard:nse_client.py:59] - Fetching historical market data for LUPIN from 04-09-2025 to 04-09-2026...
[2026-09-04 13:33:20] [INFO] [cnx200_dashboard:nse_client.py:69] - Retrieved 250 price records for LUPIN.
[2026-09-04 13:33:20] [INFO] [cnx200_dashboard:repositories.py:169] - Bulk upserted 250 price records into daily_prices.
[2026-09-04 13:33:20] [INFO] [cnx200_dashboard:historical_data_service.py:122] - [OK] [115/200] 'LUPIN' backfill complete: 250 records upserted.
[2026-09-04 13:33:20] [INFO] [cnx200_dashboard:historical_data_service.py:71] - [116/200] Processing historical backfill for symbol 'M&M'...
[2026-09-04 13:33:20] [INFO] [cnx200_dashboard:nse_client.py:59] - Fetching historical market data for M&M from 04-09-2025 to 04-09-2026...
[2026-09-04 13:33:24] [INFO] [cnx200_dashboard:nse_client.py:69] - Retrieved 257 price records for M&M.
[2026-09-04 13:33:24] [INFO] [cnx200_dashboard:repositories.py:169] - Bulk upserted 257 price records into daily_prices.
[2026-09-04 13:33:24] [INFO] [cnx200_dashboard:historical_data_service.py:122] - [OK] [116/200] 'M&M' backfill complete: 257 records upserted.
[2026-09-04 13:33:24] [INFO] [cnx200_dashboard:historical_data_service.py:71] - [117/200] Processing historical backfill for symbol 'M&MFIN'...
[2026-09-04 13:33:24] [INFO] [cnx200_dashboard:nse_client.py:59] - Fetching historical market data for M&MFIN from 04-09-2025 to 04-09-2026...
[2026-09-04 13:33:26] [INFO] [cnx200_dashboard:nse_client.py:69] - Retrieved 367 price records for M&MFIN.
[2026-09-04 13:33:27] [INFO] [cnx200_dashboard:repositories.py:169] - Bulk upserted 367 price records into daily_prices.
[2026-09-04 13:33:27] [INFO] [cnx200_dashboard:historical_data_service.py:122] - [OK] [117/200] 'M&MFIN' backfill complete: 367 records upserted.
[2026-09-04 13:33:27] [INFO] [cnx200_dashboard:historical_data_service.py:71] - [118/200] Processing historical backfill for symbol 'MANKIND'...
[2026-09-04 13:33:27] [INFO] [cnx200_dashboard:nse_client.py:59] - Fetching historical market data for MANKIND from 04-09-2025 to 04-09-2026...
[2026-09-04 13:33:28] [INFO] [cnx200_dashboard:nse_client.py:69] - Retrieved 250 price records for MANKIND.
[2026-09-04 13:33:29] [INFO] [cnx200_dashboard:repositories.py:169] - Bulk upserted 250 price records into daily_prices.
[2026-09-04 13:33:29] [INFO] [cnx200_dashboard:historical_data_service.py:122] - [OK] [118/200] 'MANKIND' backfill complete: 250 records upserted.
[2026-09-04 13:33:29] [INFO] [cnx200_dashboard:historical_data_service.py:71] - [119/200] Processing historical backfill for symbol 'MARICO'...
[2026-09-04 13:33:29] [INFO] [cnx200_dashboard:nse_client.py:59] - Fetching historical market data for MARICO from 04-09-2025 to 04-09-2026...
[2026-09-04 13:33:30] [INFO] [cnx200_dashboard:nse_client.py:69] - Retrieved 248 price records for MARICO.
[2026-09-04 13:33:31] [INFO] [cnx200_dashboard:repositories.py:169] - Bulk upserted 248 price records into daily_prices.
[2026-09-04 13:33:31] [INFO] [cnx200_dashboard:historical_data_service.py:122] - [OK] [119/200] 'MARICO' backfill complete: 248 records upserted.
[2026-09-04 13:33:31] [INFO] [cnx200_dashboard:historical_data_service.py:71] - [120/200] Processing historical backfill for symbol 'MARUTI'...
[2026-09-04 13:33:31] [INFO] [cnx200_dashboard:nse_client.py:59] - Fetching historical market data for MARUTI from 04-09-2025 to 04-09-2026...
[2026-09-04 13:33:32] [INFO] [cnx200_dashboard:nse_client.py:69] - Retrieved 248 price records for MARUTI.
[2026-09-04 13:33:33] [INFO] [cnx200_dashboard:repositories.py:169] - Bulk upserted 248 price records into daily_prices.
[2026-09-04 13:33:33] [INFO] [cnx200_dashboard:historical_data_service.py:122] - [OK] [120/200] 'MARUTI' backfill complete: 248 records upserted.
[2026-09-04 13:33:33] [INFO] [cnx200_dashboard:historical_data_service.py:71] - [121/200] Processing historical backfill for symbol 'MAXHEALTH'...
[2026-09-04 13:33:33] [INFO] [cnx200_dashboard:nse_client.py:59] - Fetching historical market data for MAXHEALTH from 04-09-2025 to 04-09-2026...
[2026-09-04 13:33:34] [INFO] [cnx200_dashboard:nse_client.py:69] - Retrieved 249 price records for MAXHEALTH.
[2026-09-04 13:33:35] [INFO] [cnx200_dashboard:repositories.py:169] - Bulk upserted 249 price records into daily_prices.
[2026-09-04 13:33:35] [INFO] [cnx200_dashboard:historical_data_service.py:122] - [OK] [121/200] 'MAXHEALTH' backfill complete: 249 records upserted.
[2026-09-04 13:33:35] [INFO] [cnx200_dashboard:historical_data_service.py:71] - [122/200] Processing historical backfill for symbol 'MAZDOCK'...
[2026-09-04 13:33:35] [INFO] [cnx200_dashboard:nse_client.py:59] - Fetching historical market data for MAZDOCK from 04-09-2025 to 04-09-2026...
[2026-09-04 13:33:36] [INFO] [cnx200_dashboard:nse_client.py:69] - Retrieved 248 price records for MAZDOCK.
[2026-09-04 13:33:37] [INFO] [cnx200_dashboard:repositories.py:169] - Bulk upserted 248 price records into daily_prices.
[2026-09-04 13:33:37] [INFO] [cnx200_dashboard:historical_data_service.py:122] - [OK] [122/200] 'MAZDOCK' backfill complete: 248 records upserted.
[2026-09-04 13:33:37] [INFO] [cnx200_dashboard:historical_data_service.py:71] - [123/200] Processing historical backfill for symbol 'MCX'...
[2026-09-04 13:33:37] [INFO] [cnx200_dashboard:nse_client.py:59] - Fetching historical market data for MCX from 04-09-2025 to 04-09-2026...
[2026-09-04 13:33:38] [INFO] [cnx200_dashboard:nse_client.py:69] - Retrieved 248 price records for MCX.
[2026-09-04 13:33:39] [INFO] [cnx200_dashboard:repositories.py:169] - Bulk upserted 248 price records into daily_prices.
[2026-09-04 13:33:39] [INFO] [cnx200_dashboard:historical_data_service.py:122] - [OK] [123/200] 'MCX' backfill complete: 248 records upserted.
[2026-09-04 13:33:39] [INFO] [cnx200_dashboard:historical_data_service.py:71] - [124/200] Processing historical backfill for symbol 'MFSL'...
[2026-09-04 13:33:39] [INFO] [cnx200_dashboard:nse_client.py:59] - Fetching historical market data for MFSL from 04-09-2025 to 04-09-2026...
[2026-09-04 13:33:40] [INFO] [cnx200_dashboard:nse_client.py:69] - Retrieved 252 price records for MFSL.
[2026-09-04 13:33:40] [INFO] [cnx200_dashboard:repositories.py:169] - Bulk upserted 252 price records into daily_prices.
[2026-09-04 13:33:40] [INFO] [cnx200_dashboard:historical_data_service.py:122] - [OK] [124/200] 'MFSL' backfill complete: 252 records upserted.
[2026-09-04 13:33:40] [INFO] [cnx200_dashboard:historical_data_service.py:71] - [125/200] Processing historical backfill for symbol 'MOTHERSON'...
[2026-09-04 13:33:40] [INFO] [cnx200_dashboard:nse_client.py:59] - Fetching historical market data for MOTHERSON from 04-09-2025 to 04-09-2026...
[2026-09-04 13:33:45] [INFO] [cnx200_dashboard:nse_client.py:69] - Retrieved 248 price records for MOTHERSON.
[2026-09-04 13:33:45] [INFO] [cnx200_dashboard:repositories.py:169] - Bulk upserted 248 price records into daily_prices.
[2026-09-04 13:33:45] [INFO] [cnx200_dashboard:historical_data_service.py:122] - [OK] [125/200] 'MOTHERSON' backfill complete: 248 records upserted.
[2026-09-04 13:33:45] [INFO] [cnx200_dashboard:historical_data_service.py:71] - [126/200] Processing historical backfill for symbol 'MOTILALOFS'...
[2026-09-04 13:33:45] [INFO] [cnx200_dashboard:nse_client.py:59] - Fetching historical market data for MOTILALOFS from 04-09-2025 to 04-09-2026...
[2026-09-04 13:33:47] [INFO] [cnx200_dashboard:nse_client.py:69] - Retrieved 249 price records for MOTILALOFS.
[2026-09-04 13:33:47] [INFO] [cnx200_dashboard:repositories.py:169] - Bulk upserted 249 price records into daily_prices.
[2026-09-04 13:33:47] [INFO] [cnx200_dashboard:historical_data_service.py:122] - [OK] [126/200] 'MOTILALOFS' backfill complete: 249 records upserted.
[2026-09-04 13:33:47] [INFO] [cnx200_dashboard:historical_data_service.py:71] - [127/200] Processing historical backfill for symbol 'MPHASIS'...
[2026-09-04 13:33:47] [INFO] [cnx200_dashboard:nse_client.py:59] - Fetching historical market data for MPHASIS from 04-09-2025 to 04-09-2026...
[2026-09-04 13:33:49] [INFO] [cnx200_dashboard:nse_client.py:69] - Retrieved 248 price records for MPHASIS.
[2026-09-04 13:33:49] [INFO] [cnx200_dashboard:repositories.py:169] - Bulk upserted 248 price records into daily_prices.
[2026-09-04 13:33:49] [INFO] [cnx200_dashboard:historical_data_service.py:122] - [OK] [127/200] 'MPHASIS' backfill complete: 248 records upserted.
[2026-09-04 13:33:49] [INFO] [cnx200_dashboard:historical_data_service.py:71] - [128/200] Processing historical backfill for symbol 'MRF'...
[2026-09-04 13:33:49] [INFO] [cnx200_dashboard:nse_client.py:59] - Fetching historical market data for MRF from 04-09-2025 to 04-09-2026...
[2026-09-04 13:33:51] [INFO] [cnx200_dashboard:nse_client.py:69] - Retrieved 249 price records for MRF.
[2026-09-04 13:33:51] [INFO] [cnx200_dashboard:repositories.py:169] - Bulk upserted 249 price records into daily_prices.
[2026-09-04 13:33:51] [INFO] [cnx200_dashboard:historical_data_service.py:122] - [OK] [128/200] 'MRF' backfill complete: 249 records upserted.
[2026-09-04 13:33:51] [INFO] [cnx200_dashboard:historical_data_service.py:71] - [129/200] Processing historical backfill for symbol 'MUTHOOTFIN'...
[2026-09-04 13:33:51] [INFO] [cnx200_dashboard:nse_client.py:59] - Fetching historical market data for MUTHOOTFIN from 04-09-2025 to 04-09-2026...
[2026-09-04 13:33:53] [INFO] [cnx200_dashboard:nse_client.py:69] - Retrieved 248 price records for MUTHOOTFIN.
[2026-09-04 13:33:53] [INFO] [cnx200_dashboard:repositories.py:169] - Bulk upserted 248 price records into daily_prices.
[2026-09-04 13:33:53] [INFO] [cnx200_dashboard:historical_data_service.py:122] - [OK] [129/200] 'MUTHOOTFIN' backfill complete: 248 records upserted.
[2026-09-04 13:33:53] [INFO] [cnx200_dashboard:historical_data_service.py:71] - [130/200] Processing historical backfill for symbol 'NATIONALUM'...
[2026-09-04 13:33:53] [INFO] [cnx200_dashboard:nse_client.py:59] - Fetching historical market data for NATIONALUM from 04-09-2025 to 04-09-2026...
[2026-09-04 13:33:57] [INFO] [cnx200_dashboard:nse_client.py:69] - Retrieved 249 price records for NATIONALUM.
[2026-09-04 13:33:57] [INFO] [cnx200_dashboard:repositories.py:169] - Bulk upserted 249 price records into daily_prices.
[2026-09-04 13:33:57] [INFO] [cnx200_dashboard:historical_data_service.py:122] - [OK] [130/200] 'NATIONALUM' backfill complete: 249 records upserted.
[2026-09-04 13:33:57] [INFO] [cnx200_dashboard:historical_data_service.py:71] - [131/200] Processing historical backfill for symbol 'NAUKRI'...
[2026-09-04 13:33:57] [INFO] [cnx200_dashboard:nse_client.py:59] - Fetching historical market data for NAUKRI from 04-09-2025 to 04-09-2026...
[2026-09-04 13:33:59] [INFO] [cnx200_dashboard:nse_client.py:69] - Retrieved 248 price records for NAUKRI.
[2026-09-04 13:34:00] [INFO] [cnx200_dashboard:repositories.py:169] - Bulk upserted 248 price records into daily_prices.
[2026-09-04 13:34:00] [INFO] [cnx200_dashboard:historical_data_service.py:122] - [OK] [131/200] 'NAUKRI' backfill complete: 248 records upserted.
[2026-09-04 13:34:00] [INFO] [cnx200_dashboard:historical_data_service.py:71] - [132/200] Processing historical backfill for symbol 'NESTLEIND'...
[2026-09-04 13:34:00] [INFO] [cnx200_dashboard:nse_client.py:59] - Fetching historical market data for NESTLEIND from 04-09-2025 to 04-09-2026...
[2026-09-04 13:34:02] [INFO] [cnx200_dashboard:nse_client.py:69] - Retrieved 248 price records for NESTLEIND.
[2026-09-04 13:34:02] [INFO] [cnx200_dashboard:repositories.py:169] - Bulk upserted 248 price records into daily_prices.
[2026-09-04 13:34:02] [INFO] [cnx200_dashboard:historical_data_service.py:122] - [OK] [132/200] 'NESTLEIND' backfill complete: 248 records upserted.
[2026-09-04 13:34:02] [INFO] [cnx200_dashboard:historical_data_service.py:71] - [133/200] Processing historical backfill for symbol 'NHPC'...
[2026-09-04 13:34:02] [INFO] [cnx200_dashboard:nse_client.py:59] - Fetching historical market data for NHPC from 04-09-2025 to 04-09-2026...
[2026-09-04 13:34:04] [INFO] [cnx200_dashboard:nse_client.py:69] - Retrieved 249 price records for NHPC.
[2026-09-04 13:34:04] [INFO] [cnx200_dashboard:repositories.py:169] - Bulk upserted 249 price records into daily_prices.
[2026-09-04 13:34:04] [INFO] [cnx200_dashboard:historical_data_service.py:122] - [OK] [133/200] 'NHPC' backfill complete: 249 records upserted.
[2026-09-04 13:34:04] [INFO] [cnx200_dashboard:historical_data_service.py:71] - [134/200] Processing historical backfill for symbol 'NMDC'...
[2026-09-04 13:34:04] [INFO] [cnx200_dashboard:nse_client.py:59] - Fetching historical market data for NMDC from 04-09-2025 to 04-09-2026...
[2026-09-04 13:34:08] [INFO] [cnx200_dashboard:nse_client.py:69] - Retrieved 249 price records for NMDC.
[2026-09-04 13:34:08] [INFO] [cnx200_dashboard:repositories.py:169] - Bulk upserted 249 price records into daily_prices.
[2026-09-04 13:34:08] [INFO] [cnx200_dashboard:historical_data_service.py:122] - [OK] [134/200] 'NMDC' backfill complete: 249 records upserted.
[2026-09-04 13:34:08] [INFO] [cnx200_dashboard:historical_data_service.py:71] - [135/200] Processing historical backfill for symbol 'NTPC'...
[2026-09-04 13:34:08] [INFO] [cnx200_dashboard:nse_client.py:59] - Fetching historical market data for NTPC from 04-09-2025 to 04-09-2026...
[2026-09-04 13:34:10] [INFO] [cnx200_dashboard:nse_client.py:69] - Retrieved 251 price records for NTPC.
[2026-09-04 13:34:10] [INFO] [cnx200_dashboard:repositories.py:169] - Bulk upserted 251 price records into daily_prices.
[2026-09-04 13:34:10] [INFO] [cnx200_dashboard:historical_data_service.py:122] - [OK] [135/200] 'NTPC' backfill complete: 251 records upserted.
[2026-09-04 13:34:10] [INFO] [cnx200_dashboard:historical_data_service.py:71] - [136/200] Processing historical backfill for symbol 'NYKAA'...
[2026-09-04 13:34:10] [INFO] [cnx200_dashboard:nse_client.py:59] - Fetching historical market data for NYKAA from 04-09-2025 to 04-09-2026...
[2026-09-04 13:34:14] [INFO] [cnx200_dashboard:nse_client.py:69] - Retrieved 248 price records for NYKAA.
[2026-09-04 13:34:14] [INFO] [cnx200_dashboard:repositories.py:169] - Bulk upserted 248 price records into daily_prices.
[2026-09-04 13:34:14] [INFO] [cnx200_dashboard:historical_data_service.py:122] - [OK] [136/200] 'NYKAA' backfill complete: 248 records upserted.
[2026-09-04 13:34:14] [INFO] [cnx200_dashboard:historical_data_service.py:71] - [137/200] Processing historical backfill for symbol 'OBEROIRLTY'...
[2026-09-04 13:34:14] [INFO] [cnx200_dashboard:nse_client.py:59] - Fetching historical market data for OBEROIRLTY from 04-09-2025 to 04-09-2026...
[2026-09-04 13:34:16] [INFO] [cnx200_dashboard:nse_client.py:69] - Retrieved 249 price records for OBEROIRLTY.
[2026-09-04 13:34:16] [INFO] [cnx200_dashboard:repositories.py:169] - Bulk upserted 249 price records into daily_prices.
[2026-09-04 13:34:16] [INFO] [cnx200_dashboard:historical_data_service.py:122] - [OK] [137/200] 'OBEROIRLTY' backfill complete: 249 records upserted.
[2026-09-04 13:34:16] [INFO] [cnx200_dashboard:historical_data_service.py:71] - [138/200] Processing historical backfill for symbol 'OFSS'...
[2026-09-04 13:34:16] [INFO] [cnx200_dashboard:nse_client.py:59] - Fetching historical market data for OFSS from 04-09-2025 to 04-09-2026...
[2026-09-04 13:34:18] [INFO] [cnx200_dashboard:nse_client.py:69] - Retrieved 248 price records for OFSS.
[2026-09-04 13:34:18] [INFO] [cnx200_dashboard:repositories.py:169] - Bulk upserted 248 price records into daily_prices.
[2026-09-04 13:34:18] [INFO] [cnx200_dashboard:historical_data_service.py:122] - [OK] [138/200] 'OFSS' backfill complete: 248 records upserted.
[2026-09-04 13:34:18] [INFO] [cnx200_dashboard:historical_data_service.py:71] - [139/200] Processing historical backfill for symbol 'OIL'...
[2026-09-04 13:34:18] [INFO] [cnx200_dashboard:nse_client.py:59] - Fetching historical market data for OIL from 04-09-2025 to 04-09-2026...
[2026-09-04 13:34:20] [INFO] [cnx200_dashboard:nse_client.py:69] - Retrieved 248 price records for OIL.
[2026-09-04 13:34:20] [INFO] [cnx200_dashboard:repositories.py:169] - Bulk upserted 248 price records into daily_prices.
[2026-09-04 13:34:20] [INFO] [cnx200_dashboard:historical_data_service.py:122] - [OK] [139/200] 'OIL' backfill complete: 248 records upserted.
[2026-09-04 13:34:20] [INFO] [cnx200_dashboard:historical_data_service.py:71] - [140/200] Processing historical backfill for symbol 'ONGC'...
[2026-09-04 13:34:20] [INFO] [cnx200_dashboard:nse_client.py:59] - Fetching historical market data for ONGC from 04-09-2025 to 04-09-2026...
[2026-09-04 13:34:22] [INFO] [cnx200_dashboard:nse_client.py:69] - Retrieved 252 price records for ONGC.
[2026-09-04 13:34:22] [INFO] [cnx200_dashboard:repositories.py:169] - Bulk upserted 252 price records into daily_prices.
[2026-09-04 13:34:22] [INFO] [cnx200_dashboard:historical_data_service.py:122] - [OK] [140/200] 'ONGC' backfill complete: 252 records upserted.
[2026-09-04 13:34:22] [INFO] [cnx200_dashboard:historical_data_service.py:71] - [141/200] Processing historical backfill for symbol 'PAGEIND'...
[2026-09-04 13:34:22] [INFO] [cnx200_dashboard:nse_client.py:59] - Fetching historical market data for PAGEIND from 04-09-2025 to 04-09-2026...
[2026-09-04 13:34:24] [INFO] [cnx200_dashboard:nse_client.py:69] - Retrieved 248 price records for PAGEIND.
[2026-09-04 13:34:24] [INFO] [cnx200_dashboard:repositories.py:169] - Bulk upserted 248 price records into daily_prices.
[2026-09-04 13:34:24] [INFO] [cnx200_dashboard:historical_data_service.py:122] - [OK] [141/200] 'PAGEIND' backfill complete: 248 records upserted.
[2026-09-04 13:34:24] [INFO] [cnx200_dashboard:historical_data_service.py:71] - [142/200] Processing historical backfill for symbol 'PATANJALI'...
[2026-09-04 13:34:24] [INFO] [cnx200_dashboard:nse_client.py:59] - Fetching historical market data for PATANJALI from 04-09-2025 to 04-09-2026...
[2026-09-04 13:34:28] [INFO] [cnx200_dashboard:nse_client.py:69] - Retrieved 250 price records for PATANJALI.
[2026-09-04 13:34:28] [INFO] [cnx200_dashboard:repositories.py:169] - Bulk upserted 250 price records into daily_prices.
[2026-09-04 13:34:28] [INFO] [cnx200_dashboard:historical_data_service.py:122] - [OK] [142/200] 'PATANJALI' backfill complete: 250 records upserted.
[2026-09-04 13:34:28] [INFO] [cnx200_dashboard:historical_data_service.py:71] - [143/200] Processing historical backfill for symbol 'PAYTM'...
[2026-09-04 13:34:28] [INFO] [cnx200_dashboard:nse_client.py:59] - Fetching historical market data for PAYTM from 04-09-2025 to 04-09-2026...
[2026-09-04 13:34:30] [INFO] [cnx200_dashboard:nse_client.py:69] - Retrieved 255 price records for PAYTM.
[2026-09-04 13:34:30] [INFO] [cnx200_dashboard:repositories.py:169] - Bulk upserted 255 price records into daily_prices.
[2026-09-04 13:34:30] [INFO] [cnx200_dashboard:historical_data_service.py:122] - [OK] [143/200] 'PAYTM' backfill complete: 255 records upserted.
[2026-09-04 13:34:30] [INFO] [cnx200_dashboard:historical_data_service.py:71] - [144/200] Processing historical backfill for symbol 'PERSISTENT'...
[2026-09-04 13:34:30] [INFO] [cnx200_dashboard:nse_client.py:59] - Fetching historical market data for PERSISTENT from 04-09-2025 to 04-09-2026...
[2026-09-04 13:34:32] [INFO] [cnx200_dashboard:nse_client.py:69] - Retrieved 248 price records for PERSISTENT.
[2026-09-04 13:34:32] [INFO] [cnx200_dashboard:repositories.py:169] - Bulk upserted 248 price records into daily_prices.
[2026-09-04 13:34:32] [INFO] [cnx200_dashboard:historical_data_service.py:122] - [OK] [144/200] 'PERSISTENT' backfill complete: 248 records upserted.
[2026-09-04 13:34:32] [INFO] [cnx200_dashboard:historical_data_service.py:71] - [145/200] Processing historical backfill for symbol 'PFC'...
[2026-09-04 13:34:32] [INFO] [cnx200_dashboard:nse_client.py:59] - Fetching historical market data for PFC from 04-09-2025 to 04-09-2026...
[2026-09-04 13:34:34] [INFO] [cnx200_dashboard:nse_client.py:69] - Retrieved 253 price records for PFC.
[2026-09-04 13:34:35] [INFO] [cnx200_dashboard:repositories.py:169] - Bulk upserted 253 price records into daily_prices.
[2026-09-04 13:34:35] [INFO] [cnx200_dashboard:historical_data_service.py:122] - [OK] [145/200] 'PFC' backfill complete: 253 records upserted.
[2026-09-04 13:34:35] [INFO] [cnx200_dashboard:historical_data_service.py:71] - [146/200] Processing historical backfill for symbol 'PHOENIXLTD'...
[2026-09-04 13:34:35] [INFO] [cnx200_dashboard:nse_client.py:59] - Fetching historical market data for PHOENIXLTD from 04-09-2025 to 04-09-2026...
[2026-09-04 13:34:37] [INFO] [cnx200_dashboard:nse_client.py:69] - Retrieved 248 price records for PHOENIXLTD.
[2026-09-04 13:34:37] [INFO] [cnx200_dashboard:repositories.py:169] - Bulk upserted 248 price records into daily_prices.
[2026-09-04 13:34:37] [INFO] [cnx200_dashboard:historical_data_service.py:122] - [OK] [146/200] 'PHOENIXLTD' backfill complete: 248 records upserted.
[2026-09-04 13:34:37] [INFO] [cnx200_dashboard:historical_data_service.py:71] - [147/200] Processing historical backfill for symbol 'PIDILITIND'...
[2026-09-04 13:34:37] [INFO] [cnx200_dashboard:nse_client.py:59] - Fetching historical market data for PIDILITIND from 04-09-2025 to 04-09-2026...
[2026-09-04 13:34:38] [INFO] [cnx200_dashboard:connection.py:34] - SQLAlchemy Database Engine initialized successfully.
[2026-09-04 13:34:41] [INFO] [cnx200_dashboard:nse_client.py:69] - Retrieved 248 price records for PIDILITIND.
[2026-09-04 13:34:42] [INFO] [cnx200_dashboard:repositories.py:169] - Bulk upserted 248 price records into daily_prices.
[2026-09-04 13:34:42] [INFO] [cnx200_dashboard:historical_data_service.py:122] - [OK] [147/200] 'PIDILITIND' backfill complete: 248 records upserted.
[2026-09-04 13:34:42] [INFO] [cnx200_dashboard:historical_data_service.py:71] - [148/200] Processing historical backfill for symbol 'PIIND'...
[2026-09-04 13:34:42] [INFO] [cnx200_dashboard:nse_client.py:59] - Fetching historical market data for PIIND from 04-09-2025 to 04-09-2026...
[2026-09-04 13:34:44] [INFO] [cnx200_dashboard:nse_client.py:69] - Retrieved 248 price records for PIIND.
[2026-09-04 13:34:45] [INFO] [cnx200_dashboard:repositories.py:169] - Bulk upserted 248 price records into daily_prices.
[2026-09-04 13:34:45] [INFO] [cnx200_dashboard:historical_data_service.py:122] - [OK] [148/200] 'PIIND' backfill complete: 248 records upserted.
[2026-09-04 13:34:45] [INFO] [cnx200_dashboard:historical_data_service.py:71] - [149/200] Processing historical backfill for symbol 'PNB'...
[2026-09-04 13:34:45] [INFO] [cnx200_dashboard:nse_client.py:59] - Fetching historical market data for PNB from 04-09-2025 to 04-09-2026...
[2026-09-04 13:34:46] [INFO] [cnx200_dashboard:nse_client.py:69] - Retrieved 256 price records for PNB.
[2026-09-04 13:34:47] [INFO] [cnx200_dashboard:repositories.py:169] - Bulk upserted 256 price records into daily_prices.
[2026-09-04 13:34:47] [INFO] [cnx200_dashboard:historical_data_service.py:122] - [OK] [149/200] 'PNB' backfill complete: 256 records upserted.
[2026-09-04 13:34:47] [INFO] [cnx200_dashboard:historical_data_service.py:71] - [150/200] Processing historical backfill for symbol 'POLICYBZR'...
[2026-09-04 13:34:47] [INFO] [cnx200_dashboard:nse_client.py:59] - Fetching historical market data for POLICYBZR from 04-09-2025 to 04-09-2026...
[2026-09-04 13:34:51] [INFO] [cnx200_dashboard:nse_client.py:69] - Retrieved 254 price records for POLICYBZR.
[2026-09-04 13:34:51] [INFO] [cnx200_dashboard:repositories.py:169] - Bulk upserted 254 price records into daily_prices.
[2026-09-04 13:34:51] [INFO] [cnx200_dashboard:historical_data_service.py:122] - [OK] [150/200] 'POLICYBZR' backfill complete: 254 records upserted.
[2026-09-04 13:34:51] [INFO] [cnx200_dashboard:historical_data_service.py:71] - [151/200] Processing historical backfill for symbol 'POLYCAB'...
[2026-09-04 13:34:51] [INFO] [cnx200_dashboard:nse_client.py:59] - Fetching historical market data for POLYCAB from 04-09-2025 to 04-09-2026...
[2026-09-04 13:34:53] [INFO] [cnx200_dashboard:nse_client.py:69] - Retrieved 250 price records for POLYCAB.
[2026-09-04 13:34:53] [INFO] [cnx200_dashboard:repositories.py:169] - Bulk upserted 250 price records into daily_prices.
[2026-09-04 13:34:53] [INFO] [cnx200_dashboard:historical_data_service.py:122] - [OK] [151/200] 'POLYCAB' backfill complete: 250 records upserted.
[2026-09-04 13:34:53] [INFO] [cnx200_dashboard:historical_data_service.py:71] - [152/200] Processing historical backfill for symbol 'POWERGRID'...
[2026-09-04 13:34:53] [INFO] [cnx200_dashboard:nse_client.py:59] - Fetching historical market data for POWERGRID from 04-09-2025 to 04-09-2026...
[2026-09-04 13:34:57] [INFO] [cnx200_dashboard:nse_client.py:69] - Retrieved 249 price records for POWERGRID.
[2026-09-04 13:34:57] [INFO] [cnx200_dashboard:repositories.py:169] - Bulk upserted 249 price records into daily_prices.
[2026-09-04 13:34:57] [INFO] [cnx200_dashboard:historical_data_service.py:122] - [OK] [152/200] 'POWERGRID' backfill complete: 249 records upserted.
[2026-09-04 13:34:57] [INFO] [cnx200_dashboard:historical_data_service.py:71] - [153/200] Processing historical backfill for symbol 'POWERINDIA'...
[2026-09-04 13:34:57] [INFO] [cnx200_dashboard:nse_client.py:59] - Fetching historical market data for POWERINDIA from 04-09-2025 to 04-09-2026...
[2026-09-04 13:34:59] [INFO] [cnx200_dashboard:nse_client.py:69] - Retrieved 249 price records for POWERINDIA.
[2026-09-04 13:34:59] [INFO] [cnx200_dashboard:repositories.py:169] - Bulk upserted 249 price records into daily_prices.
[2026-09-04 13:34:59] [INFO] [cnx200_dashboard:historical_data_service.py:122] - [OK] [153/200] 'POWERINDIA' backfill complete: 249 records upserted.
[2026-09-04 13:34:59] [INFO] [cnx200_dashboard:historical_data_service.py:71] - [154/200] Processing historical backfill for symbol 'PREMIERENE'...
[2026-09-04 13:34:59] [INFO] [cnx200_dashboard:nse_client.py:59] - Fetching historical market data for PREMIERENE from 04-09-2025 to 04-09-2026...
[2026-09-04 13:35:03] [INFO] [cnx200_dashboard:nse_client.py:69] - Retrieved 249 price records for PREMIERENE.
[2026-09-04 13:35:04] [INFO] [cnx200_dashboard:repositories.py:169] - Bulk upserted 249 price records into daily_prices.
[2026-09-04 13:35:04] [INFO] [cnx200_dashboard:historical_data_service.py:122] - [OK] [154/200] 'PREMIERENE' backfill complete: 249 records upserted.
[2026-09-04 13:35:04] [INFO] [cnx200_dashboard:historical_data_service.py:71] - [155/200] Processing historical backfill for symbol 'PRESTIGE'...
[2026-09-04 13:35:04] [INFO] [cnx200_dashboard:nse_client.py:59] - Fetching historical market data for PRESTIGE from 04-09-2025 to 04-09-2026...
[2026-09-04 13:35:05] [INFO] [cnx200_dashboard:nse_client.py:69] - Retrieved 248 price records for PRESTIGE.
[2026-09-04 13:35:06] [INFO] [cnx200_dashboard:repositories.py:169] - Bulk upserted 248 price records into daily_prices.
[2026-09-04 13:35:06] [INFO] [cnx200_dashboard:historical_data_service.py:122] - [OK] [155/200] 'PRESTIGE' backfill complete: 248 records upserted.
[2026-09-04 13:35:06] [INFO] [cnx200_dashboard:historical_data_service.py:71] - [156/200] Processing historical backfill for symbol 'RADICO'...
[2026-09-04 13:35:06] [INFO] [cnx200_dashboard:nse_client.py:59] - Fetching historical market data for RADICO from 04-09-2025 to 04-09-2026...
[2026-09-04 13:35:07] [INFO] [cnx200_dashboard:nse_client.py:69] - Retrieved 249 price records for RADICO.
[2026-09-04 13:35:08] [INFO] [cnx200_dashboard:repositories.py:169] - Bulk upserted 249 price records into daily_prices.
[2026-09-04 13:35:08] [INFO] [cnx200_dashboard:historical_data_service.py:122] - [OK] [156/200] 'RADICO' backfill complete: 249 records upserted.
[2026-09-04 13:35:08] [INFO] [cnx200_dashboard:historical_data_service.py:71] - [157/200] Processing historical backfill for symbol 'RECLTD'...
[2026-09-04 13:35:08] [INFO] [cnx200_dashboard:nse_client.py:59] - Fetching historical market data for RECLTD from 04-09-2025 to 04-09-2026...
[2026-09-04 13:35:09] [INFO] [cnx200_dashboard:nse_client.py:69] - Retrieved 251 price records for RECLTD.
[2026-09-04 13:35:09] [INFO] [cnx200_dashboard:repositories.py:169] - Bulk upserted 251 price records into daily_prices.
[2026-09-04 13:35:09] [INFO] [cnx200_dashboard:historical_data_service.py:122] - [OK] [157/200] 'RECLTD' backfill complete: 251 records upserted.
[2026-09-04 13:35:09] [INFO] [cnx200_dashboard:historical_data_service.py:71] - [158/200] Processing historical backfill for symbol 'RELIANCE'...
[2026-09-04 13:35:09] [INFO] [cnx200_dashboard:nse_client.py:59] - Fetching historical market data for RELIANCE from 04-09-2025 to 04-09-2026...
[2026-09-04 13:35:11] [INFO] [cnx200_dashboard:nse_client.py:69] - Retrieved 256 price records for RELIANCE.
[2026-09-04 13:35:11] [INFO] [cnx200_dashboard:repositories.py:169] - Bulk upserted 256 price records into daily_prices.
[2026-09-04 13:35:11] [INFO] [cnx200_dashboard:historical_data_service.py:122] - [OK] [158/200] 'RELIANCE' backfill complete: 256 records upserted.
[2026-09-04 13:35:11] [INFO] [cnx200_dashboard:historical_data_service.py:71] - [159/200] Processing historical backfill for symbol 'RVNL'...
[2026-09-04 13:35:11] [INFO] [cnx200_dashboard:nse_client.py:59] - Fetching historical market data for RVNL from 04-09-2025 to 04-09-2026...
[2026-09-04 13:35:13] [INFO] [cnx200_dashboard:nse_client.py:69] - Retrieved 248 price records for RVNL.
[2026-09-04 13:35:13] [INFO] [cnx200_dashboard:repositories.py:169] - Bulk upserted 248 price records into daily_prices.
[2026-09-04 13:35:13] [INFO] [cnx200_dashboard:historical_data_service.py:122] - [OK] [159/200] 'RVNL' backfill complete: 248 records upserted.
[2026-09-04 13:35:13] [INFO] [cnx200_dashboard:historical_data_service.py:71] - [160/200] Processing historical backfill for symbol 'SAIL'...
[2026-09-04 13:35:13] [INFO] [cnx200_dashboard:nse_client.py:59] - Fetching historical market data for SAIL from 04-09-2025 to 04-09-2026...
[2026-09-04 13:35:17] [INFO] [cnx200_dashboard:nse_client.py:69] - Retrieved 248 price records for SAIL.
[2026-09-04 13:35:18] [INFO] [cnx200_dashboard:repositories.py:169] - Bulk upserted 248 price records into daily_prices.
[2026-09-04 13:35:18] [INFO] [cnx200_dashboard:historical_data_service.py:122] - [OK] [160/200] 'SAIL' backfill complete: 248 records upserted.
[2026-09-04 13:35:18] [INFO] [cnx200_dashboard:historical_data_service.py:71] - [161/200] Processing historical backfill for symbol 'SBICARD'...
[2026-09-04 13:35:18] [INFO] [cnx200_dashboard:nse_client.py:59] - Fetching historical market data for SBICARD from 04-09-2025 to 04-09-2026...
[2026-09-04 13:35:19] [INFO] [cnx200_dashboard:nse_client.py:69] - Retrieved 248 price records for SBICARD.
[2026-09-04 13:35:19] [INFO] [cnx200_dashboard:repositories.py:169] - Bulk upserted 248 price records into daily_prices.
[2026-09-04 13:35:19] [INFO] [cnx200_dashboard:historical_data_service.py:122] - [OK] [161/200] 'SBICARD' backfill complete: 248 records upserted.
[2026-09-04 13:35:19] [INFO] [cnx200_dashboard:historical_data_service.py:71] - [162/200] Processing historical backfill for symbol 'SBILIFE'...
[2026-09-04 13:35:19] [INFO] [cnx200_dashboard:nse_client.py:59] - Fetching historical market data for SBILIFE from 04-09-2025 to 04-09-2026...
[2026-09-04 13:35:20] [INFO] [cnx200_dashboard:nse_client.py:69] - Retrieved 251 price records for SBILIFE.
[2026-09-04 13:35:20] [INFO] [cnx200_dashboard:repositories.py:169] - Bulk upserted 251 price records into daily_prices.
[2026-09-04 13:35:20] [INFO] [cnx200_dashboard:historical_data_service.py:122] - [OK] [162/200] 'SBILIFE' backfill complete: 251 records upserted.
[2026-09-04 13:35:20] [INFO] [cnx200_dashboard:historical_data_service.py:71] - [163/200] Processing historical backfill for symbol 'SBIN'...
[2026-09-04 13:35:20] [INFO] [cnx200_dashboard:nse_client.py:59] - Fetching historical market data for SBIN from 04-09-2025 to 04-09-2026...
[2026-09-04 13:35:21] [INFO] [cnx200_dashboard:nse_client.py:69] - Retrieved 261 price records for SBIN.
[2026-09-04 13:35:22] [INFO] [cnx200_dashboard:repositories.py:169] - Bulk upserted 261 price records into daily_prices.
[2026-09-04 13:35:22] [INFO] [cnx200_dashboard:historical_data_service.py:122] - [OK] [163/200] 'SBIN' backfill complete: 261 records upserted.
[2026-09-04 13:35:22] [INFO] [cnx200_dashboard:historical_data_service.py:71] - [164/200] Processing historical backfill for symbol 'SHREECEM'...
[2026-09-04 13:35:22] [INFO] [cnx200_dashboard:nse_client.py:59] - Fetching historical market data for SHREECEM from 04-09-2025 to 04-09-2026...
[2026-09-04 13:35:24] [INFO] [cnx200_dashboard:nse_client.py:69] - Retrieved 250 price records for SHREECEM.
[2026-09-04 13:35:24] [INFO] [cnx200_dashboard:repositories.py:169] - Bulk upserted 250 price records into daily_prices.
[2026-09-04 13:35:24] [INFO] [cnx200_dashboard:historical_data_service.py:122] - [OK] [164/200] 'SHREECEM' backfill complete: 250 records upserted.
[2026-09-04 13:35:24] [INFO] [cnx200_dashboard:historical_data_service.py:71] - [165/200] Processing historical backfill for symbol 'SHRIRAMFIN'...
[2026-09-04 13:35:24] [INFO] [cnx200_dashboard:nse_client.py:59] - Fetching historical market data for SHRIRAMFIN from 04-09-2025 to 04-09-2026...
[2026-09-04 13:35:26] [INFO] [cnx200_dashboard:nse_client.py:69] - Retrieved 253 price records for SHRIRAMFIN.
[2026-09-04 13:35:26] [INFO] [cnx200_dashboard:repositories.py:169] - Bulk upserted 253 price records into daily_prices.
[2026-09-04 13:35:26] [INFO] [cnx200_dashboard:historical_data_service.py:122] - [OK] [165/200] 'SHRIRAMFIN' backfill complete: 253 records upserted.
[2026-09-04 13:35:26] [INFO] [cnx200_dashboard:historical_data_service.py:71] - [166/200] Processing historical backfill for symbol 'SIEMENS'...
[2026-09-04 13:35:26] [INFO] [cnx200_dashboard:nse_client.py:59] - Fetching historical market data for SIEMENS from 04-09-2025 to 04-09-2026...
[2026-09-04 13:35:30] [INFO] [cnx200_dashboard:nse_client.py:69] - Retrieved 248 price records for SIEMENS.
[2026-09-04 13:35:30] [INFO] [cnx200_dashboard:repositories.py:169] - Bulk upserted 248 price records into daily_prices.
[2026-09-04 13:35:30] [INFO] [cnx200_dashboard:historical_data_service.py:122] - [OK] [166/200] 'SIEMENS' backfill complete: 248 records upserted.
[2026-09-04 13:35:30] [INFO] [cnx200_dashboard:historical_data_service.py:71] - [167/200] Processing historical backfill for symbol 'SOLARINDS'...
[2026-09-04 13:35:30] [INFO] [cnx200_dashboard:nse_client.py:59] - Fetching historical market data for SOLARINDS from 04-09-2025 to 04-09-2026...
[2026-09-04 13:35:37] [INFO] [cnx200_dashboard:nse_client.py:69] - Retrieved 249 price records for SOLARINDS.
[2026-09-04 13:35:37] [INFO] [cnx200_dashboard:repositories.py:169] - Bulk upserted 249 price records into daily_prices.
[2026-09-04 13:35:37] [INFO] [cnx200_dashboard:historical_data_service.py:122] - [OK] [167/200] 'SOLARINDS' backfill complete: 249 records upserted.
[2026-09-04 13:35:37] [INFO] [cnx200_dashboard:historical_data_service.py:71] - [168/200] Processing historical backfill for symbol 'SRF'...
[2026-09-04 13:35:37] [INFO] [cnx200_dashboard:nse_client.py:59] - Fetching historical market data for SRF from 04-09-2025 to 04-09-2026...
[2026-09-04 13:35:39] [INFO] [cnx200_dashboard:nse_client.py:69] - Retrieved 248 price records for SRF.
[2026-09-04 13:35:39] [INFO] [cnx200_dashboard:repositories.py:169] - Bulk upserted 248 price records into daily_prices.
[2026-09-04 13:35:39] [INFO] [cnx200_dashboard:historical_data_service.py:122] - [OK] [168/200] 'SRF' backfill complete: 248 records upserted.
[2026-09-04 13:35:39] [INFO] [cnx200_dashboard:historical_data_service.py:71] - [169/200] Processing historical backfill for symbol 'SUNPHARMA'...
[2026-09-04 13:35:39] [INFO] [cnx200_dashboard:nse_client.py:59] - Fetching historical market data for SUNPHARMA from 04-09-2025 to 04-09-2026...
[2026-09-04 13:35:41] [INFO] [cnx200_dashboard:nse_client.py:69] - Retrieved 251 price records for SUNPHARMA.
[2026-09-04 13:35:41] [INFO] [cnx200_dashboard:repositories.py:169] - Bulk upserted 251 price records into daily_prices.
[2026-09-04 13:35:41] [INFO] [cnx200_dashboard:historical_data_service.py:122] - [OK] [169/200] 'SUNPHARMA' backfill complete: 251 records upserted.
[2026-09-04 13:35:41] [INFO] [cnx200_dashboard:historical_data_service.py:71] - [170/200] Processing historical backfill for symbol 'SUPREMEIND'...
[2026-09-04 13:35:41] [INFO] [cnx200_dashboard:nse_client.py:59] - Fetching historical market data for SUPREMEIND from 04-09-2025 to 04-09-2026...
[2026-09-04 13:35:45] [INFO] [cnx200_dashboard:nse_client.py:69] - Retrieved 248 price records for SUPREMEIND.
[2026-09-04 13:35:46] [INFO] [cnx200_dashboard:repositories.py:169] - Bulk upserted 248 price records into daily_prices.
[2026-09-04 13:35:46] [INFO] [cnx200_dashboard:historical_data_service.py:122] - [OK] [170/200] 'SUPREMEIND' backfill complete: 248 records upserted.
[2026-09-04 13:35:46] [INFO] [cnx200_dashboard:historical_data_service.py:71] - [171/200] Processing historical backfill for symbol 'SUZLON'...
[2026-09-04 13:35:46] [INFO] [cnx200_dashboard:nse_client.py:59] - Fetching historical market data for SUZLON from 04-09-2025 to 04-09-2026...
[2026-09-04 13:35:50] [INFO] [cnx200_dashboard:nse_client.py:69] - Retrieved 249 price records for SUZLON.
[2026-09-04 13:35:50] [INFO] [cnx200_dashboard:repositories.py:169] - Bulk upserted 249 price records into daily_prices.
[2026-09-04 13:35:50] [INFO] [cnx200_dashboard:historical_data_service.py:122] - [OK] [171/200] 'SUZLON' backfill complete: 249 records upserted.
[2026-09-04 13:35:50] [INFO] [cnx200_dashboard:historical_data_service.py:71] - [172/200] Processing historical backfill for symbol 'SWIGGY'...
[2026-09-04 13:35:50] [INFO] [cnx200_dashboard:nse_client.py:59] - Fetching historical market data for SWIGGY from 04-09-2025 to 04-09-2026...
[2026-09-04 13:35:52] [INFO] [cnx200_dashboard:nse_client.py:69] - Retrieved 251 price records for SWIGGY.
[2026-09-04 13:35:52] [INFO] [cnx200_dashboard:repositories.py:169] - Bulk upserted 251 price records into daily_prices.
[2026-09-04 13:35:52] [INFO] [cnx200_dashboard:historical_data_service.py:122] - [OK] [172/200] 'SWIGGY' backfill complete: 251 records upserted.
[2026-09-04 13:35:52] [INFO] [cnx200_dashboard:historical_data_service.py:71] - [173/200] Processing historical backfill for symbol 'TATACAP'...
[2026-09-04 13:35:52] [INFO] [cnx200_dashboard:nse_client.py:59] - Fetching historical market data for TATACAP from 04-09-2025 to 04-09-2026...
[2026-09-04 13:35:54] [INFO] [cnx200_dashboard:nse_client.py:69] - Retrieved 224 price records for TATACAP.
[2026-09-04 13:35:54] [INFO] [cnx200_dashboard:repositories.py:169] - Bulk upserted 224 price records into daily_prices.
[2026-09-04 13:35:54] [INFO] [cnx200_dashboard:historical_data_service.py:122] - [OK] [173/200] 'TATACAP' backfill complete: 224 records upserted.
[2026-09-04 13:35:54] [INFO] [cnx200_dashboard:historical_data_service.py:71] - [174/200] Processing historical backfill for symbol 'TATACOMM'...
[2026-09-04 13:35:54] [INFO] [cnx200_dashboard:nse_client.py:59] - Fetching historical market data for TATACOMM from 04-09-2025 to 04-09-2026...
[2026-09-04 13:35:56] [INFO] [cnx200_dashboard:nse_client.py:69] - Retrieved 249 price records for TATACOMM.
[2026-09-04 13:35:56] [INFO] [cnx200_dashboard:repositories.py:169] - Bulk upserted 249 price records into daily_prices.
[2026-09-04 13:35:56] [INFO] [cnx200_dashboard:historical_data_service.py:122] - [OK] [174/200] 'TATACOMM' backfill complete: 249 records upserted.
[2026-09-04 13:35:56] [INFO] [cnx200_dashboard:historical_data_service.py:71] - [175/200] Processing historical backfill for symbol 'TATACONSUM'...
[2026-09-04 13:35:56] [INFO] [cnx200_dashboard:nse_client.py:59] - Fetching historical market data for TATACONSUM from 04-09-2025 to 04-09-2026...
[2026-09-04 13:35:58] [INFO] [cnx200_dashboard:nse_client.py:69] - Retrieved 248 price records for TATACONSUM.
[2026-09-04 13:35:58] [INFO] [cnx200_dashboard:repositories.py:169] - Bulk upserted 248 price records into daily_prices.
[2026-09-04 13:35:58] [INFO] [cnx200_dashboard:historical_data_service.py:122] - [OK] [175/200] 'TATACONSUM' backfill complete: 248 records upserted.
[2026-09-04 13:35:58] [INFO] [cnx200_dashboard:historical_data_service.py:71] - [176/200] Processing historical backfill for symbol 'TATAELXSI'...
[2026-09-04 13:35:58] [INFO] [cnx200_dashboard:nse_client.py:59] - Fetching historical market data for TATAELXSI from 04-09-2025 to 04-09-2026...
[2026-09-04 13:36:00] [INFO] [cnx200_dashboard:nse_client.py:69] - Retrieved 248 price records for TATAELXSI.
[2026-09-04 13:36:00] [INFO] [cnx200_dashboard:repositories.py:169] - Bulk upserted 248 price records into daily_prices.
[2026-09-04 13:36:00] [INFO] [cnx200_dashboard:historical_data_service.py:122] - [OK] [176/200] 'TATAELXSI' backfill complete: 248 records upserted.
[2026-09-04 13:36:00] [INFO] [cnx200_dashboard:historical_data_service.py:71] - [177/200] Processing historical backfill for symbol 'TATAINVEST'...
[2026-09-04 13:36:00] [INFO] [cnx200_dashboard:nse_client.py:59] - Fetching historical market data for TATAINVEST from 04-09-2025 to 04-09-2026...
[2026-09-04 13:36:02] [INFO] [cnx200_dashboard:nse_client.py:69] - Retrieved 248 price records for TATAINVEST.
[2026-09-04 13:36:02] [INFO] [cnx200_dashboard:repositories.py:169] - Bulk upserted 248 price records into daily_prices.
[2026-09-04 13:36:02] [INFO] [cnx200_dashboard:historical_data_service.py:122] - [OK] [177/200] 'TATAINVEST' backfill complete: 248 records upserted.
[2026-09-04 13:36:02] [INFO] [cnx200_dashboard:historical_data_service.py:71] - [178/200] Processing historical backfill for symbol 'TATAPOWER'...
[2026-09-04 13:36:02] [INFO] [cnx200_dashboard:nse_client.py:59] - Fetching historical market data for TATAPOWER from 04-09-2025 to 04-09-2026...
[2026-09-04 13:36:04] [INFO] [cnx200_dashboard:nse_client.py:69] - Retrieved 248 price records for TATAPOWER.
[2026-09-04 13:36:04] [INFO] [cnx200_dashboard:repositories.py:169] - Bulk upserted 248 price records into daily_prices.
[2026-09-04 13:36:04] [INFO] [cnx200_dashboard:historical_data_service.py:122] - [OK] [178/200] 'TATAPOWER' backfill complete: 248 records upserted.
[2026-09-04 13:36:04] [INFO] [cnx200_dashboard:historical_data_service.py:71] - [179/200] Processing historical backfill for symbol 'TATASTEEL'...
[2026-09-04 13:36:04] [INFO] [cnx200_dashboard:nse_client.py:59] - Fetching historical market data for TATASTEEL from 04-09-2025 to 04-09-2026...
[2026-09-04 13:36:08] [INFO] [cnx200_dashboard:nse_client.py:69] - Retrieved 256 price records for TATASTEEL.
[2026-09-04 13:36:08] [INFO] [cnx200_dashboard:repositories.py:169] - Bulk upserted 256 price records into daily_prices.
[2026-09-04 13:36:08] [INFO] [cnx200_dashboard:historical_data_service.py:122] - [OK] [179/200] 'TATASTEEL' backfill complete: 256 records upserted.
[2026-09-04 13:36:08] [INFO] [cnx200_dashboard:historical_data_service.py:71] - [180/200] Processing historical backfill for symbol 'TCS'...
[2026-09-04 13:36:08] [INFO] [cnx200_dashboard:nse_client.py:59] - Fetching historical market data for TCS from 04-09-2025 to 04-09-2026...
[2026-09-04 13:36:10] [INFO] [cnx200_dashboard:nse_client.py:69] - Retrieved 250 price records for TCS.
[2026-09-04 13:36:10] [INFO] [cnx200_dashboard:repositories.py:169] - Bulk upserted 250 price records into daily_prices.
[2026-09-04 13:36:10] [INFO] [cnx200_dashboard:historical_data_service.py:122] - [OK] [180/200] 'TCS' backfill complete: 250 records upserted.
[2026-09-04 13:36:10] [INFO] [cnx200_dashboard:historical_data_service.py:71] - [181/200] Processing historical backfill for symbol 'TECHM'...
[2026-09-04 13:36:10] [INFO] [cnx200_dashboard:nse_client.py:59] - Fetching historical market data for TECHM from 04-09-2025 to 04-09-2026...
[2026-09-04 13:36:16] [INFO] [cnx200_dashboard:nse_client.py:69] - Retrieved 249 price records for TECHM.
[2026-09-04 13:36:16] [INFO] [cnx200_dashboard:repositories.py:169] - Bulk upserted 249 price records into daily_prices.
[2026-09-04 13:36:16] [INFO] [cnx200_dashboard:historical_data_service.py:122] - [OK] [181/200] 'TECHM' backfill complete: 249 records upserted.
[2026-09-04 13:36:16] [INFO] [cnx200_dashboard:historical_data_service.py:71] - [182/200] Processing historical backfill for symbol 'TIINDIA'...
[2026-09-04 13:36:16] [INFO] [cnx200_dashboard:nse_client.py:59] - Fetching historical market data for TIINDIA from 04-09-2025 to 04-09-2026...
[2026-09-04 13:36:18] [INFO] [cnx200_dashboard:nse_client.py:69] - Retrieved 248 price records for TIINDIA.
[2026-09-04 13:36:18] [INFO] [cnx200_dashboard:repositories.py:169] - Bulk upserted 248 price records into daily_prices.
[2026-09-04 13:36:18] [INFO] [cnx200_dashboard:historical_data_service.py:122] - [OK] [182/200] 'TIINDIA' backfill complete: 248 records upserted.
[2026-09-04 13:36:18] [INFO] [cnx200_dashboard:historical_data_service.py:71] - [183/200] Processing historical backfill for symbol 'TITAN'...
[2026-09-04 13:36:18] [INFO] [cnx200_dashboard:nse_client.py:59] - Fetching historical market data for TITAN from 04-09-2025 to 04-09-2026...
[2026-09-04 13:36:20] [INFO] [cnx200_dashboard:nse_client.py:69] - Retrieved 249 price records for TITAN.
[2026-09-04 13:36:20] [INFO] [cnx200_dashboard:repositories.py:169] - Bulk upserted 249 price records into daily_prices.
[2026-09-04 13:36:20] [INFO] [cnx200_dashboard:historical_data_service.py:122] - [OK] [183/200] 'TITAN' backfill complete: 249 records upserted.
[2026-09-04 13:36:20] [INFO] [cnx200_dashboard:historical_data_service.py:71] - [184/200] Processing historical backfill for symbol 'TMCV'...
[2026-09-04 13:36:20] [INFO] [cnx200_dashboard:nse_client.py:59] - Fetching historical market data for TMCV from 04-09-2025 to 04-09-2026...
[2026-09-04 13:36:24] [INFO] [cnx200_dashboard:nse_client.py:69] - Retrieved 204 price records for TMCV.
[2026-09-04 13:36:25] [INFO] [cnx200_dashboard:repositories.py:169] - Bulk upserted 204 price records into daily_prices.
[2026-09-04 13:36:25] [INFO] [cnx200_dashboard:historical_data_service.py:122] - [OK] [184/200] 'TMCV' backfill complete: 204 records upserted.
[2026-09-04 13:36:25] [INFO] [cnx200_dashboard:historical_data_service.py:71] - [185/200] Processing historical backfill for symbol 'TMPV'...
[2026-09-04 13:36:25] [INFO] [cnx200_dashboard:nse_client.py:59] - Fetching historical market data for TMPV from 04-09-2025 to 04-09-2026...
[2026-09-04 13:36:26] [INFO] [cnx200_dashboard:nse_client.py:69] - Retrieved 250 price records for TMPV.
[2026-09-04 13:36:27] [WARNING] [cnx200_dashboard:data_validator.py:95] - Validation failed for record TATAMOTORS (2025-10-23): Symbol 'TATAMOTORS' is not present in stock_master.
[2026-09-04 13:36:27] [WARNING] [cnx200_dashboard:data_validator.py:95] - Validation failed for record TATAMOTORS (2025-10-21): Symbol 'TATAMOTORS' is not present in stock_master.
[2026-09-04 13:36:27] [WARNING] [cnx200_dashboard:data_validator.py:95] - Validation failed for record TATAMOTORS (2025-10-20): Symbol 'TATAMOTORS' is not present in stock_master.
[2026-09-04 13:36:27] [WARNING] [cnx200_dashboard:data_validator.py:95] - Validation failed for record TATAMOTORS (2025-10-17): Symbol 'TATAMOTORS' is not present in stock_master.
[2026-09-04 13:36:27] [WARNING] [cnx200_dashboard:data_validator.py:95] - Validation failed for record TATAMOTORS (2025-10-16): Symbol 'TATAMOTORS' is not present in stock_master.
[2026-09-04 13:36:27] [WARNING] [cnx200_dashboard:data_validator.py:95] - Validation failed for record TATAMOTORS (2025-10-15): Symbol 'TATAMOTORS' is not present in stock_master.
[2026-09-04 13:36:27] [WARNING] [cnx200_dashboard:data_validator.py:95] - Validation failed for record TATAMOTORS (2025-10-14): Symbol 'TATAMOTORS' is not present in stock_master.
[2026-09-04 13:36:27] [WARNING] [cnx200_dashboard:data_validator.py:95] - Validation failed for record TATAMOTORS (2025-10-13): Symbol 'TATAMOTORS' is not present in stock_master.
[2026-09-04 13:36:27] [WARNING] [cnx200_dashboard:data_validator.py:95] - Validation failed for record TATAMOTORS (2025-10-10): Symbol 'TATAMOTORS' is not present in stock_master.
[2026-09-04 13:36:27] [WARNING] [cnx200_dashboard:data_validator.py:95] - Validation failed for record TATAMOTORS (2025-10-09): Symbol 'TATAMOTORS' is not present in stock_master.
[2026-09-04 13:36:27] [WARNING] [cnx200_dashboard:data_validator.py:95] - Validation failed for record TATAMOTORS (2025-10-09): Symbol 'TATAMOTORS' is not present in stock_master.
[2026-09-04 13:36:27] [WARNING] [cnx200_dashboard:data_validator.py:95] - Validation failed for record TATAMOTORS (2025-10-08): Symbol 'TATAMOTORS' is not present in stock_master.
[2026-09-04 13:36:27] [WARNING] [cnx200_dashboard:data_validator.py:95] - Validation failed for record TATAMOTORS (2025-10-07): Symbol 'TATAMOTORS' is not present in stock_master.
[2026-09-04 13:36:27] [WARNING] [cnx200_dashboard:data_validator.py:95] - Validation failed for record TATAMOTORS (2025-10-06): Symbol 'TATAMOTORS' is not present in stock_master.
[2026-09-04 13:36:27] [WARNING] [cnx200_dashboard:data_validator.py:95] - Validation failed for record TATAMOTORS (2025-10-03): Symbol 'TATAMOTORS' is not present in stock_master.
[2026-09-04 13:36:27] [WARNING] [cnx200_dashboard:data_validator.py:95] - Validation failed for record TATAMOTORS (2025-10-01): Symbol 'TATAMOTORS' is not present in stock_master.
[2026-09-04 13:36:27] [WARNING] [cnx200_dashboard:data_validator.py:95] - Validation failed for record TATAMOTORS (2025-09-30): Symbol 'TATAMOTORS' is not present in stock_master.
[2026-09-04 13:36:27] [WARNING] [cnx200_dashboard:data_validator.py:95] - Validation failed for record TATAMOTORS (2025-09-29): Symbol 'TATAMOTORS' is not present in stock_master.
[2026-09-04 13:36:27] [WARNING] [cnx200_dashboard:data_validator.py:95] - Validation failed for record TATAMOTORS (2025-09-26): Symbol 'TATAMOTORS' is not present in stock_master.
[2026-09-04 13:36:27] [WARNING] [cnx200_dashboard:data_validator.py:95] - Validation failed for record TATAMOTORS (2025-09-25): Symbol 'TATAMOTORS' is not present in stock_master.
[2026-09-04 13:36:27] [WARNING] [cnx200_dashboard:data_validator.py:95] - Validation failed for record TATAMOTORS (2025-09-24): Symbol 'TATAMOTORS' is not present in stock_master.
[2026-09-04 13:36:27] [WARNING] [cnx200_dashboard:data_validator.py:95] - Validation failed for record TATAMOTORS (2025-09-23): Symbol 'TATAMOTORS' is not present in stock_master.
[2026-09-04 13:36:27] [WARNING] [cnx200_dashboard:data_validator.py:95] - Validation failed for record TATAMOTORS (2025-09-22): Symbol 'TATAMOTORS' is not present in stock_master.
[2026-09-04 13:36:27] [WARNING] [cnx200_dashboard:data_validator.py:95] - Validation failed for record TATAMOTORS (2025-09-19): Symbol 'TATAMOTORS' is not present in stock_master.
[2026-09-04 13:36:27] [WARNING] [cnx200_dashboard:data_validator.py:95] - Validation failed for record TATAMOTORS (2025-09-18): Symbol 'TATAMOTORS' is not present in stock_master.
[2026-09-04 13:36:27] [WARNING] [cnx200_dashboard:data_validator.py:95] - Validation failed for record TATAMOTORS (2025-09-17): Symbol 'TATAMOTORS' is not present in stock_master.
[2026-09-04 13:36:27] [WARNING] [cnx200_dashboard:data_validator.py:95] - Validation failed for record TATAMOTORS (2025-09-16): Symbol 'TATAMOTORS' is not present in stock_master.
[2026-09-04 13:36:27] [WARNING] [cnx200_dashboard:data_validator.py:95] - Validation failed for record TATAMOTORS (2025-09-15): Symbol 'TATAMOTORS' is not present in stock_master.
[2026-09-04 13:36:27] [WARNING] [cnx200_dashboard:data_validator.py:95] - Validation failed for record TATAMOTORS (2025-09-12): Symbol 'TATAMOTORS' is not present in stock_master.
[2026-09-04 13:36:27] [WARNING] [cnx200_dashboard:data_validator.py:95] - Validation failed for record TATAMOTORS (2025-09-11): Symbol 'TATAMOTORS' is not present in stock_master.
[2026-09-04 13:36:27] [WARNING] [cnx200_dashboard:data_validator.py:95] - Validation failed for record TATAMOTORS (2025-09-10): Symbol 'TATAMOTORS' is not present in stock_master.
[2026-09-04 13:36:27] [WARNING] [cnx200_dashboard:data_validator.py:95] - Validation failed for record TATAMOTORS (2025-09-09): Symbol 'TATAMOTORS' is not present in stock_master.
[2026-09-04 13:36:27] [WARNING] [cnx200_dashboard:data_validator.py:95] - Validation failed for record TATAMOTORS (2025-09-09): Symbol 'TATAMOTORS' is not present in stock_master.
[2026-09-04 13:36:27] [WARNING] [cnx200_dashboard:data_validator.py:95] - Validation failed for record TATAMOTORS (2025-09-08): Symbol 'TATAMOTORS' is not present in stock_master.
[2026-09-04 13:36:27] [WARNING] [cnx200_dashboard:data_validator.py:95] - Validation failed for record TATAMOTORS (2025-09-05): Symbol 'TATAMOTORS' is not present in stock_master.
[2026-09-04 13:36:27] [WARNING] [cnx200_dashboard:data_validator.py:95] - Validation failed for record TATAMOTORS (2025-09-04): Symbol 'TATAMOTORS' is not present in stock_master.
[2026-09-04 13:36:27] [INFO] [cnx200_dashboard:repositories.py:169] - Bulk upserted 214 price records into daily_prices.
[2026-09-04 13:36:27] [INFO] [cnx200_dashboard:historical_data_service.py:122] - [OK] [185/200] 'TMPV' backfill complete: 214 records upserted.
[2026-09-04 13:36:27] [INFO] [cnx200_dashboard:historical_data_service.py:71] - [186/200] Processing historical backfill for symbol 'TORNTPHARM'...
[2026-09-04 13:36:27] [INFO] [cnx200_dashboard:nse_client.py:59] - Fetching historical market data for TORNTPHARM from 04-09-2025 to 04-09-2026...
[2026-09-04 13:36:31] [INFO] [cnx200_dashboard:nse_client.py:69] - Retrieved 248 price records for TORNTPHARM.
[2026-09-04 13:36:31] [INFO] [cnx200_dashboard:repositories.py:169] - Bulk upserted 248 price records into daily_prices.
[2026-09-04 13:36:31] [INFO] [cnx200_dashboard:historical_data_service.py:122] - [OK] [186/200] 'TORNTPHARM' backfill complete: 248 records upserted.
[2026-09-04 13:36:31] [INFO] [cnx200_dashboard:historical_data_service.py:71] - [187/200] Processing historical backfill for symbol 'TRENT'...
[2026-09-04 13:36:31] [INFO] [cnx200_dashboard:nse_client.py:59] - Fetching historical market data for TRENT from 04-09-2025 to 04-09-2026...
[2026-09-04 13:36:34] [INFO] [cnx200_dashboard:nse_client.py:69] - Retrieved 248 price records for TRENT.
[2026-09-04 13:36:34] [INFO] [cnx200_dashboard:repositories.py:169] - Bulk upserted 248 price records into daily_prices.
[2026-09-04 13:36:34] [INFO] [cnx200_dashboard:historical_data_service.py:122] - [OK] [187/200] 'TRENT' backfill complete: 248 records upserted.
[2026-09-04 13:36:34] [INFO] [cnx200_dashboard:historical_data_service.py:71] - [188/200] Processing historical backfill for symbol 'TVSMOTOR'...
[2026-09-04 13:36:34] [INFO] [cnx200_dashboard:nse_client.py:59] - Fetching historical market data for TVSMOTOR from 04-09-2025 to 04-09-2026...
[2026-09-04 13:36:36] [INFO] [cnx200_dashboard:nse_client.py:69] - Retrieved 248 price records for TVSMOTOR.
[2026-09-04 13:36:36] [INFO] [cnx200_dashboard:repositories.py:169] - Bulk upserted 248 price records into daily_prices.
[2026-09-04 13:36:36] [INFO] [cnx200_dashboard:historical_data_service.py:122] - [OK] [188/200] 'TVSMOTOR' backfill complete: 248 records upserted.
[2026-09-04 13:36:36] [INFO] [cnx200_dashboard:historical_data_service.py:71] - [189/200] Processing historical backfill for symbol 'ULTRACEMCO'...
[2026-09-04 13:36:36] [INFO] [cnx200_dashboard:nse_client.py:59] - Fetching historical market data for ULTRACEMCO from 04-09-2025 to 04-09-2026...
[2026-09-04 13:36:38] [INFO] [cnx200_dashboard:nse_client.py:69] - Retrieved 248 price records for ULTRACEMCO.
[2026-09-04 13:36:38] [INFO] [cnx200_dashboard:repositories.py:169] - Bulk upserted 248 price records into daily_prices.
[2026-09-04 13:36:38] [INFO] [cnx200_dashboard:historical_data_service.py:122] - [OK] [189/200] 'ULTRACEMCO' backfill complete: 248 records upserted.
[2026-09-04 13:36:38] [INFO] [cnx200_dashboard:historical_data_service.py:71] - [190/200] Processing historical backfill for symbol 'UNIONBANK'...
[2026-09-04 13:36:38] [INFO] [cnx200_dashboard:nse_client.py:59] - Fetching historical market data for UNIONBANK from 04-09-2025 to 04-09-2026...
[2026-09-04 13:36:42] [INFO] [cnx200_dashboard:nse_client.py:69] - Retrieved 248 price records for UNIONBANK.
[2026-09-04 13:36:42] [INFO] [cnx200_dashboard:repositories.py:169] - Bulk upserted 248 price records into daily_prices.
[2026-09-04 13:36:42] [INFO] [cnx200_dashboard:historical_data_service.py:122] - [OK] [190/200] 'UNIONBANK' backfill complete: 248 records upserted.
[2026-09-04 13:36:42] [INFO] [cnx200_dashboard:historical_data_service.py:71] - [191/200] Processing historical backfill for symbol 'UNITDSPR'...
[2026-09-04 13:36:42] [INFO] [cnx200_dashboard:nse_client.py:59] - Fetching historical market data for UNITDSPR from 04-09-2025 to 04-09-2026...
[2026-09-04 13:36:46] [INFO] [cnx200_dashboard:nse_client.py:69] - Retrieved 248 price records for UNITDSPR.
[2026-09-04 13:36:46] [INFO] [cnx200_dashboard:repositories.py:169] - Bulk upserted 248 price records into daily_prices.
[2026-09-04 13:36:46] [INFO] [cnx200_dashboard:historical_data_service.py:122] - [OK] [191/200] 'UNITDSPR' backfill complete: 248 records upserted.
[2026-09-04 13:36:46] [INFO] [cnx200_dashboard:historical_data_service.py:71] - [192/200] Processing historical backfill for symbol 'UPL'...
[2026-09-04 13:36:46] [INFO] [cnx200_dashboard:nse_client.py:59] - Fetching historical market data for UPL from 04-09-2025 to 04-09-2026...
[2026-09-04 13:36:48] [INFO] [cnx200_dashboard:nse_client.py:69] - Retrieved 248 price records for UPL.
[2026-09-04 13:36:48] [INFO] [cnx200_dashboard:repositories.py:169] - Bulk upserted 248 price records into daily_prices.
[2026-09-04 13:36:48] [INFO] [cnx200_dashboard:historical_data_service.py:122] - [OK] [192/200] 'UPL' backfill complete: 248 records upserted.
[2026-09-04 13:36:48] [INFO] [cnx200_dashboard:historical_data_service.py:71] - [193/200] Processing historical backfill for symbol 'VBL'...
[2026-09-04 13:36:48] [INFO] [cnx200_dashboard:nse_client.py:59] - Fetching historical market data for VBL from 04-09-2025 to 04-09-2026...
[2026-09-04 13:36:49] [INFO] [cnx200_dashboard:connection.py:34] - SQLAlchemy Database Engine initialized successfully.
[2026-09-04 13:36:50] [INFO] [cnx200_dashboard:nse_client.py:69] - Retrieved 252 price records for VBL.
[2026-09-04 13:36:50] [INFO] [cnx200_dashboard:repositories.py:169] - Bulk upserted 252 price records into daily_prices.
[2026-09-04 13:36:50] [INFO] [cnx200_dashboard:historical_data_service.py:122] - [OK] [193/200] 'VBL' backfill complete: 252 records upserted.
[2026-09-04 13:36:50] [INFO] [cnx200_dashboard:historical_data_service.py:71] - [194/200] Processing historical backfill for symbol 'VEDL'...
[2026-09-04 13:36:50] [INFO] [cnx200_dashboard:nse_client.py:59] - Fetching historical market data for VEDL from 04-09-2025 to 04-09-2026...
[2026-09-04 13:36:53] [INFO] [cnx200_dashboard:nse_client.py:69] - Retrieved 252 price records for VEDL.
[2026-09-04 13:36:53] [INFO] [cnx200_dashboard:repositories.py:169] - Bulk upserted 252 price records into daily_prices.
[2026-09-04 13:36:53] [INFO] [cnx200_dashboard:historical_data_service.py:122] - [OK] [194/200] 'VEDL' backfill complete: 252 records upserted.
[2026-09-04 13:36:53] [INFO] [cnx200_dashboard:historical_data_service.py:71] - [195/200] Processing historical backfill for symbol 'VMM'...
[2026-09-04 13:36:53] [INFO] [cnx200_dashboard:nse_client.py:59] - Fetching historical market data for VMM from 04-09-2025 to 04-09-2026...
[2026-09-04 13:36:55] [INFO] [cnx200_dashboard:nse_client.py:69] - Retrieved 249 price records for VMM.
[2026-09-04 13:36:55] [INFO] [cnx200_dashboard:repositories.py:169] - Bulk upserted 249 price records into daily_prices.
[2026-09-04 13:36:55] [INFO] [cnx200_dashboard:historical_data_service.py:122] - [OK] [195/200] 'VMM' backfill complete: 249 records upserted.
[2026-09-04 13:36:55] [INFO] [cnx200_dashboard:historical_data_service.py:71] - [196/200] Processing historical backfill for symbol 'VOLTAS'...
[2026-09-04 13:36:55] [INFO] [cnx200_dashboard:nse_client.py:59] - Fetching historical market data for VOLTAS from 04-09-2025 to 04-09-2026...
[2026-09-04 13:36:57] [INFO] [cnx200_dashboard:nse_client.py:69] - Retrieved 248 price records for VOLTAS.
[2026-09-04 13:36:57] [INFO] [cnx200_dashboard:repositories.py:169] - Bulk upserted 248 price records into daily_prices.
[2026-09-04 13:36:57] [INFO] [cnx200_dashboard:historical_data_service.py:122] - [OK] [196/200] 'VOLTAS' backfill complete: 248 records upserted.
[2026-09-04 13:36:57] [INFO] [cnx200_dashboard:historical_data_service.py:71] - [197/200] Processing historical backfill for symbol 'WAAREEENER'...
[2026-09-04 13:36:57] [INFO] [cnx200_dashboard:nse_client.py:59] - Fetching historical market data for WAAREEENER from 04-09-2025 to 04-09-2026...
[2026-09-04 13:37:01] [INFO] [cnx200_dashboard:nse_client.py:69] - Retrieved 249 price records for WAAREEENER.
[2026-09-04 13:37:02] [INFO] [cnx200_dashboard:repositories.py:169] - Bulk upserted 249 price records into daily_prices.
[2026-09-04 13:37:02] [INFO] [cnx200_dashboard:historical_data_service.py:122] - [OK] [197/200] 'WAAREEENER' backfill complete: 249 records upserted.
[2026-09-04 13:37:02] [INFO] [cnx200_dashboard:historical_data_service.py:71] - [198/200] Processing historical backfill for symbol 'WIPRO'...
[2026-09-04 13:37:02] [INFO] [cnx200_dashboard:nse_client.py:59] - Fetching historical market data for WIPRO from 04-09-2025 to 04-09-2026...
[2026-09-04 13:37:03] [INFO] [cnx200_dashboard:nse_client.py:69] - Retrieved 257 price records for WIPRO.
[2026-09-04 13:37:03] [INFO] [cnx200_dashboard:repositories.py:169] - Bulk upserted 257 price records into daily_prices.
[2026-09-04 13:37:03] [INFO] [cnx200_dashboard:historical_data_service.py:122] - [OK] [198/200] 'WIPRO' backfill complete: 257 records upserted.
[2026-09-04 13:37:03] [INFO] [cnx200_dashboard:historical_data_service.py:71] - [199/200] Processing historical backfill for symbol 'YESBANK'...
[2026-09-04 13:37:03] [INFO] [cnx200_dashboard:nse_client.py:59] - Fetching historical market data for YESBANK from 04-09-2025 to 04-09-2026...
[2026-09-04 13:37:05] [INFO] [cnx200_dashboard:nse_client.py:69] - Retrieved 262 price records for YESBANK.
[2026-09-04 13:37:06] [INFO] [cnx200_dashboard:repositories.py:169] - Bulk upserted 262 price records into daily_prices.
[2026-09-04 13:37:06] [INFO] [cnx200_dashboard:historical_data_service.py:122] - [OK] [199/200] 'YESBANK' backfill complete: 262 records upserted.
[2026-09-04 13:37:06] [INFO] [cnx200_dashboard:historical_data_service.py:71] - [200/200] Processing historical backfill for symbol 'ZYDUSLIFE'...
[2026-09-04 13:37:06] [INFO] [cnx200_dashboard:nse_client.py:59] - Fetching historical market data for ZYDUSLIFE from 04-09-2025 to 04-09-2026...
[2026-09-04 13:37:08] [INFO] [cnx200_dashboard:nse_client.py:69] - Retrieved 248 price records for ZYDUSLIFE.
[2026-09-04 13:37:08] [INFO] [cnx200_dashboard:repositories.py:169] - Bulk upserted 248 price records into daily_prices.
[2026-09-04 13:37:08] [INFO] [cnx200_dashboard:historical_data_service.py:122] - [OK] [200/200] 'ZYDUSLIFE' backfill complete: 248 records upserted.
[2026-09-04 13:37:08] [INFO] [cnx200_dashboard:historical_data_service.py:144] - Historical Backfill Finished. Total Stocks: 200, Success: 200, Failed: 0, Total Records: 49684.
[2026-09-04 13:37:08] [INFO] [cnx200_dashboard:repositories.py:410] - Completed JobRun ID 25 with status 'SUCCESS'.
[2026-09-04 13:39:24] [INFO] [cnx200_dashboard:connection.py:34] - SQLAlchemy Database Engine initialized successfully.
